course_id,title,facility,lat,lng,weekday,start_time,sport,tag_strength,tag_endurance,tag_flex,tag_cardio,tag_power
C0001,,검도장,35.133365,126.879824,,,생활체육,1,1,0,0,0
C0002,,관덕정,35.141896,126.911856,,,국궁,1,0,1,0,0
C0003,,광주광역시장애인국민체육센터,35.133363,126.877827,,,생활체육,1,1,0,0,0
C0004,,광주광역시체육회관,35.133365,126.879824,,,생활체육,1,1,0,0,0
C0005,,광주국제양궁장,35.132344,126.891158,,,양궁,1,0,1,0,0
C0006,,광주실내빙상장,35.133909,126.880628,,,빙상,0,0,0,1,1
C0007,,광주실내수영장,35.133460,126.878242,,,수영,0,1,1,1,0
C0008,,광주여대시립유니버시아드체육관,35.164649,126.798518,,,생활체육,1,1,0,0,0
C0009,,남부대시립국제수영장,35.207401,126.841366,,,수영,0,1,1,1,0
C0010,,모아레포츠타운골프연습장,35.132038,126.879550,,,골프,0,0,1,0,1
C0011,,빛고을노인건강타운(빛고을노인건강타운수영장),35.099420,126.895914,,,수영,0,1,1,1,0
C0012,,빛고을노인건강타운체육관,35.099672,126.897008,,,생활체육,1,1,0,0,0
C0013,,빛고을체육관,35.135226,126.877208,,,생활체육,1,1,0,0,0
C0014,,수완인라인롤러경기장,35.195168,126.820843,,,롤러,0,0,0,1,1
C0015,,염주골프센터,35.135059,126.881641,,,골프,0,0,1,0,1
C0016,,염주씨름장,35.135367,126.878947,,,씨름,1,0,0,0,1
C0017,,염주종합체육관,35.135282,126.878876,,,생활체육,1,1,0,0,0
C0018,,염주테니스장,35.141963,126.874531,,,테니스,0,0,0,1,1
C0019,,염주파크골프장,35.133458,126.880126,,,파크골프,0,0,1,0,0
C0020,,용산정구장,35.117133,126.931625,,,테니스,0,0,0,1,1
C0021,,장애인탁구팀전용훈련장,35.153961,126.837944,,,탁구,0,0,0,1,1
C0022,,전라남도종합체육관,35.045194,126.720573,,,생활체육,1,1,0,0,0
C0023,,전전후테니스장,35.133876,126.879739,,,테니스,0,0,0,1,1
C0024,,중흥정구장,35.168289,126.909238,,,테니스,0,0,0,1,1
C0025,,진월국제테니스장,35.111481,126.902341,,,테니스,0,0,0,1,1
C0026,,첨단대상파크골프장,35.233019,126.866337,,,파크골프,0,0,1,0,0
C0027,,27호 어린이 공원 배드민턴장,37.767272,128.904614,,,배드민턴,0,0,0,1,1
C0028,,6호 어린이공원 배드민턴장,37.768810,128.912482,,,배드민턴,0,0,0,1,1
C0029,,강남축구공원 내 농구장,37.742590,128.906173,,,농구,0,0,0,1,1
C0030,,강릉 아이스아레나,37.779318,128.897079,,,빙상,0,0,0,1,1
C0031,,강릉국민체육센터(국민체육센터(수영장)),37.776978,128.896986,,,수영,0,1,1,1,0
C0032,,강릉궁도장,37.802467,128.859986,,,국궁,1,0,1,0,0
C0033,,강릉실내빙상장,37.773671,128.892537,,,빙상,0,0,0,1,1
C0034,,강릉인공암벽장,37.773679,128.898418,,,클라이밍,1,0,1,0,0
C0035,,강릉테니스장,37.774696,128.896599,,,테니스,0,0,0,1,1
C0036,,강릉파크골프장,37.762471,128.911517,,,파크골프,0,0,1,0,0
C0037,,강문해안 체력단련시설,37.794188,128.919364,,,웨이트,1,1,0,0,0
C0038,,강북복싱체육관,37.873331,128.832190,,,생활체육,1,1,0,0,0
C0039,,강북테니스장,37.873876,128.835908,,,테니스,0,0,0,1,1
C0040,,경포호수변 체력단련시설,37.792572,128.906040,,,웨이트,1,1,0,0,0
C0041,,국민체육센터(강남체육관),37.741457,128.905143,,,생활체육,1,1,0,0,0
C0042,,남산근린공원 배드민턴장,37.746627,128.893523,,,배드민턴,0,0,0,1,1
C0043,,로울러스케이트장,37.772589,128.892891,,,롤러,0,0,0,1,1
C0044,,모산봉 등산로 입구 배드민턴장,37.736728,128.906291,,,배드민턴,0,0,0,1,1
C0045,,반다비체육센터,37.763569,128.869556,,,생활체육,1,1,0,0,0
C0046,,부영1차 배드민턴장,37.761180,128.874887,,,배드민턴,0,0,0,1,1
C0047,,부영2차 건너편 산 위 공원 배드민턴장,37.769712,128.881435,,,배드민턴,0,0,0,1,1
C0048,,북부수영장,37.876635,128.830622,,,수영,0,1,1,1,0
C0049,,생활체육센터,37.773621,128.899011,,,생활체육,1,1,0,0,0
C0050,,스피드스케이팅경기장,37.779073,128.899932,,,빙상,0,0,0,1,1
C0051,,신리천둔치 농구장,37.883199,128.824939,,,농구,0,0,0,1,1
C0052,,아레나수영장,37.779318,128.897079,,,수영,0,1,1,1,0
C0053,,야외로울러스케이트장,37.769991,128.927823,,,롤러,0,0,0,1,1
C0054,,옥천동 농구장,37.755711,128.904107,,,농구,0,0,0,1,1
C0055,,옥천동 배드민턴장,37.755879,128.904322,,,배드민턴,0,0,0,1,1
C0056,,월호평동 체육공원 테니스장,37.736721,128.935572,,,테니스,0,0,0,1,1
C0057,,율곡정,37.874044,128.836680,,,국궁,1,0,1,0,0
C0058,,율곡초 뒤 산 정상 배드민턴장,37.767291,128.880693,,,배드민턴,0,0,0,1,1
C0059,,주문진 중학교 테니스장 뒤편 체육시설,37.879500,128.828622,,,테니스,0,0,0,1,1
C0060,,주문진 파크골프장,37.882795,128.826480,,,파크골프,0,0,1,0,0
C0061,,주문진실내체육관,37.880322,128.829260,,,생활체육,1,1,0,0,0
C0062,,주수천 체육공원 배드민턴장,37.607258,129.035679,,,배드민턴,0,0,0,1,1
C0063,,체력단련시설(거울공원위),37.778108,128.915865,,,웨이트,1,1,0,0,0
C0064,,체력단련시설(된봉),37.782200,128.911303,,,웨이트,1,1,0,0,0
C0065,,체력단련시설(뒷산),37.782018,128.909605,,,웨이트,1,1,0,0,0
C0066,,체력단련시설(봉수대),37.772060,128.901945,,,웨이트,1,1,0,0,0
C0067,,체력단련시설(제17호어린이공원),37.772727,128.914161,,,웨이트,1,1,0,0,0
C0068,,체력단련시설(제19호어린이공원),37.771178,128.917189,,,웨이트,1,1,0,0,0
C0069,,체력단련시설(제2호어린이공원),37.778108,128.915865,,,웨이트,1,1,0,0,0
C0070,,체력단련시설(제3호어린이공원),37.774084,128.911260,,,웨이트,1,1,0,0,0
C0071,,초당동 배드민턴장,37.785586,128.917396,,,배드민턴,0,0,0,1,1
C0072,,튤립공원 내(35호 어린이공원) 배드민턴장,37.766495,128.884500,,,배드민턴,0,0,0,1,1
C0073,,허균·허난설헌기념공원 내 체력단련시설,37.792383,128.909529,,,웨이트,1,1,0,0,0
C0074,,간성테니스장,38.375663,128.463597,,,테니스,0,0,0,1,1
C0075,,거진테니스장,38.442424,128.447232,,,테니스,0,0,0,1,1
C0076,,고성군골프연습장,38.376300,128.465322,,,골프,0,0,1,0,1
C0077,,고성군복합국민체육센터,38.260884,128.557423,,,수영,0,1,1,1,0
C0078,,고성생활체육관,38.376300,128.465322,,,생활체육,1,1,0,0,0
C0079,,고성씨름장,38.374243,128.462447,,,씨름,1,0,0,0,1
C0080,,고성종합체육관,38.376300,128.465322,,,생활체육,1,1,0,0,0
C0081,,국민체육센터(수영장),38.435509,128.452816,,,수영,0,1,1,1,0
C0082,,수성정,38.376623,128.463461,,,국궁,1,0,1,0,0
C0083,,근로자종합복지회관수영장,37.514969,129.105028,,,수영,0,1,1,1,0
C0084,,동덕정,37.516053,129.102238,,,국궁,1,0,1,0,0
C0085,,동해국민체육센터,37.516061,129.102199,,,생활체육,1,1,0,0,0
C0086,,동해종합운동장내농구장,37.516053,129.102238,,,농구,0,0,0,1,1
C0087,,동해종합운동장내배드민턴장,37.516053,129.102238,,,배드민턴,0,0,0,1,1
C0088,,동해체육관,37.516053,129.102238,,,생활체육,1,1,0,0,0
C0089,,두타정,37.479927,129.061343,,,국궁,1,0,1,0,0
C0090,,무릉파크골프장,37.478551,129.056658,,,파크골프,0,0,1,0,0
C0091,,부곡쉼터(부곡골프연습장 뒤)(야외운동기구),37.534952,129.107525,,,골프,0,0,1,0,1
C0092,,인공암벽장,37.516053,129.102238,,,클라이밍,1,0,1,0,0
C0093,,전천파크골프장,37.483555,129.116112,,,파크골프,0,0,1,0,0
C0094,,종합경기장테니스장,37.516053,129.102238,,,테니스,0,0,0,1,1
C0095,,초록정,37.483555,129.116112,,,국궁,1,0,1,0,0
C0096,,해오름스포츠센터,37.488471,129.139687,,,생활체육,1,1,0,0,0
C0097,,해오름스포츠센터 수영장,37.488471,129.139687,,,수영,0,1,1,1,0
C0098,,해오름스포츠센터 테니스장,37.488471,129.139687,,,테니스,0,0,0,1,1
C0099,,광산근로자복지센터,37.232391,129.049694,,,수영,0,1,1,1,0
C0100,,교동테니스장,37.456527,129.171657,,,테니스,0,0,0,1,1
C0101,,도계테니스장,37.255931,129.056882,,,테니스,0,0,0,1,1
C0102,,도계파크골프장,37.252794,129.052956,,,파크골프,0,0,1,0,0
C0103,,미로파크골프장,37.421264,129.117101,,,파크골프,0,0,1,0,0
C0104,,삼척 그라운드골프장,37.434789,129.170235,,,골프,0,0,1,0,1
C0105,,삼척시민체육관,37.459375,129.173940,,,생활체육,1,1,0,0,0
C0106,,삼척시민테니스장,34.791514,126.380798,,,테니스,0,0,0,1,1
C0107,,삼척체육관,37.456527,129.171657,,,생활체육,1,1,0,0,0
C0108,,원덕파크골프장,37.163179,129.341118,,,파크골프,0,0,1,0,0
C0109,,종합사회복지관웰빙센터,37.437486,129.152815,,,수영,0,1,1,1,0
C0110,,죽서정,37.412124,129.168234,,,국궁,1,0,1,0,0
C0111,,해망정,37.172567,129.335342,,,국궁,1,0,1,0,0
C0112,,호산근린공원 테니스장,37.176531,129.338168,,,테니스,0,0,0,1,1
C0113,,설악테니스장,38.160151,128.547598,,,테니스,0,0,0,1,1
C0114,,설화공원 농구장,38.214328,128.569722,,,농구,0,0,0,1,1
C0115,,속초국민체육센터(수영장),38.186559,128.591012,,,수영,0,1,1,1,0
C0116,,속초국민체육센터(헬스장),38.186753,128.590656,,,웨이트,1,1,0,0,0
C0117,,속초시청소년실내체육관,38.192994,128.537695,,,생활체육,1,1,0,0,0
C0118,,속초테니스장,38.213589,128.588778,,,테니스,0,0,0,1,1
C0119,,척산생활체육관,38.186408,128.541528,,,생활체육,1,1,0,0,0
C0120,,청초생활체육관,38.196627,128.577038,,,생활체육,1,1,0,0,0
C0121,,국토정중앙면용하리생활체육공원테니스장,38.109256,128.037044,,,테니스,0,0,0,1,1
C0122,,동면테니스장,38.204301,128.044026,,,테니스,0,0,0,1,1
C0123,,방산면테니스장,38.209971,127.944254,,,테니스,0,0,0,1,1
C0124,,방산면파크골프장,38.212650,127.938061,,,파크골프,0,0,1,0,0
C0125,,양구군국민체육센터 (구 양구국민체육센터),38.106324,127.981514,,,생활체육,1,1,0,0,0
C0126,,양구그라운드골프장,38.096690,127.985427,,,골프,0,0,1,0,1
C0127,,양구문화체육회관,38.108362,127.984387,,,생활체육,1,1,0,0,0
C0128,,양구실내탁구연습장,38.109500,127.986154,,,탁구,0,0,0,1,1
C0129,,양구실내테니스장A,38.117687,127.988802,,,테니스,0,0,0,1,1
C0130,,양구실내테니스장B,38.117465,127.989422,,,테니스,0,0,0,1,1
C0131,,양구인공암벽장,38.127555,127.975918,,,클라이밍,1,0,1,0,0
C0132,,양구제2실내탁구연습장,38.109503,127.986152,,,탁구,0,0,0,1,1
C0133,,양구종합스포츠타운,38.129967,127.995259,,,수영,0,1,1,1,0
C0134,,양구초롱이테니스장,38.116720,127.988463,,,테니스,0,0,0,1,1
C0135,,양구트레이닝센터,38.118431,127.990181,,,웨이트,1,1,0,0,0
C0136,,양록정궁도장,38.113094,127.981691,,,국궁,1,0,1,0,0
C0137,,용하역도워밍업장,38.108948,128.035644,,,생활체육,1,1,0,0,0
C0138,,용하체육관(역도경기장),38.108948,128.035644,,,생활체육,1,1,0,0,0
C0139,,정림리테니스장,38.096692,127.985425,,,테니스,0,0,0,1,1
C0140,,청소년수련관 수영장,38.105341,127.981647,,,수영,0,1,1,1,0
C0141,,퍼블릭골프연습장,38.074899,127.996064,,,골프,0,0,1,0,1
C0142,,한반도섬파크골프장,38.125195,127.976377,,,파크골프,0,0,1,0,0
C0143,,해안정궁도장,38.286306,128.149047,,,국궁,1,0,1,0,0
C0144,,양양국민체육센터,38.080410,128.617051,,,생활체육,1,1,0,0,0
C0145,,양양군 문화복지회관 수영장,38.077017,128.626903,,,수영,0,1,1,1,0
C0146,,양양남대천파크골프장,38.090289,128.637825,,,파크골프,0,0,1,0,0
C0147,,양양다목적체육관,38.079021,128.618613,,,생활체육,1,1,0,0,0
C0148,,양양생활체육센터(탁구장/볼링장),38.078776,128.617826,,,탁구,0,0,0,1,1
C0149,,해오름테니스장,38.108349,128.639213,,,테니스,0,0,0,1,1
C0150,,현남생활체육공원(농구장),37.969248,128.758308,,,농구,0,0,0,1,1
C0151,,현산정,38.076606,128.614154,,,국궁,1,0,1,0,0
C0152,,덕포 테니스장,37.173874,128.474453,,,테니스,0,0,0,1,1
C0153,,상동그라운드골프장,37.128725,128.828657,,,골프,0,0,1,0,1
C0154,,술샘체육관,37.268005,128.271434,,,생활체육,1,1,0,0,0
C0155,,스포츠파크 농구장,37.177470,128.465577,,,농구,0,0,0,1,1
C0156,,스포츠파크 인라인스케이트장,37.178070,128.466996,,,롤러,0,0,0,1,1
C0157,,스포츠파크 전천후테니스장,37.174136,128.459184,,,테니스,0,0,0,1,1
C0158,,스포츠파크 테니스장,37.174187,128.459642,,,테니스,0,0,0,1,1
C0159,,쌍용4리 테니스장,37.180205,128.325159,,,테니스,0,0,0,1,1
C0160,,어울림체육관,0.000000,0.000000,,,생활체육,1,1,0,0,0
C0161,,영월 금호정,37.199580,128.473376,,,국궁,1,0,1,0,0
C0162,,영월골프연습장,37.174951,128.463485,,,골프,0,0,1,0,1
C0163,,영월국민체육센터,37.177786,128.462644,,,수영,0,1,1,1,0
C0164,,영월그라운드골프장,37.176136,128.464132,,,골프,0,0,1,0,1
C0165,,영월실내체육관,37.176957,128.464841,,,생활체육,1,1,0,0,0
C0166,,영월천하장사의집,37.179695,128.475021,,,씨름,1,0,0,0,1
C0167,,영월파크골프장,37.172161,128.454446,,,파크골프,0,0,1,0,0
C0168,,주천둔치 농구장,37.267016,128.270431,,,농구,0,0,0,1,1
C0169,,주천테니스장,37.273535,128.267423,,,테니스,0,0,0,1,1
C0170,,중동면복합체육센터,37.142526,128.679042,,,생활체육,1,1,0,0,0
C0171,,하늘샘체육관,37.177618,128.463474,,,생활체육,1,1,0,0,0
C0172,,국궁장옆운동기구,37.337404,127.945904,,,국궁,1,0,1,0,0
C0173,,동화택지 탁구교실,37.327440,127.830481,,,탁구,0,0,0,1,1
C0174,,문막섬강체육시설,37.305273,127.814760,,,테니스,0,0,0,1,1
C0175,,반곡테니스장,37.331283,127.971997,,,테니스,0,0,0,1,1
C0176,,백운체육관,37.310229,127.917629,,,생활체육,1,1,0,0,0
C0177,,백운테니스장,36.497877,127.265434,,,테니스,0,0,0,1,1
C0178,,신림중농구장,37.229898,128.087938,,,농구,0,0,0,1,1
C0179,,엘리트체육관,37.334855,127.946441,,,생활체육,1,1,0,0,0
C0180,,연세대인조잔디구장,37.274832,127.904328,,,테니스,0,0,0,1,1
C0181,,원주국민체육센터,37.333831,127.946304,,,생활체육,1,1,0,0,0
C0182,,원주남부 복합체육센터,37.339763,127.930120,,,생활체육,1,1,0,0,0
C0183,,원주동부 복합체육센터,37.320129,127.989671,,,생활체육,1,1,0,0,0
C0184,,원주드림체육관,37.360534,127.953622,,,생활체육,1,1,0,0,0
C0185,,원주배드민턴전용경기장,37.333243,127.936285,,,배드민턴,0,0,0,1,1
C0186,,원주시농민문화체육센터,37.313484,127.818132,,,생활체육,1,1,0,0,0
C0187,,원주양궁연습장,37.332263,127.859223,,,양궁,1,0,1,0,0
C0188,,원주양궁장,37.332263,127.859223,,,양궁,1,0,1,0,0
C0189,,원주초등학교농구장,37.347881,127.958847,,,농구,0,0,0,1,1
C0190,,원주테니스장,37.331463,127.859360,,,테니스,0,0,0,1,1
C0191,,일산초교농구장,37.346371,127.942197,,,농구,0,0,0,1,1
C0192,,종합체육관,37.338944,127.941242,,,생활체육,1,1,0,0,0
C0193,,주산리탁구교실,37.399856,127.929644,,,탁구,0,0,0,1,1
C0194,,청소년문화의집농구장,37.352454,127.936865,,,농구,0,0,0,1,1
C0195,,치악교인라인스케이트장,37.341666,127.962121,,,롤러,0,0,0,1,1
C0196,,치악체육관,37.338945,127.941242,,,생활체육,1,1,0,0,0
C0197,,치악테니스장,36.581411,128.741692,,,테니스,0,0,0,1,1
C0198,,치악테니스장옆운동기구,37.339541,127.941394,,,테니스,0,0,0,1,1
C0199,,학봉정(원주궁도장),37.337769,127.942550,,,국궁,1,0,1,0,0
C0200,,혁신체육공원,37.329878,127.998485,,,웨이트,1,1,0,0,0
C0201,,혁신체육공원 테니스장,37.329878,127.998485,,,테니스,0,0,0,1,1
C0202,,흥양천변체육시설,37.383442,127.950687,,,롤러,0,0,0,1,1
C0203,,기린국민체육센터,37.964918,128.319125,,,생활체육,1,1,0,0,0
C0204,,기린국민체육센터 수영장,37.964918,128.319125,,,수영,0,1,1,1,0
C0205,,기린생활체육공원 테니스장,37.948164,128.312848,,,테니스,0,0,0,1,1
C0206,,기린실내체육관,37.948690,128.312205,,,생활체육,1,1,0,0,0
C0207,,남면생활체육공원 체육관,37.964167,128.081952,,,생활체육,1,1,0,0,0
C0208,,남면생활체육공원 테니스장,37.964167,128.081952,,,테니스,0,0,0,1,1
C0209,,상남생활체육공원 체육관,37.869606,128.264110,,,생활체육,1,1,0,0,0
C0210,,상남테니스장,37.871067,128.264861,,,테니스,0,0,0,1,1
C0211,,서화생활체육공원 농구장,38.222368,128.210126,,,농구,0,0,0,1,1
C0212,,서화평화체육관,38.227901,128.209398,,,생활체육,1,1,0,0,0
C0213,,서화평화체육관 테니스장,38.228328,128.209797,,,테니스,0,0,0,1,1
C0214,,원통생활체육공원 궁도장,38.123656,128.195260,,,국궁,1,0,1,0,0
C0215,,원통생활체육공원 체육관,38.124586,128.195148,,,생활체육,1,1,0,0,0
C0216,,원통생활체육공원 테니스장,38.121463,128.197222,,,테니스,0,0,0,1,1
C0217,,원통체육문화센터,38.120097,128.206471,,,생활체육,1,1,0,0,0
C0218,,원통체육문화센터 수영장,38.120097,128.206471,,,수영,0,1,1,1,0
C0219,,인제 하늘내린스포츠센터 수영장,38.061002,128.164907,,,수영,0,1,1,1,0
C0220,,인제그라운드골프장,38.059491,128.164751,,,골프,0,0,1,0,1
C0221,,인제다목적체육관,38.058421,128.165428,,,생활체육,1,1,0,0,0
C0222,,인제실내테니스장,38.058421,128.165428,,,테니스,0,0,0,1,1
C0223,,인제체육관,38.058421,128.165428,,,생활체육,1,1,0,0,0
C0224,,인제테니스장,38.058421,128.165428,,,테니스,0,0,0,1,1
C0225,,고한테니스장,37.218156,128.856197,,,테니스,0,0,0,1,1
C0226,,국민체육센터체육관,37.384407,128.672192,,,생활체육,1,1,0,0,0
C0227,,남면 그라운드골프장,37.269744,128.739996,,,골프,0,0,1,0,1
C0228,,녹송 파크골프장,37.383932,128.668777,,,파크골프,0,0,1,0,0
C0229,,문곡테니스장,37.266780,128.737861,,,테니스,0,0,0,1,1
C0230,,미석정궁도장,37.224454,128.672555,,,국궁,1,0,1,0,0
C0231,,백운정궁도장,37.211264,128.857509,,,국궁,1,0,1,0,0
C0232,,북평그라운드골프장,37.447735,128.672798,,,골프,0,0,1,0,1
C0233,,북평테니스장,37.452420,128.673845,,,테니스,0,0,0,1,1
C0234,,북평파크골프장,37.449511,128.675265,,,파크골프,0,0,1,0,0
C0235,,사북그라운드골프장,37.225727,128.812726,,,골프,0,0,1,0,1
C0236,,신동그라운드골프장,36.497877,127.265434,,,골프,0,0,1,0,1
C0237,,신동테니스장,37.220131,128.671545,,,테니스,0,0,0,1,1
C0238,,아라리정궁도장,37.377058,128.674744,,,국궁,1,0,1,0,0
C0239,,에콜리안 정선 CC 골프연습장,37.222115,128.679458,,,골프,0,0,1,0,1
C0240,,여량테니스장,37.465008,128.724147,,,테니스,0,0,0,1,1
C0241,,임계그라운드 골프장,37.492279,128.863503,,,골프,0,0,1,0,1
C0242,,임계테니스장,37.492374,128.864115,,,테니스,0,0,0,1,1
C0243,,장찬정 궁도장,37.491577,128.863964,,,국궁,1,0,1,0,0
C0244,,정선 테니스장,37.377058,128.674744,,,테니스,0,0,0,1,1
C0245,,정선골프연습장,37.377058,128.674744,,,골프,0,0,1,0,1
C0246,,정선국민체육센터,37.384359,128.672214,,,생활체육,1,1,0,0,0
C0247,,정선국민체육센터 수영장,37.384428,128.672178,,,수영,0,1,1,1,0
C0248,,정선농민문화체육센터,37.494633,128.852716,,,생활체육,1,1,0,0,0
C0249,,정선읍 그라운드 골프장,37.376299,128.665227,,,골프,0,0,1,0,1
C0250,,정선종합경기장실내체육관,37.384359,128.672201,,,생활체육,1,1,0,0,0
C0251,,정선종합경기장테니스장,37.377810,128.674358,,,테니스,0,0,0,1,1
C0252,,증산테니스장,37.251632,128.776681,,,테니스,0,0,0,1,1
C0253,,화암그라운드골프장,37.338398,128.795693,,,골프,0,0,1,0,1
C0254,,화암테니스장,37.348151,128.788339,,,테니스,0,0,0,1,1
C0255,,갈말탁구장,38.149747,127.310486,,,탁구,0,0,0,1,1
C0256,,공설운동장테니스장,38.159186,127.302091,,,테니스,0,0,0,1,1
C0257,,근남테니스장,38.231474,127.473225,,,테니스,0,0,0,1,1
C0258,,금학정,38.201568,127.208952,,,국궁,1,0,1,0,0
C0259,,오지리테니스장,38.185685,127.231251,,,테니스,0,0,0,1,1
C0260,,와수테니스장,38.244859,127.425713,,,테니스,0,0,0,1,1
C0261,,자등테니스장,38.166306,127.413062,,,테니스,0,0,0,1,1
C0262,,철원국민체육센터,38.158642,127.302780,,,생활체육,1,1,0,0,0
C0263,,철원실내체육관,38.161323,127.303209,,,생활체육,1,1,0,0,0
C0264,,철원클라이밍센터,38.158084,127.303494,,,클라이밍,1,0,1,0,0
C0265,,철원탁구장,38.208873,127.224227,,,탁구,0,0,0,1,1
C0266,,철원파크골프장,38.155584,127.302260,,,파크골프,0,0,1,0,0
C0267,,화강탁구장,38.245336,127.426465,,,탁구,0,0,0,1,1
C0268,,공지교 하부 농구장,37.868739,127.724394,,,농구,0,0,0,1,1
C0269,,국민생활관,37.873093,127.728413,,,생활체육,1,1,0,0,0
C0270,,국민생활관 수영장,37.873096,127.728420,,,수영,0,1,1,1,0
C0271,,국민체육센터 수영장,37.862640,127.756665,,,수영,0,1,1,1,0
C0272,,근로자종합복지관 수영장,37.889245,127.743946,,,수영,0,1,1,1,0
C0273,,너울숲공원 농구장,37.894083,127.753008,,,농구,0,0,0,1,1
C0274,,느티나무공원 배드민턴장,37.844064,127.712933,,,배드민턴,0,0,0,1,1
C0275,,반다비 국민체육센터(수영장),37.903007,127.740374,,,수영,0,1,1,1,0
C0276,,반다비 국민체육센터(체육관),37.903007,127.740374,,,생활체육,1,1,0,0,0
C0277,,봄내공원 배드민턴장,37.855743,127.740881,,,배드민턴,0,0,0,1,1
C0278,,봄내체육관,37.885510,127.721592,,,생활체육,1,1,0,0,0
C0279,,서면 파크골프장,37.888110,127.687710,,,파크골프,0,0,1,0,0
C0280,,석사양지공원 배드민턴장,37.862294,127.751106,,,배드민턴,0,0,0,1,1
C0281,,소양강 파크골프장,37.917452,127.747356,,,파크골프,0,0,1,0,0
C0282,,스무숲근린공원 농구장,37.849615,127.744547,,,농구,0,0,0,1,1
C0283,,스무숲근린공원 배드민턴장,37.849615,127.744547,,,배드민턴,0,0,0,1,1
C0284,,언덕공원 배드민턴장,37.858551,127.720168,,,배드민턴,0,0,0,1,1
C0285,,우두공원 배드민턴장,37.910482,127.733541,,,배드민턴,0,0,0,1,1
C0286,,종합체육회관,37.863425,127.755632,,,생활체육,1,1,0,0,0
C0287,,지석공원 농구장,37.851579,127.738537,,,농구,0,0,0,1,1
C0288,,지석공원 배드민턴장,37.851652,127.738011,,,배드민턴,0,0,0,1,1
C0289,,진선1공원 배드민턴장,37.871991,127.757087,,,배드민턴,0,0,0,1,1
C0290,,진선2공원 배드민턴장,37.872010,127.756002,,,배드민턴,0,0,0,1,1
C0291,,춘천국민체육센터(국민체육센터),37.862620,127.756678,,,생활체육,1,1,0,0,0
C0292,,춘천송암스포츠타운 X-게임장(인라인구장),37.856449,127.687874,,,롤러,0,0,0,1,1
C0293,,춘천송암스포츠타운 국궁장(호반정),37.854401,127.694322,,,국궁,1,0,1,0,0
C0294,,춘천송암스포츠타운 빙상장,37.853818,127.687322,,,빙상,0,0,0,1,1
C0295,,춘천송암스포츠타운 실내테니스장,37.852937,127.693218,,,테니스,0,0,0,1,1
C0296,,춘천송암스포츠타운 인공암벽장,37.852811,127.686688,,,클라이밍,1,0,1,0,0
C0297,,춘천송암스포츠타운 테니스장,37.852937,127.693218,,,테니스,0,0,0,1,1
C0298,,충혼공원 농구장,37.860770,127.722928,,,농구,0,0,0,1,1
C0299,,폭포공원 배드민턴장,37.875981,127.753411,,,배드민턴,0,0,0,1,1
C0300,,한숲시티 옆 농구장,37.854486,127.733086,,,농구,0,0,0,1,1
C0301,,호반체육관,37.863861,127.757327,,,생활체육,1,1,0,0,0
C0302,,호반테니스장,37.864566,127.755857,,,테니스,0,0,0,1,1
C0303,,고원체육관,37.133934,129.005915,,,생활체육,1,1,0,0,0
C0304,,근로자종합복지관 헬스장,37.101408,129.006825,,,웨이트,1,1,0,0,0
C0305,,대한체육회태백분촌 체육관,37.154217,128.924771,,,생활체육,1,1,0,0,0
C0306,,백산파크골프장,37.144202,129.032947,,,파크골프,0,0,1,0,0
C0307,,시민테니스장,37.148077,128.993299,,,테니스,0,0,0,1,1
C0308,,실내경기장(드림훈련장),37.135687,129.003280,,,웨이트,1,1,0,0,0
C0309,,씨름장,37.138188,129.002196,,,씨름,1,0,0,0,1
C0310,,연무정,37.152489,128.991849,,,국궁,1,0,1,0,0
C0311,,장성국민체육센터,37.100933,129.008355,,,생활체육,1,1,0,0,0
C0312,,장성실내,37.099350,129.021090,,,골프,0,0,1,0,1
C0313,,장성체육관,37.099306,129.021555,,,생활체육,1,1,0,0,0
C0314,,태백(화전)그라운드골프장,37.178168,128.976534,,,골프,0,0,1,0,1
C0315,,태백국민체육센터,37.162937,128.985292,,,수영,0,1,1,1,0
C0316,,태백스포츠파크 파크골프장,37.201110,128.974027,,,파크골프,0,0,1,0,0
C0317,,태백스포츠파크(테니스장),37.201110,128.974027,,,테니스,0,0,0,1,1
C0318,,(평창)청성골프타운(임대),37.377363,128.385555,,,골프,0,0,1,0,1
C0319,,대관령생활체육관,37.666318,128.705457,,,생활체육,1,1,0,0,0
C0320,,대관령테니스장,37.666716,128.707701,,,테니스,0,0,0,1,1
C0321,,대관정,37.687721,128.699414,,,국궁,1,0,1,0,0
C0322,,대화골프연습장(대화체육공원),37.501665,128.458838,,,골프,0,0,1,0,1
C0323,,대화농구장,37.500462,128.456766,,,농구,0,0,0,1,1
C0324,,대화문화체육관,37.498524,128.456876,,,생활체육,1,1,0,0,0
C0325,,대화테니스장(대화체육공원 내),37.501675,128.458835,,,테니스,0,0,0,1,1
C0326,,대화파크골프장,37.483752,128.460783,,,파크골프,0,0,1,0,0
C0327,,미탄 생활체육 스크린골프센터,37.341980,128.502986,,,골프,0,0,1,0,1
C0328,,미탄실내체육관,37.342766,128.497072,,,생활체육,1,1,0,0,0
C0329,,방림궁도장,37.430768,128.373502,,,국궁,1,0,1,0,0
C0330,,방림다목적체육관(계촌리),37.452517,128.306387,,,생활체육,1,1,0,0,0
C0331,,봉평골프연습장,37.615294,128.382742,,,골프,0,0,1,0,1
C0332,,봉평다목적소규모체육관,37.607532,128.375703,,,생활체육,1,1,0,0,0
C0333,,봉평다목적체육관(탁구장),37.612777,128.377631,,,탁구,0,0,0,1,1
C0334,,봉평메밀꽃체육관(생활체육관),37.615419,128.375125,,,생활체육,1,1,0,0,0
C0335,,봉평무겸정(봉평궁도장),37.619468,128.387200,,,국궁,1,0,1,0,0
C0336,,봉평테니스장,37.615294,128.382742,,,테니스,0,0,0,1,1
C0337,,봉평파크골프장,37.636956,128.395016,,,파크골프,0,0,1,0,0
C0338,,오대정,37.643538,128.543749,,,국궁,1,0,1,0,0
C0339,,용평정,37.605943,128.425999,,,국궁,1,0,1,0,0
C0340,,용평체육공원 파크골프장,37.593796,128.408485,,,파크골프,0,0,1,0,0
C0341,,진부다목적소규모체육관,37.630366,128.554946,,,생활체육,1,1,0,0,0
C0342,,진부테니스장,37.630366,128.554946,,,테니스,0,0,0,1,1
C0343,,청옥정(궁도장),37.343791,128.493495,,,국궁,1,0,1,0,0
C0344,,태화정(대화체육공원),37.501665,128.458838,,,국궁,1,0,1,0,0
C0345,,평창공설테니스장,37.360016,128.392771,,,테니스,0,0,0,1,1
C0346,,평창국민체육센터(체육관),37.360016,128.392771,,,생활체육,1,1,0,0,0
C0347,,평창궁도장,37.371623,128.398937,,,국궁,1,0,1,0,0
C0348,,평창동계훈련센터 체력단련장,37.670557,128.703103,,,웨이트,1,1,0,0,0
C0349,,평창생활체육관,37.358943,128.392774,,,생활체육,1,1,0,0,0
C0350,,평창파크골프장,37.358935,128.383238,,,파크골프,0,0,1,0,0
C0351,,광원리 다목적체육시설,37.834288,128.408501,,,웨이트,1,1,0,0,0
C0352,,굴운리 다목적실,37.736197,127.946912,,,웨이트,1,1,0,0,0
C0353,,남면테니스장,37.627259,127.774839,,,테니스,0,0,0,1,1
C0354,,내면테니스장,37.776182,128.394523,,,테니스,0,0,0,1,1
C0355,,내촌테니스장,37.819059,128.091613,,,테니스,0,0,0,1,1
C0356,,농어촌 복합체육관,37.692199,127.665542,,,웨이트,1,1,0,0,0
C0357,,방내3리 다목적체육시설,37.796540,128.268473,,,웨이트,1,1,0,0,0
C0358,,북방2리 다목적체육관,37.772829,127.874977,,,웨이트,1,1,0,0,0
C0359,,서면 생활체육공원(다목적체육관),37.691483,127.665195,,,생활체육,1,1,0,0,0
C0360,,서석면권역국민체육센터,37.716374,128.180950,,,수영,0,1,1,1,0
C0361,,서석테니스장,37.719404,128.173651,,,테니스,0,0,0,1,1
C0362,,속초2리 다목적실,37.675995,127.946354,,,웨이트,1,1,0,0,0
C0363,,인라인스케이트장(도시산림공원 토리숲 내),37.688742,127.894851,,,롤러,0,0,0,1,1
C0364,,자운2리 다목적체육시설,37.727103,128.357549,,,웨이트,1,1,0,0,0
C0365,,잿골테니스장,37.695815,127.879914,,,테니스,0,0,0,1,1
C0366,,제곡리 다목적체육관,37.647331,127.774307,,,웨이트,1,1,0,0,0
C0367,,청량리 다목적체육시설,37.678078,128.209177,,,웨이트,1,1,0,0,0
C0368,,홍천군 양궁훈련장,37.714134,127.905557,,,양궁,1,0,1,0,0
C0369,,홍천군국민체육센터,37.709081,127.906313,,,생활체육,1,1,0,0,0
C0370,,홍천군국민체육센터 수영장,37.709074,127.906327,,,수영,0,1,1,1,0
C0371,,홍천군민스포츠센터,37.706647,127.907023,,,생활체육,1,1,0,0,0
C0372,,홍천군장애인국민체육센터 수영장,37.706825,127.906483,,,수영,0,1,1,1,0
C0373,,홍천궁도장,37.713708,127.905553,,,국궁,1,0,1,0,0
C0374,,홍천스포츠클라이밍센터,37.709103,127.906177,,,클라이밍,1,0,1,0,0
C0375,,홍천장애인국민체육센터,37.706825,127.906483,,,생활체육,1,1,0,0,0
C0376,,홍천종합체육관,37.708743,127.908231,,,생활체육,1,1,0,0,0
C0377,,홍천테니스장,37.711057,127.906334,,,테니스,0,0,0,1,1
C0378,,홍천학생체육관,37.696552,127.891255,,,생활체육,1,1,0,0,0
C0379,,화전3리 다목적체육시설,37.598589,127.739069,,,웨이트,1,1,0,0,0
C0380,,DMZ체육관,38.209966,127.662528,,,생활체육,1,1,0,0,0
C0381,,간동탁구장,38.063620,127.781302,,,탁구,0,0,0,1,1
C0382,,거례레포츠타운 테니스장,38.083542,127.691078,,,테니스,0,0,0,1,1
C0383,,반다비체육센터,38.056565,127.802666,,,생활체육,1,1,0,0,0
C0384,,붕어섬테니스장,38.100731,127.697067,,,테니스,0,0,0,1,1
C0385,,사내농어촌복합체육회관,38.063248,127.523995,,,생활체육,1,1,0,0,0
C0386,,사내복합체육관,38.072228,127.519186,,,생활체육,1,1,0,0,0
C0387,,사내실내수영장(토마토수영장),38.071165,127.519724,,,수영,0,1,1,1,0
C0388,,사내체육공원 테니스장,38.063748,127.525054,,,테니스,0,0,0,1,1
C0389,,사창골프연습장,38.067349,127.529704,,,골프,0,0,1,0,1
C0390,,화림정,38.093807,127.699842,,,국궁,1,0,1,0,0
C0391,,화천국민문화체육센터,38.105364,127.704211,,,생활체육,1,1,0,0,0
C0392,,화천산천어파크골프장 1구장,38.075547,127.688009,,,파크골프,0,0,1,0,0
C0393,,화천산천어파크골프장 2구장,38.069126,127.688806,,,파크골프,0,0,1,0,0
C0394,,화천생활체육공원 농구장,38.096452,127.702992,,,농구,0,0,0,1,1
C0395,,화천생활체육공원파크골프장,38.093047,127.697790,,,파크골프,0,0,1,0,0
C0396,,화천체육관,38.098469,127.706020,,,생활체육,1,1,0,0,0
C0397,,화천휘트니스센터,38.097699,127.702532,,,웨이트,1,1,0,0,0
C0398,,강림테니스장,37.360214,128.124952,,,테니스,0,0,0,1,1
C0399,,국민체육센터,37.488638,127.975199,,,생활체육,1,1,0,0,0
C0400,,궁도장(태풍정),37.500184,127.962800,,,국궁,1,0,1,0,0
C0401,,둔내(둔방) 파크골프장,37.506491,128.210698,,,파크골프,0,0,1,0,0
C0402,,둔내(우용) 파크골프장,37.496738,128.207856,,,파크골프,0,0,1,0,0
C0403,,둔내복합체육센터,37.516720,128.213712,,,생활체육,1,1,0,0,0
C0404,,둔내종합체육공원인라인장,37.516720,128.213712,,,롤러,0,0,0,1,1
C0405,,둔내테니스장,37.516098,128.215412,,,테니스,0,0,0,1,1
C0406,,문화체육공원테니스장,37.488638,127.975199,,,테니스,0,0,0,1,1
C0407,,섬강테니스장,37.496199,127.983867,,,테니스,0,0,0,1,1
C0408,,우천생활체육공원(테니스경기장),37.458723,128.060387,,,테니스,0,0,0,1,1
C0409,,유동테니스장,37.582682,128.147756,,,테니스,0,0,0,1,1
C0410,,인라인경기장,37.497140,127.990401,,,롤러,0,0,0,1,1
C0411,,청일다목적복지체육센터,37.582175,128.149029,,,생활체육,1,1,0,0,0
C0412,,청일파크골프장,37.568096,128.122995,,,파크골프,0,0,1,0,0
C0413,,탁구전용 생활체육관,37.497191,127.991273,,,탁구,0,0,0,1,1
C0414,,횡성 명품파크골프장,37.469749,128.019513,,,파크골프,0,0,1,0,0
C0415,,횡성 전천파크골프장,37.482941,127.989435,,,파크골프,0,0,1,0,0
C0416,,횡성실내수영장,37.496161,127.989152,,,수영,0,1,1,1,0
C0417,,횡성실내체육관,37.496161,127.989152,,,생활체육,1,1,0,0,0
C0418,,양감면사무소 테니스장,37.081707,126.945437,,,테니스,0,0,0,1,1
C0419,,가평보납정,37.825570,127.503033,,,국궁,1,0,1,0,0
C0420,,가평실내체육관,37.823549,127.506967,,,생활체육,1,1,0,0,0
C0421,,가평조종국민체육센터(조종국민체육센터),37.818408,127.352201,,,생활체육,1,1,0,0,0
C0422,,가평테니스장,37.825878,127.503907,,,테니스,0,0,0,1,1
C0423,,가평파크골프장,37.692382,127.383639,,,파크골프,0,0,1,0,0
C0424,,상면파크골프장,37.806597,127.357657,,,파크골프,0,0,1,0,0
C0425,,엄소리 체력단련시설,37.831441,127.509570,,,웨이트,1,1,0,0,0
C0426,,조종국민체육센터수영장,37.818347,127.352305,,,수영,0,1,1,1,0
C0427,,천안리 체력단련시설,37.831441,127.509570,,,웨이트,1,1,0,0,0
C0428,,청평호반문화체육센터,37.739204,127.424347,,,생활체육,1,1,0,0,0
C0429,,청평호반문화체육센터 수영장,37.739204,127.424347,,,수영,0,1,1,1,0
C0430,,한석봉체육관,37.826397,127.507862,,,생활체육,1,1,0,0,0
C0431,,한석봉체육관 수영장,37.826397,127.507862,,,수영,0,1,1,1,0
C0432,,고양근린공원실내배드민턴장,37.705328,126.900234,,,배드민턴,0,0,0,1,1
C0433,,고양시립테니스장,37.661724,126.844008,,,테니스,0,0,0,1,1
C0434,,관산 다목적구장,37.689222,126.867694,,,생활체육,1,1,0,0,0
C0435,,대화레포츠공원테니스장,37.670416,126.737260,,,테니스,0,0,0,1,1
C0436,,대화배드민턴경기장,37.670416,126.737260,,,배드민턴,0,0,0,1,1
C0437,,덕이배드민턴경기장,37.700341,126.754903,,,배드민턴,0,0,0,1,1
C0438,,마상공원 국궁장,37.660975,126.832910,,,국궁,1,0,1,0,0
C0439,,마상공원 농구장,37.661502,126.833529,,,농구,0,0,0,1,1
C0440,,마상배드민턴장,37.660975,126.832910,,,배드민턴,0,0,0,1,1
C0441,,백석배드민턴장,37.645540,126.794882,,,배드민턴,0,0,0,1,1
C0442,,백양공원 농구장,37.627672,126.835162,,,농구,0,0,0,1,1
C0443,,번데미공원 야외배드민턴장,37.615836,126.830896,,,배드민턴,0,0,0,1,1
C0444,,서정공원 인라인스케이트장,37.618150,126.849840,,,롤러,0,0,0,1,1
C0445,,식사배드민턴경기장,37.685392,126.812213,,,배드민턴,0,0,0,1,1
C0446,,정발산배드민턴경기장,37.662430,126.779844,,,배드민턴,0,0,0,1,1
C0447,,중산제2호근린공원테니스장,37.488907,126.546330,,,테니스,0,0,0,1,1
C0448,,직장 다목적구장,37.655921,126.828367,,,테니스,0,0,0,1,1
C0449,,충장체육시설테니스장,37.607987,126.831299,,,테니스,0,0,0,1,1
C0450,,탄현배드민턴경기장,37.700418,126.769952,,,배드민턴,0,0,0,1,1
C0451,,토당제2근린공원테니스장,37.625932,126.829405,,,테니스,0,0,0,1,1
C0452,,행신공원 농구장,37.618576,126.837822,,,농구,0,0,0,1,1
C0453,,행신배드민턴장,37.614106,126.828353,,,배드민턴,0,0,0,1,1
C0454,,호수공원 농구장(청평지),37.649472,126.768084,,,농구,0,0,0,1,1
C0455,,화수공원 농구장,37.644893,126.834891,,,농구,0,0,0,1,1
C0456,,화정제8호근린공원테니스장,35.507640,129.417636,,,테니스,0,0,0,1,1
C0457,,가라산공원 야외배드민턴장,37.625182,126.841994,,,배드민턴,0,0,0,1,1
C0458,,고양국민체육센터,37.662759,126.843723,,,생활체육,1,1,0,0,0
C0459,,고양문예회관체육관,37.658414,126.831960,,,생활체육,1,1,0,0,0
C0460,,고양어울림누리내 꽃우물수영장,37.649056,126.835367,,,수영,0,1,1,1,0
C0461,,고양어울림누리내 몸과마음닦음터(체육관),37.649056,126.835367,,,생활체육,1,1,0,0,0
C0462,,고양어울림누리내 얼음마루빙상장,37.649056,126.835367,,,빙상,0,0,0,1,1
C0463,,고양장미란체육관,37.629295,126.840177,,,생활체육,1,1,0,0,0
C0464,,난지물재생센터 체육시설,36.497877,127.265434,,,테니스,0,0,0,1,1
C0465,,밥할머니공원 파크골프장,37.647464,126.900009,,,파크골프,0,0,1,0,0
C0466,,삼송 유수지 테니스장,37.641417,126.879209,,,테니스,0,0,0,1,1
C0467,,삼송배드민턴장,37.641419,126.879209,,,배드민턴,0,0,0,1,1
C0468,,성라1배드민턴경기장,37.649211,126.845642,,,배드민턴,0,0,0,1,1
C0469,,성라2배드민턴경기장,37.649211,126.845642,,,배드민턴,0,0,0,1,1
C0470,,성라공원테니스장,37.644310,126.842432,,,테니스,0,0,0,1,1
C0471,,성사다목적체육관,37.662759,126.843723,,,생활체육,1,1,0,0,0
C0472,,성사배드민턴장,37.662759,126.843723,,,배드민턴,0,0,0,1,1
C0473,,신원배드민턴장,37.664518,126.895846,,,배드민턴,0,0,0,1,1
C0474,,지도공원 야외배드민턴장,37.624941,126.826720,,,배드민턴,0,0,0,1,1
C0475,,지도공원배드민턴장,37.621997,126.827198,,,배드민턴,0,0,0,1,1
C0476,,지도인라인경기장,37.624942,126.826719,,,롤러,0,0,0,1,1
C0477,,향동체육공원 농구장,37.596625,126.888720,,,농구,0,0,0,1,1
C0478,,화정파크골프장,37.637836,126.837104,,,파크골프,0,0,1,0,0
C0479,,고양백석체육센터,37.641120,126.795129,,,생활체육,1,1,0,0,0
C0480,,식골배드민턴장,37.670730,126.797123,,,배드민턴,0,0,0,1,1
C0481,,일산올림픽스포츠센터 수영장,37.652610,126.778118,,,수영,0,1,1,1,0
C0482,,일산올림픽스포츠센터 인공암벽장,37.652611,126.778116,,,클라이밍,1,0,1,0,0
C0483,,일산올림픽스포츠센터 종합체육관,37.652610,126.778118,,,생활체육,1,1,0,0,0
C0484,,정발산파크골프장,37.665553,126.779698,,,파크골프,0,0,1,0,0
C0485,,중산배드민턴장,37.691502,126.779899,,,배드민턴,0,0,0,1,1
C0486,,중산파크골프장,37.691502,126.779899,,,파크골프,0,0,1,0,0
C0487,,지영동국궁장,37.722178,126.834180,,,국궁,1,0,1,0,0
C0488,,호수공원 농구장(선인장 옆),37.664447,126.760442,,,농구,0,0,0,1,1
C0489,,환경에너지시설내테니스장,37.643622,126.796188,,,테니스,0,0,0,1,1
C0490,,환경에너지시설농구장,37.643622,126.796188,,,농구,0,0,0,1,1
C0491,,환경에너지시설수영장,37.641119,126.795130,,,수영,0,1,1,1,0
C0492,,가좌배드민턴경기장,37.686197,126.721682,,,배드민턴,0,0,0,1,1
C0493,,고양체육관,37.676422,126.743066,,,수영,0,1,1,1,0
C0494,,대화레포츠공원 농구장,37.669918,126.737099,,,농구,0,0,0,1,1
C0495,,대화실내야구연습장,37.676422,126.743066,,,생활체육,1,1,0,0,0
C0496,,덕이공원 농구장,37.702215,126.755055,,,농구,0,0,0,1,1
C0497,,성저테니스장,37.676422,126.743066,,,테니스,0,0,0,1,1
C0498,,성저파크골프장,37.676422,126.743066,,,파크골프,0,0,1,0,0
C0499,,인공암벽등반경기장,37.679984,126.740482,,,클라이밍,1,0,1,0,0
C0500,,킨텍스 유수지 테니스장,37.663527,126.735066,,,테니스,0,0,0,1,1
C0501,,과천시민회관다목적체육관,37.428191,126.989154,,,생활체육,1,1,0,0,0
C0502,,과천시민회관빙상장,37.428191,126.989154,,,빙상,0,0,0,1,1
C0503,,과천시민회관실내수영장,37.428191,126.989154,,,수영,0,1,1,1,0
C0504,,과천시청소년수련관실내수영장,37.426444,127.000908,,,수영,0,1,1,1,0
C0505,,과천시청소년수련관체육관,37.426444,127.000908,,,생활체육,1,1,0,0,0
C0506,,관문실내체육관,37.441365,126.996348,,,생활체육,1,1,0,0,0
C0507,,관문체육공원테니스장,37.441365,126.996348,,,테니스,0,0,0,1,1
C0508,,문원체육공원테니스장,37.441365,126.996348,,,테니스,0,0,0,1,1
C0509,,자원정화센터 탁구장,37.407652,126.992649,,,탁구,0,0,0,1,1
C0510,,광명골프연습장,37.470235,126.878169,,,골프,0,0,1,0,1
C0511,,광명골프연습장 맞은편,37.469857,126.878918,,,골프,0,0,1,0,1
C0512,,광명국민체육센터,37.486800,126.865646,,,생활체육,1,1,0,0,0
C0513,,광명시민체육관,37.462519,126.871165,,,생활체육,1,1,0,0,0
C0514,,광명역세권인라인장,37.435410,126.889724,,,롤러,0,0,0,1,1
C0515,,광명종합사회복지관,37.480915,126.850475,,,수영,0,1,1,1,0
C0516,,소하인라인장,37.450569,126.886528,,,롤러,0,0,0,1,1
C0517,,시립국궁장,37.461319,126.862251,,,국궁,1,0,1,0,0
C0518,,시립테니스장,37.457554,126.854278,,,테니스,0,0,0,1,1
C0519,,여성비전센터수영장,37.434790,126.880149,,,수영,0,1,1,1,0
C0520,,인공암벽장,37.462520,126.871163,,,클라이밍,1,0,1,0,0
C0521,,경안동 소규모 체육관,37.409800,127.253293,,,생활체육,1,1,0,0,0
C0522,,공설운동장 근린생활형 소규모체육관,37.414946,127.251769,,,생활체육,1,1,0,0,0
C0523,,광주시공설운동장테니스장,37.414946,127.251769,,,테니스,0,0,0,1,1
C0524,,광주시민체육관,37.395602,127.258633,,,생활체육,1,1,0,0,0
C0525,,광주시민체육관 야외농구장,37.395667,127.258552,,,농구,0,0,0,1,1
C0526,,광주시스포츠헬스센터,37.426902,127.254824,,,웨이트,1,1,0,0,0
C0527,,광주시워터파크,37.395065,127.258098,,,수영,0,1,1,1,0
C0528,,노곡어린이공원 야외운동시설,37.304071,127.330640,,,웨이트,1,1,0,0,0
C0529,,능평레포츠시설  인라인스케이트장,37.345986,127.182987,,,롤러,0,0,0,1,1
C0530,,능평배수지 배드민턴장,37.358829,127.169386,,,배드민턴,0,0,0,1,1
C0531,,능평스포츠센터-수영장,37.348942,127.166792,,,수영,0,1,1,1,0
C0532,,능평스포츠센터-체육관,37.348942,127.166792,,,생활체육,1,1,0,0,0
C0533,,다목적체육관(광주시반다비장애인체육센터),37.415007,127.253432,,,생활체육,1,1,0,0,0
C0534,,도척스포츠타운 야외운동시설,37.294750,127.327776,,,웨이트,1,1,0,0,0
C0535,,도척스포츠타운 테니스장,37.293567,127.326881,,,테니스,0,0,0,1,1
C0536,,만선 생활체육공원 테니스장,37.365805,127.402588,,,테니스,0,0,0,1,1
C0537,,송정동소규모체육관,37.414911,127.258705,,,생활체육,1,1,0,0,0
C0538,,수중운동실(광주시반다비장애인체육센터),37.415007,127.253432,,,수영,0,1,1,1,0
C0539,,신현 실내 배드민턴장,37.381300,127.177216,,,배드민턴,0,0,0,1,1
C0540,,신현실내체육관(배드민턴장),37.382138,127.177699,,,배드민턴,0,0,0,1,1
C0541,,양벌동 교량하부 테니스장,37.391546,127.254001,,,테니스,0,0,0,1,1
C0542,,오포생활체육공원 다목적체육관,37.371260,127.244375,,,생활체육,1,1,0,0,0
C0543,,중대 테니스장,37.396492,127.230841,,,테니스,0,0,0,1,1
C0544,,청석공원 인라인스케이트장,37.412735,127.263091,,,롤러,0,0,0,1,1
C0545,,청석공원 파크골프장,37.409872,127.262065,,,파크골프,0,0,1,0,0
C0546,,체력단련실(광주시반다비장애인체육센터),37.415007,127.253432,,,웨이트,1,1,0,0,0
C0547,,초월스포츠타운  씨름장,37.364231,127.316945,,,씨름,1,0,0,0,1
C0548,,초월스포츠타운 테니스장,37.366389,127.315472,,,테니스,0,0,0,1,1
C0549,,태전국민체육센터-생활체육관,37.381369,127.233093,,,생활체육,1,1,0,0,0
C0550,,태전국민체육센터-수영장,37.381369,127.233093,,,수영,0,1,1,1,0
C0551,,퇴촌면 배드민턴장,37.472183,127.306223,,,배드민턴,0,0,0,1,1
C0552,,갈매멀티스포츠센터,37.629925,127.116834,,,생활체육,1,1,0,0,0
C0553,,갈매멀티스포츠센터 수영장,37.629925,127.116834,,,수영,0,1,1,1,0
C0554,,검배체육문화센터,37.598188,127.150862,,,생활체육,1,1,0,0,0
C0555,,구리국민체육센터,37.605081,127.129792,,,생활체육,1,1,0,0,0
C0556,,구리시 궁도장(온달정),37.584115,127.127492,,,국궁,1,0,1,0,0
C0557,,구리시립테니스장,37.586432,127.158445,,,테니스,0,0,0,1,1
C0558,,구리시멀티스포츠센터,37.596163,127.135157,,,생활체육,1,1,0,0,0
C0559,,구리시멀티스포츠센터수영장,37.596163,127.135157,,,수영,0,1,1,1,0
C0560,,구리시청소년수련관,37.603795,127.141800,,,생활체육,1,1,0,0,0
C0561,,구리시체육관,37.595667,127.136461,,,생활체육,1,1,0,0,0
C0562,,구리실내배드민턴장,37.595667,127.136461,,,배드민턴,0,0,0,1,1
C0563,,구리왕숙체육공원테니스장,37.637661,127.147944,,,테니스,0,0,0,1,1
C0564,,구리주민편익시설 (시민스포츠센터),37.588863,127.160054,,,생활체육,1,1,0,0,0
C0565,,구리주민편익시설내수영장,33.286667,126.594251,,,수영,0,1,1,1,0
C0566,,구리청소년수련관수영장,37.603799,127.141807,,,수영,0,1,1,1,0
C0567,,동구하늘공원배드민턴장,37.606258,127.146591,,,배드민턴,0,0,0,1,1
C0568,,아천동 유수지 파크골프장,37.568952,127.120371,,,파크골프,0,0,1,0,0
C0569,,왕숙천 장애인파크골프장,37.594183,127.161863,,,파크골프,0,0,1,0,0
C0570,,인창동 파크골프장,37.622376,127.142389,,,파크골프,0,0,1,0,0
C0571,,군포국민체육센터,37.338763,126.936480,,,생활체육,1,1,0,0,0
C0572,,군포국민체육센터(수영장),37.338763,126.936480,,,수영,0,1,1,1,0
C0573,,군포시노동종합복지관수영장,37.345093,126.936353,,,수영,0,1,1,1,0
C0574,,군포시청소년수련관수영장,37.359783,126.934670,,,수영,0,1,1,1,0
C0575,,그라운드골프장,37.362855,126.933986,,,골프,0,0,1,0,1
C0576,,부곡체육시설 수영장,37.325697,126.942915,,,수영,0,1,1,1,0
C0577,,송정복합체육센터,37.317226,126.924065,,,생활체육,1,1,0,0,0
C0578,,송정복합체육센터(수영장),37.317226,126.924065,,,수영,0,1,1,1,0
C0579,,송죽다목적체육관,37.360903,126.947247,,,생활체육,1,1,0,0,0
C0580,,시민체육광장 제1체육관(다목적),37.354367,126.936454,,,생활체육,1,1,0,0,0
C0581,,시민체육광장 제3체육관(배드민턴전용),37.354367,126.936454,,,배드민턴,0,0,0,1,1
C0582,,시민체육광장(인라인장),37.353755,126.935732,,,롤러,0,0,0,1,1
C0583,,시민체육광장(테니스장),37.354367,126.936454,,,테니스,0,0,0,1,1
C0584,,초막골생태공원 파크골프장,37.350717,126.919910,,,파크골프,0,0,1,0,0
C0585,,태을배드민턴장,37.371152,126.925344,,,배드민턴,0,0,0,1,1
C0586,,걸포다목적체육관,37.634517,126.709502,,,생활체육,1,1,0,0,0
C0587,,고촌도담수영장,37.608556,126.768064,,,수영,0,1,1,1,0
C0588,,고촌파르코스공원테니스장,37.608378,126.766811,,,테니스,0,0,0,1,1
C0589,,구래다목적구장,37.649924,126.634148,,,생활체육,1,1,0,0,0
C0590,,금능정,37.638058,126.706481,,,국궁,1,0,1,0,0
C0591,,김포 솔터 실내테니스장,37.640269,126.648204,,,테니스,0,0,0,1,1
C0592,,김포반다비체육센터,37.656181,126.686586,,,생활체육,1,1,0,0,0
C0593,,김포반다비체육센터 수영장,37.656181,126.686586,,,수영,0,1,1,1,0
C0594,,김포생활체육관,37.640353,126.644905,,,생활체육,1,1,0,0,0
C0595,,김포시농어민문화체육센터,37.685162,126.600949,,,생활체육,1,1,0,0,0
C0596,,김포시실내체육관,37.617517,126.720076,,,생활체육,1,1,0,0,0
C0597,,김포청소년수련원 수영장,37.720804,126.552204,,,수영,0,1,1,1,0
C0598,,김포한강스포츠센터,37.647615,126.638060,,,생활체육,1,1,0,0,0
C0599,,김포한강스포츠센터 수영장,37.647615,126.638060,,,수영,0,1,1,1,0
C0600,,노을체육관,37.604136,126.772688,,,생활체육,1,1,0,0,0
C0601,,대곶문화복지센터,37.649110,126.581959,,,생활체육,1,1,0,0,0
C0602,,대곶문화복지센터 수영장,37.649110,126.581959,,,수영,0,1,1,1,0
C0603,,대호정,37.638528,126.594708,,,국궁,1,0,1,0,0
C0604,,마산다목적구장,37.645927,126.641165,,,생활체육,1,1,0,0,0
C0605,,솔터다목적체육관,37.640600,126.648289,,,생활체육,1,1,0,0,0
C0606,,솔터테니스장,37.640269,126.648204,,,테니스,0,0,0,1,1
C0607,,수안산 그라운드골프장,37.641803,126.588671,,,골프,0,0,1,0,1
C0608,,양곡문화체육센터,37.653516,126.628499,,,생활체육,1,1,0,0,0
C0609,,양곡문화체육센터 수영장,37.653516,126.628499,,,수영,0,1,1,1,0
C0610,,양곡테니스장,37.659885,126.626262,,,테니스,0,0,0,1,1
C0611,,양촌파크골프장,37.609596,126.625460,,,파크골프,0,0,1,0,0
C0612,,전호배드민턴장,37.600024,126.796032,,,배드민턴,0,0,0,1,1
C0613,,종합운동장내테니스장,37.617174,126.719251,,,테니스,0,0,0,1,1
C0614,,태산정,37.724366,126.630123,,,국궁,1,0,1,0,0
C0615,,통진문화회관,37.685577,126.608819,,,생활체육,1,1,0,0,0
C0616,,통진문화회관 수영장,37.685577,126.608819,,,수영,0,1,1,1,0
C0617,,풍무국민체육센터,37.601837,126.729665,,,생활체육,1,1,0,0,0
C0618,,풍무국민체육센터 수영장,37.602400,126.729384,,,수영,0,1,1,1,0
C0619,,풍무체육문화센터,37.602400,126.729384,,,생활체육,1,1,0,0,0
C0620,,가운동 테니스장,37.597002,127.161067,,,테니스,0,0,0,1,1
C0621,,가운푸른물센터 테니스장,37.597171,127.162281,,,테니스,0,0,0,1,1
C0622,,군장리 배드민턴장,37.632563,127.199809,,,배드민턴,0,0,0,1,1
C0623,,금곡동실내체육관,37.632911,127.214639,,,생활체육,1,1,0,0,0
C0624,,금남리 그라운드골프장,37.648716,127.364075,,,골프,0,0,1,0,1
C0625,,남양주시 종합운동장 컨퍼런스장,37.607441,127.176209,,,생활체육,1,1,0,0,0
C0626,,남양주시청소년수련관,37.608937,127.178118,,,생활체육,1,1,0,0,0
C0627,,남양주시청소년수련관수영장,37.608889,127.178280,,,수영,0,1,1,1,0
C0628,,남양주체육문화센터,37.605927,127.177790,,,생활체육,1,1,0,0,0
C0629,,남양주체육문화센터수영장,37.609909,127.175606,,,수영,0,1,1,1,0
C0630,,남양주체육문화센터테니스장,37.605927,127.177790,,,테니스,0,0,0,1,1
C0631,,다목적잔디광장(파크골프장),37.601970,127.151168,,,파크골프,0,0,1,0,0
C0632,,다산멀티스포츠센터,37.616997,127.164105,,,생활체육,1,1,0,0,0
C0633,,덕소4리 농구장,37.587046,127.223064,,,농구,0,0,0,1,1
C0634,,도곡1리 농구장,37.589512,127.244462,,,농구,0,0,0,1,1
C0635,,도농공원 문화체육시설,37.611175,127.152803,,,생활체육,1,1,0,0,0
C0636,,무림정,37.698304,127.165304,,,국궁,1,0,1,0,0
C0637,,묵현리배드민턴장,37.663959,127.292615,,,배드민턴,0,0,0,1,1
C0638,,백봉멀티스포츠센터,37.653137,127.247893,,,생활체육,1,1,0,0,0
C0639,,별내 배수지 다목적체육시설,37.667281,127.127229,,,테니스,0,0,0,1,1
C0640,,별내동 테니스장,37.664270,127.120153,,,테니스,0,0,0,1,1
C0641,,별내동 파크골프장,37.659729,127.121359,,,파크골프,0,0,1,0,0
C0642,,별내면 테니스장,37.697643,127.127982,,,테니스,0,0,0,1,1
C0643,,별내배드민턴장,37.660096,127.123425,,,배드민턴,0,0,0,1,1
C0644,,별내커뮤니티센터,37.654934,127.127036,,,생활체육,1,1,0,0,0
C0645,,별내커뮤니티센터수영장,37.654975,127.127095,,,수영,0,1,1,1,0
C0646,,별내클린센터(별내아이스링크),37.673932,127.112727,,,빙상,0,0,0,1,1
C0647,,부평리배드민턴장,37.732879,127.198387,,,배드민턴,0,0,0,1,1
C0648,,부평리생활체육시설,37.748223,127.199632,,,테니스,0,0,0,1,1
C0649,,북한강 체육공원 테니스장,37.648716,127.364075,,,테니스,0,0,0,1,1
C0650,,송능리 파크골프연습장,37.650264,127.202532,,,파크골프,0,0,1,0,0
C0651,,송천리배드민턴장,37.693439,127.341087,,,배드민턴,0,0,0,1,1
C0652,,약대울 테니스장ABC,37.652585,127.234010,,,테니스,0,0,0,1,1
C0653,,약대울 테니스장DE,37.652655,127.234812,,,테니스,0,0,0,1,1
C0654,,양지리배드민턴장,37.697461,127.201210,,,배드민턴,0,0,0,1,1
C0655,,양지리생활체육공원,37.697634,127.200405,,,테니스,0,0,0,1,1
C0656,,에코-랜드 수영장,37.703541,127.127500,,,수영,0,1,1,1,0
C0657,,오남체육공원 배드민턴장,37.693917,127.197004,,,배드민턴,0,0,0,1,1
C0658,,오남체육문화센터,37.684608,127.209705,,,생활체육,1,1,0,0,0
C0659,,오남체육문화센터수영장,37.692966,127.202227,,,수영,0,1,1,1,0
C0660,,와부실내배드민턴장,37.594216,127.231733,,,배드민턴,0,0,0,1,1
C0661,,와부운동장(농구장),37.594038,127.231960,,,농구,0,0,0,1,1
C0662,,와부체육문화센터,37.585808,127.218019,,,생활체육,1,1,0,0,0
C0663,,와부체육문화센터수영장,37.585808,127.218019,,,수영,0,1,1,1,0
C0664,,월문리 배드민턴장,37.598945,127.240441,,,배드민턴,0,0,0,1,1
C0665,,월문리 생활체육시설,37.589961,127.226216,,,테니스,0,0,0,1,1
C0666,,이패동인공암벽장,37.609133,127.194938,,,클라이밍,1,0,1,0,0
C0667,,인라인스케이트장(왕숙천변),37.603518,127.150368,,,롤러,0,0,0,1,1
C0668,,장현배드민턴장,36.497877,127.265434,,,배드민턴,0,0,0,1,1
C0669,,장현배수지생활체육시설,37.729429,127.187594,,,테니스,0,0,0,1,1
C0670,,조안면 파크골프장,37.565683,127.318832,,,파크골프,0,0,1,0,0
C0671,,지금배수지 테니스장,37.604412,127.171063,,,테니스,0,0,0,1,1
C0672,,진건배드민턴장,37.654670,127.177723,,,배드민턴,0,0,0,1,1
C0673,,진건하수처리장테니스장,37.635412,127.150754,,,테니스,0,0,0,1,1
C0674,,진접체육문화센터,37.727116,127.189710,,,생활체육,1,1,0,0,0
C0675,,진접체육문화센터수영장,37.727116,127.189710,,,수영,0,1,1,1,0
C0676,,차산리배드민턴장,37.632131,127.304681,,,배드민턴,0,0,0,1,1
C0677,,천마정,37.647171,127.129636,,,국궁,1,0,1,0,0
C0678,,청학리배드민턴장,37.702252,127.124634,,,배드민턴,0,0,0,1,1
C0679,,체육공원 1호 테니스장,37.616705,127.148739,,,테니스,0,0,0,1,1
C0680,,체육공원 2호 테니스장,37.627741,127.160121,,,테니스,0,0,0,1,1
C0681,,체육공원1호 배드민턴장,37.616705,127.148739,,,배드민턴,0,0,0,1,1
C0682,,체육공원2호 농구장,37.627741,127.160121,,,농구,0,0,0,1,1
C0683,,퇴계원 테니스장,37.646761,127.150913,,,테니스,0,0,0,1,1
C0684,,퇴계원배드민턴장,37.654890,127.140390,,,배드민턴,0,0,0,1,1
C0685,,퇴계원역 그라운드골프장,37.647993,127.142780,,,골프,0,0,1,0,1
C0686,,평내체육문화센터,37.646823,127.243418,,,생활체육,1,1,0,0,0
C0687,,평내체육문화센터 수영장,37.646823,127.243418,,,수영,0,1,1,1,0
C0688,,평내호평역교량하부체육시설농구장A,37.653233,127.244434,,,농구,0,0,0,1,1
C0689,,평내호평역교량하부체육시설농구장B,37.653233,127.244434,,,농구,0,0,0,1,1
C0690,,풍양 배드민턴장,37.707419,127.158401,,,배드민턴,0,0,0,1,1
C0691,,호평체육문화센터,37.658878,127.242280,,,생활체육,1,1,0,0,0
C0692,,호평체육문화센터수영장,37.658878,127.242280,,,수영,0,1,1,1,0
C0693,,홍유릉배드민턴장,37.622818,127.198674,,,배드민턴,0,0,0,1,1
C0694,,화도 파크골프장,37.634249,127.353358,,,파크골프,0,0,1,0,0
C0695,,화도체육문화센터,37.649610,127.301174,,,생활체육,1,1,0,0,0
C0696,,화도체육문화센터수영장,37.649610,127.301174,,,수영,0,1,1,1,0
C0697,,화도테니스장,37.643037,127.297252,,,테니스,0,0,0,1,1
C0698,,국궁장(동호정) 내 동네체육시설,37.936441,127.057974,,,국궁,1,0,1,0,0
C0699,,동두천 국민체육센터,37.890563,127.092153,,,생활체육,1,1,0,0,0
C0700,,동두천반다비체육센터,37.906451,127.048147,,,생활체육,1,1,0,0,0
C0701,,동두천배드민턴전용구장,37.905857,127.062039,,,배드민턴,0,0,0,1,1
C0702,,동두천시시민회관체육관,37.905264,127.043063,,,생활체육,1,1,0,0,0
C0703,,동호정,37.938247,127.057698,,,국궁,1,0,1,0,0
C0704,,소요생활체육공원테니스장,37.946101,127.057351,,,테니스,0,0,0,1,1
C0705,,소요생활체육관,37.945966,127.057329,,,생활체육,1,1,0,0,0
C0706,,송내파크골프장,37.884672,127.052344,,,파크골프,0,0,1,0,0
C0707,,실내암벽장,37.903482,127.056566,,,클라이밍,1,0,1,0,0
C0708,,종합운동장 인라인스케이트장,37.900732,127.070016,,,롤러,0,0,0,1,1
C0709,,종합운동장테니스장,37.901867,127.070313,,,테니스,0,0,0,1,1
C0710,,청소년문화회관실외수영장,37.905240,127.043948,,,수영,0,1,1,1,0
C0711,,탁구아레나,37.905355,127.054574,,,탁구,0,0,0,1,1
C0712,,고강다목적체육관,37.529084,126.824510,,,생활체육,1,1,0,0,0
C0713,,남부수자원생태공원 테니스장,37.470269,126.827393,,,테니스,0,0,0,1,1
C0714,,복사골공원 테니스장,37.493134,126.774249,,,테니스,0,0,0,1,1
C0715,,복사골스포츠센터,37.494783,126.754214,,,생활체육,1,1,0,0,0
C0716,,복사골스포츠센터 수영장,37.494783,126.754214,,,수영,0,1,1,1,0
C0717,,부천국민체육센터 수영장(부천국민체육센터),37.512757,126.763911,,,수영,0,1,1,1,0
C0718,,부천배드민턴전용체육관,37.475194,126.790437,,,배드민턴,0,0,0,1,1
C0719,,부천배드민턴전용체육관 (운동기구),37.475194,126.790437,,,배드민턴,0,0,0,1,1
C0720,,부천실내테니스장,37.513604,126.762736,,,테니스,0,0,0,1,1
C0721,,부천종합운동장 궁도장,37.500755,126.798574,,,국궁,1,0,1,0,0
C0722,,부천종합운동장 인공암벽장,37.502567,126.799024,,,클라이밍,1,0,1,0,0
C0723,,부천종합운동장 테니스장,37.504880,126.796534,,,테니스,0,0,0,1,1
C0724,,부천체육관,37.513424,126.763166,,,생활체육,1,1,0,0,0
C0725,,부천체육관 인라인스케이트장,37.512757,126.763911,,,롤러,0,0,0,1,1
C0726,,부천체육관 테니스장,37.512757,126.763911,,,테니스,0,0,0,1,1
C0727,,서촌다목적체육관,37.488234,126.748404,,,생활체육,1,1,0,0,0
C0728,,성무정,37.478557,126.784694,,,국궁,1,0,1,0,0
C0729,,성주산생활체육공원 테니스장,37.472528,126.788962,,,테니스,0,0,0,1,1
C0730,,소사1배수지 테니스장,37.469530,126.804109,,,테니스,0,0,0,1,1
C0731,,소사국민체육센터,37.468439,126.798383,,,생활체육,1,1,0,0,0
C0732,,소사국민체육센터 수영장,36.497877,127.265434,,,수영,0,1,1,1,0
C0733,,솔안말 배드민턴장,37.476383,126.771835,,,배드민턴,0,0,0,1,1
C0734,,송내사회체육관,37.482027,126.768909,,,생활체육,1,1,0,0,0
C0735,,역곡공원 배드민턴장,37.488332,126.801949,,,배드민턴,0,0,0,1,1
C0736,,오정레포츠센터,37.529027,126.796500,,,생활체육,1,1,0,0,0
C0737,,오정레포츠센터 배드민턴장,37.529027,126.796500,,,배드민턴,0,0,0,1,1
C0738,,오정레포츠센터 수영장,37.529027,126.796500,,,수영,0,1,1,1,0
C0739,,오정레포츠센터 테니스장,37.529027,126.796500,,,테니스,0,0,0,1,1
C0740,,원미운동장 테니스장,37.498591,126.796420,,,테니스,0,0,0,1,1
C0741,,종합운동장 검도장,37.502567,126.799024,,,생활체육,1,1,0,0,0
C0742,,해그늘체육공원 테니스장,37.500505,126.747366,,,테니스,0,0,0,1,1
C0743,,송내국민체육센터,37.482082,126.769389,,,수영,0,1,1,1,0
C0744,,까치울임시파크골프장,36.497877,127.265434,,,파크골프,0,0,1,0,0
C0745,,부천종합운동장 내 임시 체육시설,37.502194,126.798946,,,파크골프,0,0,1,0,0
C0746,,영상문화단지 임시 파크골프장,37.509073,126.745634,,,파크골프,0,0,1,0,0
C0747,,구미공원 농구장,37.341674,127.119758,,,농구,0,0,0,1,1
C0748,,구미공원 배드민턴장,37.343633,127.120994,,,배드민턴,0,0,0,1,1
C0749,,낙생대공원 배드민턴장,37.385973,127.106335,,,배드민턴,0,0,0,1,1
C0750,,농구장(동막천 시그마2 앞 탄천둔치),37.343065,127.107087,,,농구,0,0,0,1,1
C0751,,농구장(디자인센터 앞 탄천둔치),37.412284,127.122943,,,농구,0,0,0,1,1
C0752,,농구장(매송초등학교 방아교 앞 탄천둔치),37.399579,127.123973,,,농구,0,0,0,1,1
C0753,,농구장(운중천 봇들저류지),37.399304,127.110442,,,농구,0,0,0,1,1
C0754,,농구장(운중천 숯내저류지),37.398180,127.117578,,,농구,0,0,0,1,1
C0755,,농구장(운중천 은하저류지),37.388709,127.087695,,,농구,0,0,0,1,1
C0756,,농구장(이매고등학교 앞 탄천둔치),37.391958,127.122029,,,농구,0,0,0,1,1
C0757,,농구장(정자교 부근 앞 탄천둔치),37.369067,127.109382,,,농구,0,0,0,1,1
C0758,,농구장(제생병원 앞 탄천둔치),37.389815,127.121393,,,농구,0,0,0,1,1
C0759,,농구장(탄천5지하보도 앞 탄천둔치(불곡고)),37.349188,127.120730,,,농구,0,0,0,1,1
C0760,,농구장(태평동 물놀이장 옆 탄천둔치),37.441247,127.119058,,,농구,0,0,0,1,1
C0761,,농구장(황새울교 앞 탄천둔치),37.380065,127.113293,,,농구,0,0,0,1,1
C0762,,단대공원 배드민턴장,37.452073,127.153839,,,배드민턴,0,0,0,1,1
C0763,,단대공원 배드민턴장(논골),37.454134,127.155929,,,배드민턴,0,0,0,1,1
C0764,,단대공원 배드민턴장(산성),37.452127,127.153986,,,배드민턴,0,0,0,1,1
C0765,,대원테니스장,36.119462,128.116624,,,테니스,0,0,0,1,1
C0766,,머내공원 배드민턴장,37.349807,127.104963,,,배드민턴,0,0,0,1,1
C0767,,배드민턴장(매송초등학교 앞),37.403797,127.124516,,,배드민턴,0,0,0,1,1
C0768,,배드민턴장(운중천 봇들저류지),37.399322,127.110826,,,배드민턴,0,0,0,1,1
C0769,,배드민턴장(운중천 은하저류지),37.388709,127.087741,,,배드민턴,0,0,0,1,1
C0770,,복우물어린이공원 배드민턴장,37.455513,127.128097,,,배드민턴,0,0,0,1,1
C0771,,분당정,37.383942,127.154468,,,국궁,1,0,1,0,0
C0772,,산성실내배드민턴장,37.431098,127.139339,,,배드민턴,0,0,0,1,1
C0773,,성남시 파크골프장,37.381786,127.114424,,,파크골프,0,0,1,0,0
C0774,,성남시양궁장,37.444533,127.172278,,,양궁,1,0,1,0,0
C0775,,성남종합운동장 실외인공암벽,37.431600,127.138083,,,클라이밍,1,0,1,0,0
C0776,,성남종합운동장실내체육관,37.431098,127.139339,,,생활체육,1,1,0,0,0
C0777,,성남종합운동장씨름장,37.432620,127.138022,,,씨름,1,0,0,0,1
C0778,,솔바람 어린이공원 배드민턴장,37.415726,127.153787,,,배드민턴,0,0,0,1,1
C0779,,수내인라인스케이트장,37.380735,127.118420,,,롤러,0,0,0,1,1
C0780,,수내테니스장,37.366796,127.127953,,,테니스,0,0,0,1,1
C0781,,야탑테니스장,37.410870,127.122853,,,테니스,0,0,0,1,1
C0782,,양지공원 배드민턴장,37.458004,127.158825,,,배드민턴,0,0,0,1,1
C0783,,양지테니스장,37.462347,127.162546,,,테니스,0,0,0,1,1
C0784,,영장공원 배드민턴장(관리사무소 옆),37.451899,127.138146,,,배드민턴,0,0,0,1,1
C0785,,"영장공원 배드민턴장(동심,샛별)",37.452263,127.138526,,,배드민턴,0,0,0,1,1
C0786,,영장공원 배드민턴장(장수),37.454138,127.145254,,,배드민턴,0,0,0,1,1
C0787,,은행동다목적체육관,37.453980,127.169734,,,생활체육,1,1,0,0,0
C0788,,인라인스케이트장(금곡체육공원 앞 탄천둔치),37.357470,127.110178,,,롤러,0,0,0,1,1
C0789,,인라인스케이트장(돌마교 옆 탄천둔치),37.354607,127.116585,,,롤러,0,0,0,1,1
C0790,,인라인스케이트장(불곡초등학교 앞 탄천둔치),37.342225,127.119206,,,롤러,0,0,0,1,1
C0791,,인라인스케이트장(태평동물놀이장 옆 탄천둔치)),37.444482,127.118396,,,롤러,0,0,0,1,1
C0792,,자혜공원 배드민턴장(망덕),37.450450,127.168144,,,배드민턴,0,0,0,1,1
C0793,,주택공원 배드민턴장,37.356398,127.118664,,,배드민턴,0,0,0,1,1
C0794,,주택공원테니스장,37.355496,127.115570,,,테니스,0,0,0,1,1
C0795,,중앙공원 배드민턴장,37.377044,127.123924,,,배드민턴,0,0,0,1,1
C0796,,탄천스포츠센터,37.408711,127.119526,,,생활체육,1,1,0,0,0
C0797,,탄천스포츠센터 테니스장,37.410413,127.120663,,,테니스,0,0,0,1,1
C0798,,탄천스포츠센터골프연습장,37.408828,127.119571,,,골프,0,0,1,0,1
C0799,,탄천종합운동장 체육회관 수영장,37.409743,127.119736,,,수영,0,1,1,1,0
C0800,,탄천종합운동장체육회관빙상장,37.410413,127.120663,,,빙상,0,0,0,1,1
C0801,,태평테니스장,37.445076,127.118511,,,테니스,0,0,0,1,1
C0802,,판교공원 배드민턴장,37.395922,127.093644,,,배드민턴,0,0,0,1,1
C0803,,판교인공암벽장,37.395841,127.090762,,,클라이밍,1,0,1,0,0
C0804,,화랑공원 배드민턴장,37.396463,127.103877,,,배드민턴,0,0,0,1,1
C0805,,황송테니스장,37.445020,127.172064,,,테니스,0,0,0,1,1
C0806,,희망대 배드민턴장(희망),37.447573,127.151759,,,배드민턴,0,0,0,1,1
C0807,,희망대공원 배드민턴장(수정),37.446642,127.152314,,,배드민턴,0,0,0,1,1
C0808,,희망대테니스장,37.447010,127.150886,,,테니스,0,0,0,1,1
C0809,,구미테니스장,36.497877,127.265434,,,테니스,0,0,0,1,1
C0810,,금곡공원국민체육센터,37.357161,127.109736,,,생활체육,1,1,0,0,0
C0811,,금곡공원국민체육센터 수영장,37.357161,127.109736,,,수영,0,1,1,1,0
C0812,,금곡공원국민체육센터 인공암벽장,37.357161,127.109736,,,클라이밍,1,0,1,0,0
C0813,,금곡공원국민체육센터 헬스장,37.357161,127.109736,,,웨이트,1,1,0,0,0
C0814,,분당야탑청소년수련관수영장,37.410238,127.141862,,,수영,0,1,1,1,0
C0815,,분당야탑청소년수련관체육관,37.410238,127.141862,,,생활체육,1,1,0,0,0
C0816,,분당올림픽스포츠센터 빙상장,37.380869,127.128664,,,빙상,0,0,0,1,1
C0817,,분당올림픽스포츠센터 수영장,37.380869,127.128664,,,수영,0,1,1,1,0
C0818,,분당올림픽스포츠센터 종합체육관,37.380869,127.128664,,,생활체육,1,1,0,0,0
C0819,,분당판교청소년수련관수영장,37.391900,127.090870,,,수영,0,1,1,1,0
C0820,,성남시평생학습관 스포츠센터,37.403968,127.134721,,,수영,0,1,1,1,0
C0821,,정자청소년수련관체육관,37.372760,127.106323,,,생활체육,1,1,0,0,0
C0822,,판교수질복원센터테니스장,37.398219,127.102741,,,테니스,0,0,0,1,1
C0823,,판교스포츠센터수영장,37.397527,127.102699,,,수영,0,1,1,1,0
C0824,,황새울국민체육센터,37.382546,127.116736,,,생활체육,1,1,0,0,0
C0825,,황새울국민체육센터 수영장,37.382546,127.116736,,,수영,0,1,1,1,0
C0826,,황새울국민체육센터 헬스장,37.382546,127.116736,,,웨이트,1,1,0,0,0
C0827,,단대공원 농구장,37.452240,127.152850,,,농구,0,0,0,1,1
C0828,,단대공원 배드민턴장(한마음),37.451483,127.153002,,,배드민턴,0,0,0,1,1
C0829,,수진공원 배드민턴장,37.438907,127.123511,,,배드민턴,0,0,0,1,1
C0830,,영장공원 농구장,37.452366,127.138894,,,농구,0,0,0,1,1
C0831,,영장공원 배드민턴장(성남),37.450501,127.137273,,,배드민턴,0,0,0,1,1
C0832,,희망대공원 농구장,37.446407,127.151766,,,농구,0,0,0,1,1
C0833,,희망대공원 농구장(우레탄),37.446407,127.151766,,,농구,0,0,0,1,1
C0834,,대원공원 농구장,37.433036,127.148503,,,농구,0,0,0,1,1
C0835,,대원공원 배드민턴장(상일),37.433036,127.148503,,,배드민턴,0,0,0,1,1
C0836,,대원공원 배드민턴장(성룡),37.433036,127.148503,,,배드민턴,0,0,0,1,1
C0837,,대원공원 배드민턴장(신성남),37.433036,127.148503,,,배드민턴,0,0,0,1,1
C0838,,대원공원 배드민턴장(제4공영),37.433036,127.148503,,,배드민턴,0,0,0,1,1
C0839,,대원공원 배드민턴장(중원),37.433036,127.148503,,,배드민턴,0,0,0,1,1
C0840,,대원공원 배드민턴장(한성),37.433036,127.148503,,,배드민턴,0,0,0,1,1
C0841,,섬말공원 농구장,37.417625,127.154591,,,농구,0,0,0,1,1
C0842,,섬말공원 배드민턴장,37.417625,127.154591,,,배드민턴,0,0,0,1,1
C0843,,성남종합스포츠센터 골프연습장,36.497877,127.265434,,,골프,0,0,1,0,1
C0844,,성남종합스포츠센터 다목적체육관,36.497877,127.265434,,,생활체육,1,1,0,0,0
C0845,,성남종합스포츠센터 수영장,36.497877,127.265434,,,수영,0,1,1,1,0
C0846,,성남종합스포츠센터 에어로빅/요가장,36.497877,127.265434,,,생활체육,1,1,0,0,0
C0847,,성남종합스포츠센터 인공암벽장,36.497877,127.265434,,,클라이밍,1,0,1,0,0
C0848,,성남종합스포츠센터 헬스장,36.497877,127.265434,,,웨이트,1,1,0,0,0
C0849,,시설녹지대 농구장,37.438909,127.168461,,,농구,0,0,0,1,1
C0850,,시설녹지대 배드민턴장(1),37.438909,127.168461,,,배드민턴,0,0,0,1,1
C0851,,시설녹지대 배드민턴장(2),37.438909,127.168461,,,배드민턴,0,0,0,1,1
C0852,,시설녹지대 배드민턴장(3),37.415843,127.154104,,,배드민턴,0,0,0,1,1
C0853,,시청공원 배드민턴장,37.420177,127.126282,,,배드민턴,0,0,0,1,1
C0854,,여수울공원 배드민턴장,37.421187,127.132456,,,배드민턴,0,0,0,1,1
C0855,,은행공원 농구장,37.454155,127.170557,,,농구,0,0,0,1,1
C0856,,은행공원 배드민턴장,37.454155,127.170557,,,배드민턴,0,0,0,1,1
C0857,,은행공원 배드민턴장(달맞이),37.454155,127.170557,,,배드민턴,0,0,0,1,1
C0858,,이왕이공원 배드민턴장,37.411425,127.162788,,,배드민턴,0,0,0,1,1
C0859,,자혜공원 배드민턴장(신화),37.448850,127.167697,,,배드민턴,0,0,0,1,1
C0860,,중원청소년수련관수영장,37.429925,127.154978,,,수영,0,1,1,1,0
C0861,,중원청소년수련관체육관,37.429925,127.154978,,,생활체육,1,1,0,0,0
C0862,,황송공원 농구장,37.445848,127.170448,,,농구,0,0,0,1,1
C0863,,황송공원 배드민턴장,37.446730,127.168176,,,배드민턴,0,0,0,1,1
C0864,,"황송공원 배드민턴장(황송,까치,금광)",37.445848,127.170448,,,배드민턴,0,0,0,1,1
C0865,,광교씨름전용체육관,37.298014,127.033119,,,씨름,1,0,0,0,1
C0866,,광교체육센터,37.283962,127.051268,,,생활체육,1,1,0,0,0
C0867,,달님 어린이공원 농구장,37.265307,127.084308,,,농구,0,0,0,1,1
C0868,,만석공원테니스장,37.300282,127.001778,,,테니스,0,0,0,1,1
C0869,,매탄공원테니스장,37.268222,127.045413,,,테니스,0,0,0,1,1
C0870,,매화공원 농구장,37.261949,127.049080,,,농구,0,0,0,1,1
C0871,,매화어린이공원 농구장,37.270082,127.040516,,,농구,0,0,0,1,1
C0872,,버드내노인복지관,37.261120,127.011943,,,수영,0,1,1,1,0
C0873,,서호노인복지관,37.278710,126.976041,,,수영,0,1,1,1,0
C0874,,서호체육센터,37.284207,126.986761,,,생활체육,1,1,0,0,0
C0875,,수원시배드민턴전용경기장,37.300747,127.004182,,,배드민턴,0,0,0,1,1
C0876,,수원시양궁장,37.309599,126.972711,,,양궁,1,0,1,0,0
C0877,,수원종합운동장실내체육관,37.298469,127.010372,,,생활체육,1,1,0,0,0
C0878,,숙지다목적체육관,37.283898,126.997573,,,생활체육,1,1,0,0,0
C0879,,여기산공원테니스장,37.283440,126.983496,,,테니스,0,0,0,1,1
C0880,,올림픽공원테니스장,37.261325,127.027800,,,테니스,0,0,0,1,1
C0881,,이의국궁장,37.286101,127.048292,,,국궁,1,0,1,0,0
C0882,,정현중보들 실외테니스장,37.246643,126.990611,,,테니스,0,0,0,1,1
C0883,,팔달노인복지관,37.283997,127.017336,,,수영,0,1,1,1,0
C0884,,풀샘어린이공원 농구장,37.255232,127.042318,,,농구,0,0,0,1,1
C0885,,경기도 유도회관,37.232146,126.972170,,,생활체육,1,1,0,0,0
C0886,,광이재약수터 배드민턴장,37.270012,126.933943,,,배드민턴,0,0,0,1,1
C0887,,권선늘푸른공원 농구장,37.248008,127.040080,,,농구,0,0,0,1,1
C0888,,권선배움마루,37.242918,127.019993,,,수영,0,1,1,1,0
C0889,,권선중앙공원 농구장,37.251858,127.030477,,,농구,0,0,0,1,1
C0890,,권선중앙체육관,37.251858,127.030477,,,생활체육,1,1,0,0,0
C0891,,벌터체육문화센터,37.264122,126.990588,,,생활체육,1,1,0,0,0
C0892,,서수원구운체육관,37.278748,126.975843,,,생활체육,1,1,0,0,0
C0893,,서수원주민편익시설,37.247752,126.972927,,,롤러,0,0,0,1,1
C0894,,서수원칠보체육관,37.276290,126.948311,,,생활체육,1,1,0,0,0
C0895,,솔대공원 농구장,37.236185,126.981726,,,농구,0,0,0,1,1
C0896,,수원시정구장,37.247402,126.970055,,,테니스,0,0,0,1,1
C0897,,오목천공원 농구장,37.241055,126.973141,,,농구,0,0,0,1,1
C0898,,올림픽공원 농구장,37.261023,127.026555,,,농구,0,0,0,1,1
C0899,,일월5호어린이공원 배드민턴장,37.280679,126.972301,,,배드민턴,0,0,0,1,1
C0900,,일월6호어린이공원 농구장,37.278300,126.969998,,,농구,0,0,0,1,1
C0901,,재간령어린이공원 배드민턴장,37.249664,127.014337,,,배드민턴,0,0,0,1,1
C0902,,정현중보들테니스센터,37.247540,126.989627,,,테니스,0,0,0,1,1
C0903,,칠보파크골프장,37.276290,126.948311,,,파크골프,0,0,1,0,0
C0904,,탑동공원 농구장,37.274106,126.973679,,,농구,0,0,0,1,1
C0905,,호매실배수지 테니스장,37.267491,126.933265,,,테니스,0,0,0,1,1
C0906,,광교복합 체육센터,37.282176,127.070198,,,생활체육,1,1,0,0,0
C0907,,광교복합체육센터(빙상장),37.282176,127.070198,,,빙상,0,0,0,1,1
C0908,,광교복합체육센터(수영장),37.282176,127.070198,,,수영,0,1,1,1,0
C0909,,광교스포츠클라이밍장,37.280915,127.065851,,,클라이밍,1,0,1,0,0
C0910,,광교웰빙국민체육센터,37.305033,127.043098,,,생활체육,1,1,0,0,0
C0911,,나촌배수지테니스장,37.262087,127.065879,,,테니스,0,0,0,1,1
C0912,,망포복합체육센터,37.237499,127.050899,,,생활체육,1,1,0,0,0
C0913,,매탄 다목적체육관,37.267825,127.045818,,,생활체육,1,1,0,0,0
C0914,,매탄공원 농구장,37.267825,127.045818,,,농구,0,0,0,1,1
C0915,,반달공원 농구장,37.250874,127.078859,,,농구,0,0,0,1,1
C0916,,벽적골공원 농구장,37.248678,127.061893,,,농구,0,0,0,1,1
C0917,,벽적골공원 배드민턴장,37.248678,127.061893,,,배드민턴,0,0,0,1,1
C0918,,수원체육문화센타,37.257657,127.069083,,,수영,0,1,1,1,0
C0919,,신동수변공원 배드민턴장,37.247408,127.040466,,,배드민턴,0,0,0,1,1
C0920,,연암공원 배드민턴장,37.294502,127.036434,,,배드민턴,0,0,0,1,1
C0921,,연암배수지 테니스장,36.497877,127.265434,,,테니스,0,0,0,1,1
C0922,,영통종합사회복지관,37.250701,127.077181,,,생활체육,1,1,0,0,0
C0923,,영흥체육관,37.260619,127.073085,,,생활체육,1,1,0,0,0
C0924,,푸른어린이공원 농구장,37.259049,127.073950,,,농구,0,0,0,1,1
C0925,,풀잎어린이공원 농구장,37.248520,127.069643,,,농구,0,0,0,1,1
C0926,,한울어린이공원 농구장,37.249435,127.060595,,,농구,0,0,0,1,1
C0927,,혜령공원 배드민턴장,37.288268,127.045235,,,배드민턴,0,0,0,1,1
C0928,,황골공원 농구장,37.266364,127.078593,,,농구,0,0,0,1,1
C0929,,바람어린이공원 배드민턴장,37.301160,126.981976,,,배드민턴,0,0,0,1,1
C0930,,보훈재활체육센터 양궁장,37.297602,127.024596,,,양궁,1,0,1,0,0
C0931,,보훈재활체육센터 종합체육관,37.297602,127.024596,,,생활체육,1,1,0,0,0
C0932,,소정어린이공원 농구장,37.305584,126.999030,,,농구,0,0,0,1,1
C0933,,솔뫼어린이공원 농구장,37.293466,126.986917,,,농구,0,0,0,1,1
C0934,,수원시국민체육센터(구 수원시종합운동장),37.297989,127.011334,,,생활체육,1,1,0,0,0
C0935,,장안구민회관,37.304095,127.010401,,,생활체육,1,1,0,0,0
C0936,,정자 테니스장,37.297665,126.988306,,,테니스,0,0,0,1,1
C0937,,정자공원 농구장,37.297665,126.988306,,,농구,0,0,0,1,1
C0938,,정자어린이공원 농구장,37.295528,127.002567,,,농구,0,0,0,1,1
C0939,,녹색교통회관,37.286279,126.981145,,,수영,0,1,1,1,0
C0940,,반달어린이공원 농구장,37.269673,127.024921,,,농구,0,0,0,1,1
C0941,,반달어린이공원 인라인스케이트장,37.269673,127.024921,,,롤러,0,0,0,1,1
C0942,,서호꽃뫼공원 농구장,37.284207,126.986761,,,농구,0,0,0,1,1
C0943,,서호꽃뫼공원 배드민턴장,37.284207,126.986761,,,배드민턴,0,0,0,1,1
C0944,,수원청소년문화센터,37.273631,127.035011,,,테니스,0,0,0,1,1
C0945,,화서4호어린이공원 농구장,37.280949,126.993645,,,농구,0,0,0,1,1
C0946,,MTV체육시설(농구),37.316646,126.703162,,,농구,0,0,0,1,1
C0947,,거모동 체육시설(배드민턴),37.341324,126.786508,,,배드민턴,0,0,0,1,1
C0948,,거모동 체육시설(테니스),37.341385,126.786309,,,테니스,0,0,0,1,1
C0949,,경기도 검도회관,37.367847,126.736698,,,생활체육,1,1,0,0,0
C0950,,계수동 엘리트 체육관,37.447697,126.806661,,,생활체육,1,1,0,0,0
C0951,,군자교 하부 배드민턴장,37.355855,126.785966,,,배드민턴,0,0,0,1,1
C0952,,금이3교 배드민턴장,37.406873,126.835625,,,배드민턴,0,0,0,1,1
C0953,,능곡 어울림센터 다목적체육관,37.366383,126.815991,,,생활체육,1,1,0,0,0
C0954,,능곡동 농구장,37.365592,126.808281,,,농구,0,0,0,1,1
C0955,,능곡동 테니스장,37.370292,126.815341,,,테니스,0,0,0,1,1
C0956,,능곡동중앙공원 그라운드골프장,37.367974,126.813803,,,골프,0,0,1,0,1
C0957,,능곡어울림센터 수영장,37.366420,126.815946,,,수영,0,1,1,1,0
C0958,,능곡어울림센터 체력단련실,37.366420,126.815946,,,웨이트,1,1,0,0,0
C0959,,다니생활체육관,37.375075,126.857071,,,생활체육,1,1,0,0,0
C0960,,다니체육공원 농구장,37.375075,126.857071,,,농구,0,0,0,1,1
C0961,,다니체육공원 배드민턴장,37.375075,126.857071,,,배드민턴,0,0,0,1,1
C0962,,다니체육공원 파크골프장,37.375075,126.857071,,,파크골프,0,0,1,0,0
C0963,,대야동 배드민턴장,37.457579,126.787498,,,배드민턴,0,0,0,1,1
C0964,,대야동 인공암벽장,37.448506,126.784694,,,클라이밍,1,0,1,0,0
C0965,,매화1 체육공원 테니스장,37.415960,126.822778,,,테니스,0,0,0,1,1
C0966,,목감2어울림센터 다목적체육관,37.372212,126.851362,,,생활체육,1,1,0,0,0
C0967,,목감2어울림센터 수영장,37.372212,126.851362,,,수영,0,1,1,1,0
C0968,,방산 공영차고지 테니스장,37.429847,126.779266,,,테니스,0,0,0,1,1
C0969,,산들공원 배드민턴장,37.346432,126.780788,,,배드민턴,0,0,0,1,1
C0970,,산현공원 체육시설(인라인장),37.373692,126.850764,,,롤러,0,0,0,1,1
C0971,,세미체육공원 농구장,37.377433,126.857473,,,농구,0,0,0,1,1
C0972,,세미체육공원 배드민턴장,37.377433,126.857473,,,배드민턴,0,0,0,1,1
C0973,,소래정,37.422285,126.768197,,,국궁,1,0,1,0,0
C0974,,시흥국민체육센터 수영장,37.391506,126.805344,,,수영,0,1,1,1,0
C0975,,시흥국민체육센터 체력단련장,37.391504,126.805347,,,웨이트,1,1,0,0,0
C0976,,시흥국민체육센터(구 시흥국민체육센터 다목적체육관),37.391506,126.805344,,,생활체육,1,1,0,0,0
C0977,,시흥시청소년수련관 수영장,37.446043,126.796906,,,수영,0,1,1,1,0
C0978,,시흥시체육관,37.447714,126.784836,,,생활체육,1,1,0,0,0
C0979,,시흥어울림국민체육센터 다목적체육관,37.348354,126.740958,,,생활체육,1,1,0,0,0
C0980,,시흥어울림국민체육센터 수영장,37.348354,126.740958,,,수영,0,1,1,1,0
C0981,,시흥어울림국민체육센터 장애인체력단련실,37.348222,126.741285,,,웨이트,1,1,0,0,0
C0982,,시흥정,37.355966,126.712287,,,국궁,1,0,1,0,0
C0983,,신천동 체육시설(농구),37.435003,126.775332,,,농구,0,0,0,1,1
C0984,,신현교육훈련관,37.407349,126.788203,,,생활체육,1,1,0,0,0
C0985,,옥구공원(농구장),37.354522,126.709913,,,농구,0,0,0,1,1
C0986,,월곶에코피아 수영장,37.396408,126.750981,,,수영,0,1,1,1,0
C0987,,월곶에코피아(인라인장),37.396164,126.751775,,,롤러,0,0,0,1,1
C0988,,월곶역 하부 체육시설 생활체육관,37.392403,126.741938,,,생활체육,1,1,0,0,0
C0989,,은계 배드민턴장,37.441371,126.812644,,,배드민턴,0,0,0,1,1
C0990,,은계 수변공원3호 파크골프장,37.430962,126.803550,,,파크골프,0,0,1,0,0
C0991,,은계어울림센터1 수영장,0.000000,0.000000,,,수영,0,1,1,1,0
C0992,,장곡동농구장,37.381128,126.782538,,,농구,0,0,0,1,1
C0993,,장곡문화체육센터,37.377579,126.782973,,,생활체육,1,1,0,0,0
C0994,,정왕4동그라운드골프장,37.368552,126.739287,,,골프,0,0,1,0,1
C0995,,정왕동 전용배드민턴장,37.339599,126.757073,,,배드민턴,0,0,0,1,1
C0996,,정왕동 전용탁구장,37.339780,126.757655,,,탁구,0,0,0,1,1
C0997,,정왕동 체육공원(테니스장),37.339599,126.757073,,,테니스,0,0,0,1,1
C0998,,정왕평생학습관 수영장,37.347837,126.740465,,,수영,0,1,1,1,0
C0999,,중앙공원(농구),37.347995,126.735617,,,농구,0,0,0,1,1
C1000,,중앙공원(인라인장),37.347846,126.735736,,,롤러,0,0,0,1,1
C1001,,중앙정(장현동 국궁장),37.376033,126.801796,,,국궁,1,0,1,0,0
C1002,,체육공원1호 파크골프장,37.384111,126.802148,,,파크골프,0,0,1,0,0
C1003,,포동 배드민턴장,37.407346,126.774018,,,배드민턴,0,0,0,1,1
C1004,,포동 생활체육공원(인라인),37.403881,126.784578,,,롤러,0,0,0,1,1
C1005,,함송 생활체육관,37.362452,126.725699,,,생활체육,1,1,0,0,0
C1006,,희망공원 파크골프장,37.337077,126.714720,,,파크골프,0,0,1,0,0
C1007,,희망공원테니스장,37.335933,126.715049,,,테니스,0,0,0,1,1
C1008,,감골시민홀체육관,37.293379,126.855940,,,생활체육,1,1,0,0,0
C1009,,구룡체육관,35.150801,128.693821,,,생활체육,1,1,0,0,0
C1010,,반다비 체육문화센터,37.326122,126.827464,,,생활체육,1,1,0,0,0
C1011,,백운공원 배드민턴장,37.318122,126.802616,,,배드민턴,0,0,0,1,1
C1012,,부곡생활체육관,37.543479,129.084504,,,생활체육,1,1,0,0,0
C1013,,성호공원 롤러스케이트장,37.314663,126.859714,,,롤러,0,0,0,1,1
C1014,,수암꿈나무테니스장,37.349432,126.872812,,,테니스,0,0,0,1,1
C1015,,시립호수테니스장,37.389189,126.688541,,,테니스,0,0,0,1,1
C1016,,안산골프연습장,37.320334,126.803378,,,골프,0,0,1,0,1
C1017,,와동배드민턴경기장,36.402020,127.428493,,,배드민턴,0,0,0,1,1
C1018,,와동체육관,37.340549,126.818885,,,생활체육,1,1,0,0,0
C1019,,원시생활체육관,37.304444,126.788661,,,생활체육,1,1,0,0,0
C1020,,월성테니스장,37.337715,126.852556,,,테니스,0,0,0,1,1
C1021,,중앙공원 배드민턴장,37.325543,126.830206,,,배드민턴,0,0,0,1,1
C1022,,중앙배드민턴경기장,37.326695,126.832336,,,배드민턴,0,0,0,1,1
C1023,,광덕정,37.318463,126.807029,,,국궁,1,0,1,0,0
C1024,,대부동복지체육센터,37.254882,126.602173,,,생활체육,1,1,0,0,0
C1025,,대부동복지체육센터수영장,37.254882,126.602173,,,수영,0,1,1,1,0
C1026,,대부동복지체육센터테니스장,37.254882,126.602173,,,테니스,0,0,0,1,1
C1027,,둔배미체육관,37.310733,126.816298,,,생활체육,1,1,0,0,0
C1028,,둔배비체육관,37.310733,126.816298,,,생활체육,1,1,0,0,0
C1029,,땟골 테니스장,37.336917,126.793104,,,테니스,0,0,0,1,1
C1030,,띠골스포츠센터,37.336917,126.793104,,,생활체육,1,1,0,0,0
C1031,,선부다목적체육관,37.340935,126.804925,,,생활체육,1,1,0,0,0
C1032,,신길공원파크골프장,37.331642,126.755470,,,파크골프,0,0,1,0,0
C1033,,신길수영장,37.337419,126.777704,,,수영,0,1,1,1,0
C1034,,안산 올림픽기념국민생활관,37.326287,126.828189,,,생활체육,1,1,0,0,0
C1035,,안산선부다목적체육관수영장,37.340935,126.804925,,,수영,0,1,1,1,0
C1036,,안산올림픽실내수영장,37.326287,126.828189,,,수영,0,1,1,1,0
C1037,,올림픽기념국민생활관테니스장,37.326286,126.828189,,,테니스,0,0,0,1,1
C1038,,원시테니스장,37.304173,126.787875,,,테니스,0,0,0,1,1
C1039,,인공암벽등반장,37.325674,126.813771,,,클라이밍,1,0,1,0,0
C1040,,호수공원인라인장,37.306903,126.822643,,,롤러,0,0,0,1,1
C1041,,호수체육관,37.309079,126.824569,,,생활체육,1,1,0,0,0
C1042,,각골체육관,37.292583,126.875199,,,생활체육,1,1,0,0,0
C1043,,각골테니스장,37.292581,126.875198,,,테니스,0,0,0,1,1
C1044,,반월정,37.290342,126.873124,,,국궁,1,0,1,0,0
C1045,,상록수체육관,37.300955,126.868576,,,생활체육,1,1,0,0,0
C1046,,성포생활체육관,37.326960,126.848018,,,생활체육,1,1,0,0,0
C1047,,성호체육문화센터,37.309640,126.866811,,,생활체육,1,1,0,0,0
C1048,,시랑생활체육관,37.334107,126.855393,,,생활체육,1,1,0,0,0
C1049,,안산 생존누리 수영장,37.302109,126.830078,,,수영,0,1,1,1,0
C1050,,안산호수공원실내수영장 구(안산호수공원 국민체육센터(실내수영장)),37.302109,126.830078,,,수영,0,1,1,1,0
C1051,,월피체육문화센터,37.334107,126.855393,,,생활체육,1,1,0,0,0
C1052,,장화체육관,37.276886,126.847576,,,생활체육,1,1,0,0,0
C1053,,장화테니스장,37.276886,126.847576,,,테니스,0,0,0,1,1
C1054,,점섬체육관,37.320337,126.858028,,,생활체육,1,1,0,0,0
C1055,,창말체육관,37.308609,126.906565,,,생활체육,1,1,0,0,0
C1056,,가사어린이공원(농구장),37.012028,127.291069,,,농구,0,0,0,1,1
C1057,,고삼테니스장,37.075394,127.262117,,,테니스,0,0,0,1,1
C1058,,공도 대림테니스장,37.017239,127.201974,,,테니스,0,0,0,1,1
C1059,,금광테니스장,36.998555,127.314651,,,테니스,0,0,0,1,1
C1060,,"낙원역사공원(농구장, 배드민턴장)",37.005364,127.273240,,,농구,0,0,0,1,1
C1061,,"내혜홀광장(농구장, 배드민턴장)",37.008759,127.264141,,,농구,0,0,0,1,1
C1062,,농협물류단지공원(테니스장),36.968495,127.249199,,,테니스,0,0,0,1,1
C1063,,동부지역 생활체육공원(테니스장),37.076700,127.378411,,,테니스,0,0,0,1,1
C1064,,"만정유적공원(인라인, 농구장)",37.006686,127.173202,,,롤러,0,0,0,1,1
C1065,,비봉산체육관(헬스장),37.016886,127.277356,,,웨이트,1,1,0,0,0
C1066,,서안성체육센터,37.008012,127.167655,,,생활체육,1,1,0,0,0
C1067,,서안성체육센터(수영장),37.008012,127.167655,,,수영,0,1,1,1,0
C1068,,신건지소공원(복싱장),37.016081,127.247857,,,생활체육,1,1,0,0,0
C1069,,신건지소공원(테니스장),37.016053,127.247898,,,테니스,0,0,0,1,1
C1070,,아양1근린공원(테니스장),37.004907,127.251112,,,테니스,0,0,0,1,1
C1071,,아양근린공원 파크골프장(9홀),37.003757,127.251204,,,파크골프,0,0,1,0,0
C1072,,"안성맞춤공감센터 내 체육시설(탁구장, 다목적체육관))",37.004354,127.274492,,,탁구,0,0,0,1,1
C1073,,안성맞춤배드민턴구장,37.012029,127.329085,,,배드민턴,0,0,0,1,1
C1074,,안성맞춤소프트테니스구장,37.013214,127.327858,,,테니스,0,0,0,1,1
C1075,,안성맞춤실내체육관,37.013592,127.329768,,,생활체육,1,1,0,0,0
C1076,,안성맞춤테니스구장,37.013214,127.327858,,,테니스,0,0,0,1,1
C1077,,안성수영국민체육센터,37.011396,127.268375,,,수영,0,1,1,1,0
C1078,,안성시국민체육센터(수영장),37.012901,127.329036,,,수영,0,1,1,1,0
C1079,,"안성시국민체육센터(헬스장, 다목적실)",37.012901,127.329036,,,웨이트,1,1,0,0,0
C1080,,안성시궁도장,37.095113,127.201426,,,국궁,1,0,1,0,0
C1081,,안성시농민문화체육센터,37.094218,127.475152,,,생활체육,1,1,0,0,0
C1082,,일죽테니스장,37.094218,127.475152,,,테니스,0,0,0,1,1
C1083,,주은청설아파트 상가 내 탁구장,37.014035,127.267108,,,탁구,0,0,0,1,1
C1084,,"큰숲너른마당(농구장, 배드민턴장)",37.013831,127.202716,,,농구,0,0,0,1,1
C1085,,퇴미2호공원(배드민턴),36.999019,127.178856,,,배드민턴,0,0,0,1,1
C1086,,현수동 마을체육시설(농구장),36.998398,127.283990,,,농구,0,0,0,1,1
C1087,,동편마을 배드민턴장(1),37.414202,126.970099,,,배드민턴,0,0,0,1,1
C1088,,동편마을 배드민턴장(2),37.414202,126.970099,,,배드민턴,0,0,0,1,1
C1089,,서조체육시설 테니스장,37.395567,126.893514,,,테니스,0,0,0,1,1
C1090,,"석수1동 동네체육시설 배드민턴장2, 농구장",37.413663,126.913647,,,농구,0,0,0,1,1
C1091,,석수2동 둔치체육시설 농구장,37.411377,126.912936,,,농구,0,0,0,1,1
C1092,,석수체육센터,37.414140,126.909480,,,생활체육,1,1,0,0,0
C1093,,안양정,37.378744,126.964841,,,국궁,1,0,1,0,0
C1094,,안양종합운동장 테니스장,37.406028,126.944802,,,테니스,0,0,0,1,1
C1095,,충훈공원 농구장,37.410550,126.901256,,,농구,0,0,0,1,1
C1096,,"충훈동 둔치체육시설 농구장2, 롤러스케이트장",37.404355,126.896140,,,롤러,0,0,0,1,1
C1097,,호현동 둔치체육시설 농구장,37.404174,126.902123,,,농구,0,0,0,1,1
C1098,,관양배수지 배드민턴장,36.497877,127.265434,,,배드민턴,0,0,0,1,1
C1099,,동편마을 테니스장,37.409842,126.975254,,,테니스,0,0,0,1,1
C1100,,미관광장 농구장,37.392293,126.958038,,,농구,0,0,0,1,1
C1101,,미관광장 인라인경기장,37.392293,126.958038,,,롤러,0,0,0,1,1
C1102,,미륭아파트 동네 농구장,37.398533,126.941140,,,농구,0,0,0,1,1
C1103,,비산노인종합복지관 배드민턴장,37.404723,126.943017,,,배드민턴,0,0,0,1,1
C1104,,비산체육공원 농구장,37.412219,126.949503,,,농구,0,0,0,1,1
C1105,,안양교도소생활체육시설 농구장,36.497877,127.265434,,,농구,0,0,0,1,1
C1106,,안양교도소생활체육시설 테니스장,36.497877,127.265434,,,테니스,0,0,0,1,1
C1107,,안양시인라인롤러경기장,37.409728,126.949677,,,롤러,0,0,0,1,1
C1108,,안양시청 테니스장,37.394298,126.956861,,,테니스,0,0,0,1,1
C1109,,안양실내빙상장,37.405146,126.945234,,,빙상,0,0,0,1,1
C1110,,안양실내수영장,37.405146,126.945234,,,수영,0,1,1,1,0
C1111,,안양실내체육관,37.405146,126.945234,,,생활체육,1,1,0,0,0
C1112,,안양양궁경기장,37.400566,126.933844,,,양궁,1,0,1,0,0
C1113,,운곡공원 농구장,37.402840,126.948063,,,농구,0,0,0,1,1
C1114,,운곡공원 배드민턴장,37.402840,126.948063,,,배드민턴,0,0,0,1,1
C1115,,자유공원 배드민턴장,37.379981,126.964032,,,배드민턴,0,0,0,1,1
C1116,,자유공원 테니스장,37.378342,126.964168,,,테니스,0,0,0,1,1
C1117,,중앙공원 내 배드민턴장,37.390137,126.961329,,,배드민턴,0,0,0,1,1
C1118,,중앙공원테니스장,37.390137,126.961330,,,테니스,0,0,0,1,1
C1119,,평촌공원 농구장,0.000000,0.000000,,,농구,0,0,0,1,1
C1120,,평촌공원 배드민턴장,37.394515,126.954728,,,배드민턴,0,0,0,1,1
C1121,,평촌스마트스퀘어 테니스장,37.398718,126.964391,,,테니스,0,0,0,1,1
C1122,,학운공원 농구장,37.398856,126.947284,,,농구,0,0,0,1,1
C1123,,학운공원 배드민턴장,37.398856,126.947284,,,배드민턴,0,0,0,1,1
C1124,,호계공원 내 배드민턴장,37.378455,126.945394,,,배드민턴,0,0,0,1,1
C1125,,호계공원테니스장,37.378496,126.948591,,,테니스,0,0,0,1,1
C1126,,호계복합청사수영장,37.367683,126.958790,,,수영,0,1,1,1,0
C1127,,호계체육관,37.380228,126.946910,,,생활체육,1,1,0,0,0
C1128,,호성체육공원 배드민턴장,37.365010,126.959677,,,배드민턴,0,0,0,1,1
C1129,,만안 배드민턴장,37.410132,126.919052,,,배드민턴,0,0,0,1,1
C1130,,병목안시민공원 배드민턴장,37.385289,126.907676,,,배드민턴,0,0,0,1,1
C1131,,석수배수지 배드민턴장,37.412490,126.902907,,,배드민턴,0,0,0,1,1
C1132,,석수배수지 테니스장,37.412490,126.902907,,,테니스,0,0,0,1,1
C1133,,석수체육공원 농구장,37.422219,126.902745,,,농구,0,0,0,1,1
C1134,,석수체육공원 배드민턴장,37.422219,126.902745,,,배드민턴,0,0,0,1,1
C1135,,석수체육공원 인라인스케이트장,37.422220,126.902744,,,롤러,0,0,0,1,1
C1136,,안양새물공원 농구장,37.415509,126.890426,,,농구,0,0,0,1,1
C1137,,안양새물공원 테니스장,37.415509,126.890426,,,테니스,0,0,0,1,1
C1138,,안양새물공원인공암벽장,37.416991,126.890702,,,클라이밍,1,0,1,0,0
C1139,,안양새물공원파크골프장,37.416991,126.890702,,,파크골프,0,0,1,0,0
C1140,,창박골 배수지 농구장,37.382727,126.902587,,,농구,0,0,0,1,1
C1141,,호현복합청사 다목적체육관,37.401960,126.904708,,,생활체육,1,1,0,0,0
C1142,,호현복합청사 수영장,37.401960,126.904708,,,수영,0,1,1,1,0
C1143,,"8. 독바위공원(인라인, 산책로)",37.821380,127.079252,,,롤러,0,0,0,1,1
C1144,,고덕생활체육공원 농구장,37.804088,127.064107,,,농구,0,0,0,1,1
C1145,,공설파크골프장,37.814823,126.969931,,,파크골프,0,0,1,0,0
C1146,,과골약수터 동네체육시설 배드민턴장,37.832927,127.047070,,,배드민턴,0,0,0,1,1
C1147,,광적생활체육공원 테니스장,37.813076,126.971890,,,테니스,0,0,0,1,1
C1148,,극동약수터 동네체육시설 배드민턴장,37.824941,127.037255,,,배드민턴,0,0,0,1,1
C1149,,나리공원 파크골프장,37.792894,127.077485,,,파크골프,0,0,1,0,0
C1150,,남면하수처리장테니스장,37.785314,127.045786,,,테니스,0,0,0,1,1
C1151,,남방테니스장,37.783166,127.045439,,,테니스,0,0,0,1,1
C1152,,덕계동 동네체육시설 배드민턴장,37.825322,127.028937,,,배드민턴,0,0,0,1,1
C1153,,덕정역 철도교각 내 인라인장,37.837744,127.062089,,,롤러,0,0,0,1,1
C1154,,덕정체육돔구장(배드민턴돔구장),37.840468,127.072527,,,배드민턴,0,0,0,1,1
C1155,,덕정탁구전용구장,37.832285,127.071964,,,탁구,0,0,0,1,1
C1156,,도하리동네체육시설 농구장,37.852198,127.013035,,,농구,0,0,0,1,1
C1157,,도하리동네체육시설 배드민턴장,37.852198,127.013035,,,배드민턴,0,0,0,1,1
C1158,,마전동 그라운드골프장,37.783121,127.067148,,,골프,0,0,1,0,1
C1159,,무호정,37.785314,127.045786,,,국궁,1,0,1,0,0
C1160,,백석생활체육공원테니스장,37.813028,126.983974,,,테니스,0,0,0,1,1
C1161,,복지리 농구장,37.786304,126.994074,,,농구,0,0,0,1,1
C1162,,부곡리 그라운드골프장,37.730167,126.978179,,,골프,0,0,1,0,1
C1163,,삼숭생활체육공원테니스장,37.801367,127.086664,,,테니스,0,0,0,1,1
C1164,,서부권스포츠센터 수영장,37.813331,126.971187,,,수영,0,1,1,1,0
C1165,,선암리동네체육시설 배드민턴장,37.861836,127.028542,,,배드민턴,0,0,0,1,1
C1166,,신천생활체육공원 인라인장,37.891118,127.044488,,,롤러,0,0,0,1,1
C1167,,신천하수처리장테니스장,37.785314,127.045786,,,테니스,0,0,0,1,1
C1168,,양주 인공암벽장,37.814823,126.971261,,,클라이밍,1,0,1,0,0
C1169,,양주국민체육센터 다목적체육관,37.838142,127.068036,,,생활체육,1,1,0,0,0
C1170,,양주국민체육센터(구 양주국민체육센터 수영장),37.788535,127.083853,,,수영,0,1,1,1,0
C1171,,양주실내체육관 탁구장,37.802225,127.091363,,,탁구,0,0,0,1,1
C1172,,양주실내체육관(배드민턴장),37.802175,127.091588,,,배드민턴,0,0,0,1,1
C1173,,양주체육복지센터 다목적체육관,37.838139,127.068064,,,생활체육,1,1,0,0,0
C1174,,양주체육복지센터 수영장,37.838139,127.068064,,,수영,0,1,1,1,0
C1175,,에코스포츠센터 농구장,37.894838,127.010619,,,농구,0,0,0,1,1
C1176,,에코스포츠센터 수영장,37.894709,127.010778,,,수영,0,1,1,1,0
C1177,,옥정 X-게임장,37.827766,127.078632,,,웨이트,1,1,0,0,0
C1178,,옥정배수지테니스장,37.785314,127.045786,,,테니스,0,0,0,1,1
C1179,,옥정체육공원 농구장,37.828909,127.074006,,,농구,0,0,0,1,1
C1180,,옥정체육공원실내체육관,37.827299,127.072133,,,생활체육,1,1,0,0,0
C1181,,옥정호수스포츠센터 다목적체육관,37.822930,127.096039,,,생활체육,1,1,0,0,0
C1182,,옥정호수스포츠센터 수영장,37.822930,127.096039,,,수영,0,1,1,1,0
C1183,,울대리 동네체육시설 농구장,37.720424,126.984750,,,농구,0,0,0,1,1
C1184,,은현면체육회관체육관,37.785314,127.045786,,,생활체육,1,1,0,0,0
C1185,,장흥문화체육센터,37.715973,126.940524,,,생활체육,1,1,0,0,0
C1186,,장흥배드민턴장,37.705394,126.930984,,,배드민턴,0,0,0,1,1
C1187,,장흥배드민턴장 부대시설 야외운동기구,37.705395,126.930984,,,배드민턴,0,0,0,1,1
C1188,,장흥테니스장,37.715641,126.940638,,,테니스,0,0,0,1,1
C1189,,갈산생활체육공원 테니스장,37.486430,127.493514,,,테니스,0,0,0,1,1
C1190,,강상 테니스장,37.477204,127.485480,,,테니스,0,0,0,1,1
C1191,,강상다목적체육관 배드민턴장,37.481072,127.478972,,,배드민턴,0,0,0,1,1
C1192,,강상다목적체육관 탁구장,37.481072,127.478972,,,탁구,0,0,0,1,1
C1193,,강하 그라운드 골프장,37.499673,127.415001,,,골프,0,0,1,0,1
C1194,,강하 배드민턴장,37.496630,127.414514,,,배드민턴,0,0,0,1,1
C1195,,강하 탁구장,37.495658,127.415376,,,탁구,0,0,0,1,1
C1196,,강하생활체육공원 농구장,37.496459,127.413378,,,농구,0,0,0,1,1
C1197,,강하생활체육공원 씨름장,37.497536,127.413479,,,씨름,1,0,0,0,1
C1198,,강하생활체육공원 테니스장,37.494972,127.410451,,,테니스,0,0,0,1,1
C1199,,개군레포츠공원 그라운드골프장,37.433351,127.533336,,,골프,0,0,1,0,1
C1200,,개군레포츠공원 농구장,37.435225,127.530161,,,농구,0,0,0,1,1
C1201,,개군레포츠공원 배드민턴장,37.433611,127.530164,,,배드민턴,0,0,0,1,1
C1202,,개군레포츠공원 테니스장,37.425989,127.536798,,,테니스,0,0,0,1,1
C1203,,개군탁구장,37.433038,127.533645,,,탁구,0,0,0,1,1
C1204,,국수생활체육공원 그라운드 골프장,37.509969,127.392824,,,골프,0,0,1,0,1
C1205,,단월 다목적강당,37.538558,127.672990,,,생활체육,1,1,0,0,0
C1206,,물맑은양평체육관,37.496728,127.485753,,,생활체육,1,1,0,0,0
C1207,,서종생활체육공원 배드민턴장,37.632433,127.361469,,,배드민턴,0,0,0,1,1
C1208,,서종생활체육공원 탁구장,37.632433,127.361469,,,탁구,0,0,0,1,1
C1209,,서종생활체육공원 테니스장,37.606584,127.348712,,,테니스,0,0,0,1,1
C1210,,양강정,37.485440,127.486841,,,국궁,1,0,1,0,0
C1211,,양동레포츠공원 농구장,37.406637,127.754725,,,농구,0,0,0,1,1
C1212,,양동레포츠공원 배드민턴장,37.406392,127.754180,,,배드민턴,0,0,0,1,1
C1213,,양동레포츠공원 씨름장,37.406750,127.754797,,,씨름,1,0,0,0,1
C1214,,양서 동네테니스장,37.543979,127.326052,,,테니스,0,0,0,1,1
C1215,,양서 탁구장,37.545393,127.331426,,,탁구,0,0,0,1,1
C1216,,양서문화체육공원 농구장,37.539891,127.323630,,,농구,0,0,0,1,1
C1217,,양평 배드민턴장,37.486430,127.493514,,,배드민턴,0,0,0,1,1
C1218,,양평 탁구장,37.483634,127.497307,,,탁구,0,0,0,1,1
C1219,,양평군 문화체육센터,37.491741,127.487682,,,생활체육,1,1,0,0,0
C1220,,양평생활체육공원 농구장,37.482436,127.496661,,,농구,0,0,0,1,1
C1221,,양평정,37.425989,127.536798,,,국궁,1,0,1,0,0
C1222,,양평파크골프장,37.485582,127.485014,,,파크골프,0,0,1,0,0
C1223,,여물리 배드민턴장,37.553146,127.702307,,,배드민턴,0,0,0,1,1
C1224,,옥천레포츠공원 농구장,37.520840,127.457037,,,농구,0,0,0,1,1
C1225,,옥천레포츠공원 탁구장,37.520840,127.457037,,,탁구,0,0,0,1,1
C1226,,옥천레포츠공원 테니스장,37.518148,127.456050,,,테니스,0,0,0,1,1
C1227,,옥천배드민턴장,37.520840,127.457037,,,배드민턴,0,0,0,1,1
C1228,,용문 탁구장,37.489946,127.606153,,,탁구,0,0,0,1,1
C1229,,용문 테니스장,37.486744,127.595711,,,테니스,0,0,0,1,1
C1230,,용문국민체육센터,37.491741,127.487682,,,생활체육,1,1,0,0,0
C1231,,용문면레포츠공원 농구장,37.492550,127.605899,,,농구,0,0,0,1,1
C1232,,용문생활체육공원 씨름장,37.491826,127.606949,,,씨름,1,0,0,0,1
C1233,,지평레포츠공원 농구장,37.489985,127.632394,,,농구,0,0,0,1,1
C1234,,지평레포츠공원 다목적 체육관,37.488216,127.633051,,,생활체육,1,1,0,0,0
C1235,,지평레포츠공원 테니스장,37.474526,127.639310,,,테니스,0,0,0,1,1
C1236,,청운레포츠공원 테니스장,37.556255,127.710723,,,테니스,0,0,0,1,1
C1237,,청운탁구장,37.553677,127.708326,,,탁구,0,0,0,1,1
C1238,,평생학습센터 실내수영장,37.497454,127.484924,,,수영,0,1,1,1,0
C1239,,가남체육공원국궁장,37.201931,127.534558,,,국궁,1,0,1,0,0
C1240,,가남체육공원테니스장,37.201720,127.533728,,,테니스,0,0,0,1,1
C1241,,가남체육센터,37.201843,127.542800,,,수영,0,1,1,1,0
C1242,,가야정,37.273896,127.705263,,,국궁,1,0,1,0,0
C1243,,강천농어촌복합체육관,37.273896,127.705263,,,생활체육,1,1,0,0,0
C1244,,국민체육센터 수영장,37.300022,127.650765,,,수영,0,1,1,1,0
C1245,,금당정,37.336768,127.677144,,,국궁,1,0,1,0,0
C1246,,대룡정,37.373396,127.580860,,,국궁,1,0,1,0,0
C1247,,대신체육공원테니스장,37.373576,127.581588,,,테니스,0,0,0,1,1
C1248,,복합체육관,37.293268,127.624465,,,생활체육,1,1,0,0,0
C1249,,북내실내복합체육관,37.334197,127.676818,,,생활체육,1,1,0,0,0
C1250,,산북농어촌복합체육관,37.400952,127.445990,,,생활체육,1,1,0,0,0
C1251,,세종대왕면어울림공원테니스장,37.295759,127.584128,,,테니스,0,0,0,1,1
C1252,,여주국민체육센터,37.300397,127.651235,,,생활체육,1,1,0,0,0
C1253,,여주시 장애인 복지관 헬스장,0.000000,0.000000,,,웨이트,1,1,0,0,0
C1254,,여주시청양궁장,37.307342,127.615526,,,양궁,1,0,1,0,0
C1255,,여주실내체육관,37.293439,127.624223,,,생활체육,1,1,0,0,0
C1256,,여흥실내체육관,37.267732,127.657902,,,생활체육,1,1,0,0,0
C1257,,오갑정,37.199410,127.690562,,,국궁,1,0,1,0,0
C1258,,오학 파크골프장,37.311693,127.626068,,,파크골프,0,0,1,0,0
C1259,,오학(현암지구)테니스장,37.306121,127.634262,,,테니스,0,0,0,1,1
C1260,,오학농어촌복합체육관,37.314705,127.657904,,,생활체육,1,1,0,0,0
C1261,,점동 파크골프장,37.199057,127.686618,,,파크골프,0,0,1,0,0
C1262,,점동테마공원골프연습장,37.199849,127.690143,,,골프,0,0,1,0,1
C1263,,천양정,37.389230,127.532276,,,국궁,1,0,1,0,0
C1264,,청심정,37.293268,127.624465,,,국궁,1,0,1,0,0
C1265,,하동테니스장,37.303215,127.619075,,,테니스,0,0,0,1,1
C1266,,흥인정,37.355402,127.540471,,,국궁,1,0,1,0,0
C1267,,흥천면그라운드골프장,37.330385,127.549224,,,골프,0,0,1,0,1
C1268,,흥천체육공원테니스장,37.331313,127.547385,,,테니스,0,0,0,1,1
C1269,,고대정,38.186302,127.103595,,,국궁,1,0,1,0,0
C1270,,군립궁도장(학소정),38.021837,127.061066,,,국궁,1,0,1,0,0
C1271,,미산면배드민턴장,38.048754,127.011124,,,배드민턴,0,0,0,1,1
C1272,,백학면배드민턴장,38.029713,126.917970,,,배드민턴,0,0,0,1,1
C1273,,삼거리배드민턴장,38.084375,127.017809,,,배드민턴,0,0,0,1,1
C1274,,수레울체육관,38.107125,127.079745,,,생활체육,1,1,0,0,0
C1275,,연천공설운동장테니스장,38.107125,127.079745,,,테니스,0,0,0,1,1
C1276,,연천군립배드민턴장,38.035070,127.073306,,,배드민턴,0,0,0,1,1
C1277,,연천군립탁구장,38.035070,127.073306,,,탁구,0,0,0,1,1
C1278,,연천군문화체육센터,38.028012,127.063709,,,생활체육,1,1,0,0,0
C1279,,연천군청소년수련관수영장,38.107125,127.079745,,,수영,0,1,1,1,0
C1280,,연천파크골프장,38.055123,127.020992,,,파크골프,0,0,1,0,0
C1281,,"전곡온골,위너스테니스장",38.027160,127.073344,,,테니스,0,0,0,1,1
C1282,,청산골프연습장,38.036973,127.097434,,,골프,0,0,1,0,1
C1283,,청산면배드민턴장,38.032580,127.109753,,,배드민턴,0,0,0,1,1
C1284,,청산배드민턴장,38.032580,127.109753,,,배드민턴,0,0,0,1,1
C1285,,초대 배드민턴장,37.998139,127.084495,,,배드민턴,0,0,0,1,1
C1286,,한반도통일미래센터 농구장,38.001651,127.008114,,,농구,0,0,0,1,1
C1287,,한반도통일미래센터 체육관,38.001651,127.008114,,,생활체육,1,1,0,0,0
C1288,,한반도통일미래센터 테니스장,38.001651,127.008114,,,테니스,0,0,0,1,1
C1289,,궐동개울공원 올코트농구장,37.160898,127.049935,,,농구,0,0,0,1,1
C1290,,방교공원 배드민턴장,37.149037,127.077663,,,배드민턴,0,0,0,1,1
C1291,,세교2 실외테니스장 (오산시립테니스장),37.151526,127.051457,,,테니스,0,0,0,1,1
C1292,,세교복지타운 수영장,37.177752,127.044835,,,수영,0,1,1,1,0
C1293,,세마정,37.164781,127.041184,,,국궁,1,0,1,0,0
C1294,,오산 파크골프장,37.149135,127.061758,,,파크골프,0,0,1,0,0
C1295,,오산맑음터공원배드민턴장,37.138213,127.064576,,,배드민턴,0,0,0,1,1
C1296,,오산맑음터공원인라인장,37.138213,127.064576,,,롤러,0,0,0,1,1
C1297,,오산스포츠센터,37.158695,127.075655,,,생활체육,1,1,0,0,0
C1298,,오산스포츠센터수영장,37.158695,127.075655,,,수영,0,1,1,1,0
C1299,,오산스포츠센터인공암벽장,37.158695,127.075655,,,클라이밍,1,0,1,0,0
C1300,,오산에어돔배드민턴구장,37.167672,127.048813,,,배드민턴,0,0,0,1,1
C1301,,오산오색문화체육센터,37.156245,127.071474,,,생활체육,1,1,0,0,0
C1302,,오산죽미체육공원다목적체육관,37.178528,127.041783,,,생활체육,1,1,0,0,0
C1303,,원동초스포츠센터 수영장,37.135529,127.069759,,,수영,0,1,1,1,0
C1304,,죽담체육공원 3:3농구장,37.163507,127.049561,,,농구,0,0,0,1,1
C1305,,죽담체육공원 그라운드 골프장,37.163507,127.049561,,,골프,0,0,1,0,1
C1306,,죽미체육공원3대3농구장,37.180665,127.045315,,,농구,0,0,0,1,1
C1307,,죽미체육공원테니스장,37.178528,127.041783,,,테니스,0,0,0,1,1
C1308,,공세동테니스장,37.238104,127.107432,,,테니스,0,0,0,1,1
C1309,,기차놀이어린이공원(배드민턴),37.299868,127.073392,,,배드민턴,0,0,0,1,1
C1310,,기흥배드민턴장,37.278800,127.098555,,,배드민턴,0,0,0,1,1
C1311,,기흥테니스장,37.262025,127.092340,,,테니스,0,0,0,1,1
C1312,,김세필묘 인근 배드민턴장,37.333418,127.128713,,,배드민턴,0,0,0,1,1
C1313,,동백배드민턴장,37.279235,127.164695,,,배드민턴,0,0,0,1,1
C1314,,동백산오름공원 테니스장,37.279235,127.164695,,,테니스,0,0,0,1,1
C1315,,둔전체육공원테니스장,37.265908,127.214788,,,테니스,0,0,0,1,1
C1316,,땅마을어린이공원(배드민턴),37.297838,127.150990,,,배드민턴,0,0,0,1,1
C1317,,모현레스피아테니스장,37.345547,127.247369,,,테니스,0,0,0,1,1
C1318,,묘봉리 970-7 쉼터 배드민턴장,37.124307,127.219110,,,배드민턴,0,0,0,1,1
C1319,,배수지공원 배드민턴장,37.321402,127.121979,,,배드민턴,0,0,0,1,1
C1320,,백암수양정,37.171436,127.374923,,,국궁,1,0,1,0,0
C1321,,보정차량기지하부 배드민턴장,37.322186,127.107150,,,배드민턴,0,0,0,1,1
C1322,,상현레스피아 농구장,37.295519,127.076736,,,농구,0,0,0,1,1
C1323,,샘골근린공원(배드민턴장),37.272580,127.077156,,,배드민턴,0,0,0,1,1
C1324,,성서근린공원(농구장),37.314276,127.063626,,,농구,0,0,0,1,1
C1325,,수지레스피아배드민턴장,37.326110,127.104822,,,배드민턴,0,0,0,1,1
C1326,,수지체육공원 농구장,37.329156,127.097520,,,농구,0,0,0,1,1
C1327,,수지체육공원배드민턴장,37.328345,127.096070,,,배드민턴,0,0,0,1,1
C1328,,수지체육공원테니스장,37.328717,127.099035,,,테니스,0,0,0,1,1
C1329,,숲속마을어린이공원(배드민턴),37.296021,127.152406,,,배드민턴,0,0,0,1,1
C1330,,시립실외종합테니스장,37.224438,127.188319,,,테니스,0,0,0,1,1
C1331,,신갈고가하부테니스장,37.288517,127.098549,,,테니스,0,0,0,1,1
C1332,,신봉고가하부 농구장,37.336074,127.058704,,,농구,0,0,0,1,1
C1333,,신봉고가하부 배드민턴장,37.335175,127.058580,,,배드민턴,0,0,0,1,1
C1334,,신봉동 고가하부 인라인트랙,37.334103,127.058519,,,롤러,0,0,0,1,1
C1335,,신봉동고가하부테니스장,37.332391,127.058856,,,테니스,0,0,0,1,1
C1336,,신봉체육공원(농구장),37.329633,127.066297,,,농구,0,0,0,1,1
C1337,,아리랑어린이공원 농구장,37.232432,127.196927,,,농구,0,0,0,1,1
C1338,,양지근린공원 테니스장,37.236245,127.288286,,,테니스,0,0,0,1,1
C1339,,역북동 공공공지 농구장,37.242008,127.197721,,,농구,0,0,0,1,1
C1340,,영덕레스피아 농구장(인라인장 겸용),37.272078,127.067396,,,롤러,0,0,0,1,1
C1341,,용무정,37.248715,127.204653,,,국궁,1,0,1,0,0
C1342,,용인시립 골드테니스장,37.219953,127.133136,,,테니스,0,0,0,1,1
C1343,,용인시립정구장,37.249365,127.202925,,,테니스,0,0,0,1,1
C1344,,용인시청소년수련관수영장,37.240843,127.177513,,,수영,0,1,1,1,0
C1345,,용인아르피아수영장,37.326110,127.104822,,,수영,0,1,1,1,0
C1346,,용인중앙공원 배드민턴장,37.230695,127.208595,,,배드민턴,0,0,0,1,1
C1347,,자은근린공원(농구장),37.272816,127.085953,,,농구,0,0,0,1,1
C1348,,자은근린공원(배드민턴장),37.272816,127.085953,,,배드민턴,0,0,0,1,1
C1349,,작은막어린이공원(농구장),37.333591,127.122892,,,농구,0,0,0,1,1
C1350,,절골근린공원(농구장),37.310149,127.074627,,,농구,0,0,0,1,1
C1351,,절골근린공원(배드민턴장),37.310149,127.074627,,,배드민턴,0,0,0,1,1
C1352,,정평근린공원(배드민턴장),37.317154,127.083879,,,배드민턴,0,0,0,1,1
C1353,,죽전소공원(배드민턴),37.324245,127.116953,,,배드민턴,0,0,0,1,1
C1354,,죽현어린이공원(농구장),37.318954,127.111919,,,농구,0,0,0,1,1
C1355,,처인구실내배드민턴장,37.224598,127.222424,,,배드민턴,0,0,0,1,1
C1356,,큰솔근린공원(배드민턴장),37.315094,127.110736,,,배드민턴,0,0,0,1,1
C1357,,포곡도시숲 배드민턴장,37.278715,127.230333,,,배드민턴,0,0,0,1,1
C1358,,하갈동 실외배드민턴장,37.261750,127.092238,,,배드민턴,0,0,0,1,1
C1359,,해솔근린공원(골프장),37.308504,127.112412,,,골프,0,0,1,0,1
C1360,,해솔근린공원(배드민턴장),37.308504,127.112412,,,배드민턴,0,0,0,1,1
C1361,,88CC 골프연습장,37.306733,127.160462,,,골프,0,0,1,0,1
C1362,,88CC 골프장,37.306733,127.160462,,,골프,0,0,1,0,1
C1363,,구)경찰대 체육시설,37.295153,127.133767,,,생활체육,1,1,0,0,0
C1364,,구갈레스피아 농구장,37.266824,127.131244,,,농구,0,0,0,1,1
C1365,,구갈레스피아 배드민턴장,37.266824,127.131244,,,배드민턴,0,0,0,1,1
C1366,,기흥국민체육센터,37.277374,127.074652,,,생활체육,1,1,0,0,0
C1367,,동백동 농구장,37.272533,127.151687,,,농구,0,0,0,1,1
C1368,,동백미르휴먼센터,37.273512,127.151323,,,수영,0,1,1,1,0
C1369,,뜨락문화공원(농구장),37.290504,127.145018,,,농구,0,0,0,1,1
C1370,,뜨락문화공원(배드민턴장),37.290504,127.145018,,,배드민턴,0,0,0,1,1
C1371,,뜨락문화공원(인라인스케이트장),37.290504,127.145018,,,롤러,0,0,0,1,1
C1372,,법무연수원 용인분원 실내체육관,37.290801,127.135800,,,생활체육,1,1,0,0,0
C1373,,법무연수원 용인분원 테니스장,37.290801,127.135799,,,테니스,0,0,0,1,1
C1374,,보정교하부체육시설 배드민턴장,37.308987,127.108020,,,배드민턴,0,0,0,1,1
C1375,,보정미르휴먼센터,37.320046,127.112301,,,생활체육,1,1,0,0,0
C1376,,아람근린공원(인라인스케이트장),37.295208,127.154472,,,롤러,0,0,0,1,1
C1377,,하갈동 그라운드골프장,37.256361,127.096476,,,골프,0,0,1,0,1
C1378,,도마치근린공원(배드민턴장),37.327656,127.062209,,,배드민턴,0,0,0,1,1
C1379,,도장골어린이공원(농구장),37.327024,127.092849,,,농구,0,0,0,1,1
C1380,,동천체육공원(배드민턴장),37.334348,127.096263,,,배드민턴,0,0,0,1,1
C1381,,무지개근린공원(농구장),37.332726,127.123858,,,농구,0,0,0,1,1
C1382,,무지개근린공원(배드민턴장),37.332726,127.123858,,,배드민턴,0,0,0,1,1
C1383,,성복고가하부 농구장,37.318726,127.053695,,,농구,0,0,0,1,1
C1384,,성복고가하부 배드민턴장,37.318726,127.053695,,,배드민턴,0,0,0,1,1
C1385,,성복배수지 테니스장,36.497877,127.265434,,,테니스,0,0,0,1,1
C1386,,소실봉근린공원(농구장),37.307567,127.092048,,,농구,0,0,0,1,1
C1387,,수지근린공원(배드민턴장),37.324906,127.090562,,,배드민턴,0,0,0,1,1
C1388,,수지레스피아 내 인라인스케이트장,37.325620,127.104763,,,롤러,0,0,0,1,1
C1389,,수지레스피아 농구장,37.325649,127.104704,,,농구,0,0,0,1,1
C1390,,수지레스피아 테니스장,37.325620,127.104763,,,테니스,0,0,0,1,1
C1391,,수지레스피아파크골프장,37.325649,127.104704,,,파크골프,0,0,1,0,0
C1392,,수지체육공원인라인스케이트장,37.329997,127.098545,,,롤러,0,0,0,1,1
C1393,,아르피아스포츠센터,37.325620,127.104763,,,생활체육,1,1,0,0,0
C1394,,용인시 국민체육센터,37.328934,127.067140,,,생활체육,1,1,0,0,0
C1395,,용인시 평생학습관 스포츠센터,37.320524,127.095500,,,생활체육,1,1,0,0,0
C1396,,용인시 평생학습관 스포츠센터 수영장,37.320524,127.095500,,,수영,0,1,1,1,0
C1397,,임진어린이공원(농구장),37.318001,127.093810,,,농구,0,0,0,1,1
C1398,,죽전체육공원(배드민턴장),37.330456,127.113390,,,배드민턴,0,0,0,1,1
C1399,,토월체육공원(배드민턴장),37.327705,127.084612,,,배드민턴,0,0,0,1,1
C1400,,홍천말근린공원(배드민턴장),37.321335,127.077980,,,배드민턴,0,0,0,1,1
C1401,,남사스포츠센터 수영장,37.156938,127.173792,,,수영,0,1,1,1,0
C1402,,백암면 다목적체육관,37.163407,127.375379,,,생활체육,1,1,0,0,0
C1403,,백암테니스장,37.172616,127.375955,,,테니스,0,0,0,1,1
C1404,,서리다목적구장,37.210029,127.171674,,,생활체육,1,1,0,0,0
C1405,,양지수영장,37.236662,127.285826,,,수영,0,1,1,1,0
C1406,,용인 남사스포츠센터,37.156939,127.173791,,,생활체육,1,1,0,0,0
C1407,,용인시 실내체육관,37.238547,127.212485,,,생활체육,1,1,0,0,0
C1408,,용인시민체육센터,37.276384,127.245795,,,수영,0,1,1,1,0
C1409,,용인시스포츠클라이밍장,37.238538,127.213587,,,클라이밍,1,0,1,0,0
C1410,,용인시씨름장,37.249631,127.165158,,,씨름,1,0,0,0,1
C1411,,용인시청소년수련관체육관,37.240867,127.177969,,,생활체육,1,1,0,0,0
C1412,,통일광장 농구장,37.234677,127.197172,,,농구,0,0,0,1,1
C1413,,포곡 파크골프장,37.295576,127.233719,,,파크골프,0,0,1,0,0
C1414,,고천다목적실내체육관,37.347899,126.982358,,,생활체육,1,1,0,0,0
C1415,,고천배수지테니스장,37.355808,126.975150,,,테니스,0,0,0,1,1
C1416,,고천테니스장,37.345559,126.981925,,,테니스,0,0,0,1,1
C1417,,금천천 파크골프장,37.329356,126.953843,,,파크골프,0,0,1,0,0
C1418,,내손 탁구장,37.386730,126.975223,,,탁구,0,0,0,1,1
C1419,,내손약수체육시설테니스장,37.382408,126.983650,,,테니스,0,0,0,1,1
C1420,,들락날락 탁구장,37.395700,126.981720,,,탁구,0,0,0,1,1
C1421,,백운배드민턴장,37.335463,126.964326,,,배드민턴,0,0,0,1,1
C1422,,백운밸리 인라인스케이트장,37.365780,127.003294,,,롤러,0,0,0,1,1
C1423,,백운커뮤니티센터,37.370038,127.007580,,,생활체육,1,1,0,0,0
C1424,,백운커뮤니티센터수영장,37.370038,127.007580,,,수영,0,1,1,1,0
C1425,,부곡다목적실내체육관,37.314634,126.958756,,,생활체육,1,1,0,0,0
C1426,,부곡배수지 이동그라운드골프장,37.335463,126.964326,,,골프,0,0,1,0,1
C1427,,부곡스포츠센터,37.318645,126.957238,,,생활체육,1,1,0,0,0
C1428,,부곡스포츠센터 수영장,37.318644,126.957237,,,수영,0,1,1,1,0
C1429,,부곡체육공원씨름장,37.314634,126.958756,,,씨름,1,0,0,0,1
C1430,,부곡체육공원테니스장,37.314634,126.958756,,,테니스,0,0,0,1,1
C1431,,산빛공원테니스장,37.399165,126.988019,,,테니스,0,0,0,1,1
C1432,,의왕국민체육센터(구: 의왕시국민체육센터수영장),37.382035,126.975166,,,수영,0,1,1,1,0
C1433,,의왕시국민체육센터,37.382035,126.975166,,,생활체육,1,1,0,0,0
C1434,,의왕청소년수련관체육관,37.341795,126.971938,,,생활체육,1,1,0,0,0
C1435,,의왕테니스장,37.398922,127.004775,,,테니스,0,0,0,1,1
C1436,,청계 배드민턴장,37.386804,126.999087,,,배드민턴,0,0,0,1,1
C1437,,청계소프트테니스장,37.386804,126.999087,,,테니스,0,0,0,1,1
C1438,,청계체육시설테니스장,37.386588,126.997730,,,테니스,0,0,0,1,1
C1439,,평생학습관 수영장,37.355056,126.975459,,,수영,0,1,1,1,0
C1440,,포일 스포츠센터,37.396108,126.983053,,,생활체육,1,1,0,0,0
C1441,,포일 스포츠센터 수영장,37.396108,126.983053,,,수영,0,1,1,1,0
C1442,,포일배드민턴장,37.382362,126.985846,,,배드민턴,0,0,0,1,1
C1443,,금오동 인라인스케이트,37.746713,127.057851,,,롤러,0,0,0,1,1
C1444,,낙양물사랑공원,37.747222,127.092696,,,생활체육,1,1,0,0,0
C1445,,녹양테니스장,37.760013,127.027967,,,테니스,0,0,0,1,1
C1446,,라과디아 그라운드 골프장,37.744215,127.038881,,,골프,0,0,1,0,1
C1447,,라과디아 농구장,37.743635,127.037435,,,농구,0,0,0,1,1
C1448,,민락국민체육센터,37.747281,127.107213,,,수영,0,1,1,1,0
C1449,,민락저류지 농구장,37.747876,127.104774,,,농구,0,0,0,1,1
C1450,,벨로드롬 롤러스케이트장,37.757653,127.029144,,,롤러,0,0,0,1,1
C1451,,송산배수지테니스장,37.747519,127.076639,,,테니스,0,0,0,1,1
C1452,,시청 앞 농구장,37.739312,127.035511,,,농구,0,0,0,1,1
C1453,,신곡실내배드민턴장,37.742999,127.065733,,,배드민턴,0,0,0,1,1
C1454,,약수배드민턴장 앞,37.737955,127.028204,,,배드민턴,0,0,0,1,1
C1455,,용현정,37.734553,127.074352,,,국궁,1,0,1,0,0
C1456,,의정부 청소년수련관 실내수영장,37.735177,127.033889,,,수영,0,1,1,1,0
C1457,,의정부배수지 테니스장,37.733464,127.031927,,,테니스,0,0,0,1,1
C1458,,의정부시 스포츠센터 실내수영장,37.713433,127.051421,,,수영,0,1,1,1,0
C1459,,의정부시스포츠센터,37.713432,127.051422,,,생활체육,1,1,0,0,0
C1460,,의정부실내빙상장,37.758796,127.023836,,,빙상,0,0,0,1,1
C1461,,의정부체육관,37.760013,127.027967,,,생활체육,1,1,0,0,0
C1462,,장암농구장,37.723575,127.050800,,,농구,0,0,0,1,1
C1463,,장암하수처리장 테니스장,37.722026,127.052911,,,테니스,0,0,0,1,1
C1464,,종합운동장 농구장,37.757653,127.029144,,,농구,0,0,0,1,1
C1465,,중랑천 인라인스케이트장,37.725829,127.051605,,,롤러,0,0,0,1,1
C1466,,천보탁구장,37.755518,127.067851,,,탁구,0,0,0,1,1
C1467,,추동배드민턴장,37.738272,127.062149,,,배드민턴,0,0,0,1,1
C1468,,푸른마당 테니스장,37.747789,127.107554,,,테니스,0,0,0,1,1
C1469,,행복누리공원 배드민턴장,37.752083,127.042875,,,배드민턴,0,0,0,1,1
C1470,,호원실내테니스장,37.727234,127.035346,,,테니스,0,0,0,1,1
C1471,,활기 농구장,37.749563,127.108706,,,농구,0,0,0,1,1
C1472,,활기 배드민턴장,37.749563,127.108706,,,배드민턴,0,0,0,1,1
C1473,,남부권 복합문화 반다비 체육센터,37.119446,127.614622,,,생활체육,1,1,0,0,0
C1474,,대월면체육공원 다목적체육관,37.233271,127.475516,,,생활체육,1,1,0,0,0
C1475,,대월면체육공원 테니스장,37.233271,127.475516,,,테니스,0,0,0,1,1
C1476,,마장면 하수처리장 테니스장,36.497877,127.265434,,,테니스,0,0,0,1,1
C1477,,마장면체육공원 실내체육관,37.253014,127.378878,,,생활체육,1,1,0,0,0
C1478,,마장하수처리장농구장,37.225273,127.380583,,,농구,0,0,0,1,1
C1479,,모가면체육공원 실내체육관,37.183298,127.454881,,,생활체육,1,1,0,0,0
C1480,,모가면체육공원 테니스장,37.182342,127.456769,,,테니스,0,0,0,1,1
C1481,,백사면체육공원 농구장,37.343491,127.471331,,,농구,0,0,0,1,1
C1482,,백사면체육공원 배드민턴장,37.343491,127.471331,,,배드민턴,0,0,0,1,1
C1483,,북부권체육공원 그라운드골프장,37.311534,127.471586,,,골프,0,0,1,0,1
C1484,,북부권체육공원 테니스장,37.311534,127.471586,,,테니스,0,0,0,1,1
C1485,,북부권체육공원 파크골프장,37.311534,127.471586,,,파크골프,0,0,1,0,0
C1486,,서희청소년문화센터,37.280446,127.451765,,,생활체육,1,1,0,0,0
C1487,,설봉공원 국궁장,37.279457,127.427555,,,국궁,1,0,1,0,0
C1488,,설봉공원 인공암벽장,37.278884,127.426320,,,클라이밍,1,0,1,0,0
C1489,,설봉공원 테니스장,37.279457,127.427555,,,테니스,0,0,0,1,1
C1490,,설성면체육공원 다목적체육관,37.130179,127.506196,,,생활체육,1,1,0,0,0
C1491,,신둔면 그라운드골프장,37.330345,127.444098,,,골프,0,0,1,0,1
C1492,,신둔면 체육공원 농구장,37.316165,127.397378,,,농구,0,0,0,1,1
C1493,,신둔면체육공원 다목적체육관,37.316165,127.397378,,,생활체육,1,1,0,0,0
C1494,,율면체육공원 다목적체육관,37.092679,127.543964,,,생활체육,1,1,0,0,0
C1495,,율면체육공원 배드민턴장,37.079672,127.530191,,,배드민턴,0,0,0,1,1
C1496,,이천 파크골프장,37.271185,127.463554,,,파크골프,0,0,1,0,0
C1497,,이천선수촌 다기능체육관,37.331106,127.433808,,,생활체육,1,1,0,0,0
C1498,,이천선수촌 수영장,37.331106,127.433808,,,수영,0,1,1,1,0
C1499,,이천선수촌 양궁장,37.330551,127.433715,,,양궁,1,0,1,0,0
C1500,,이천선수촌 종합체육관,37.331106,127.433808,,,생활체육,1,1,0,0,0
C1501,,이천선수촌 체력단련장,37.330425,127.433849,,,웨이트,1,1,0,0,0
C1502,,이천선수촌 컬링장,37.331106,127.433808,,,빙상,0,0,0,1,1
C1503,,이천선수촌 테니스장,37.331106,127.433808,,,테니스,0,0,0,1,1
C1504,,이천스포츠센터 테니스장,37.236342,127.411502,,,테니스,0,0,0,1,1
C1505,,이천스포츠센터실내 수영장,37.236342,127.411502,,,수영,0,1,1,1,0
C1506,,이천시 배드민턴장,37.287702,127.435439,,,배드민턴,0,0,0,1,1
C1507,,장호원 국민체육센터(구: 장호원읍체육공원 다목적체육관),37.118093,127.615531,,,생활체육,1,1,0,0,0
C1508,,장호원 파크골프장,37.104098,127.632773,,,파크골프,0,0,1,0,0
C1509,,장호원읍체육공원 배드민턴장,37.119800,127.612217,,,배드민턴,0,0,0,1,1
C1510,,장호원읍체육공원 씨름장,37.119800,127.612217,,,씨름,1,0,0,0,1
C1511,,장호원읍체육공원 테니스장,37.119800,127.612217,,,테니스,0,0,0,1,1
C1512,,종합운동장 눈높이배드민턴장,37.286277,127.495330,,,배드민턴,0,0,0,1,1
C1513,,종합운동장 실내탁구장,37.286277,127.495330,,,탁구,0,0,0,1,1
C1514,,종합운동장 인라인장,37.286277,127.495330,,,롤러,0,0,0,1,1
C1515,,종합운동장 정구장,37.286277,127.495330,,,테니스,0,0,0,1,1
C1516,,종합운동장 테니스장,37.286277,127.495330,,,테니스,0,0,0,1,1
C1517,,증포동 실내체육관,37.300198,127.451763,,,생활체육,1,1,0,0,0
C1518,,호법면 농어민문화체육센터,37.215547,127.407317,,,생활체육,1,1,0,0,0
C1519,,감악정,37.948515,126.932513,,,국궁,1,0,1,0,0
C1520,,광탄테니스장,37.785595,126.847797,,,테니스,0,0,0,1,1
C1521,,교하청석스포츠센터,37.734810,126.719974,,,생활체육,1,1,0,0,0
C1522,,교하청석스포츠센터 수영장,37.734810,126.719974,,,수영,0,1,1,1,0
C1523,,교하체육공원궁도장,37.763289,126.742806,,,국궁,1,0,1,0,0
C1524,,교하체육공원테니스장,37.761953,126.741662,,,테니스,0,0,0,1,1
C1525,,금촌다목적실내체육관,37.756141,126.785768,,,생활체육,1,1,0,0,0
C1526,,금촌다목적실내체육관 수영장,37.756141,126.785768,,,수영,0,1,1,1,0
C1527,,금촌배드민턴장,37.768050,126.768284,,,배드민턴,0,0,0,1,1
C1528,,금촌체육공원 농구장,37.768050,126.768284,,,농구,0,0,0,1,1
C1529,,금촌체육공원테니스장,37.774107,126.726342,,,테니스,0,0,0,1,1
C1530,,금호정,37.756078,126.785849,,,국궁,1,0,1,0,0
C1531,,대성동실내체육관,37.942439,126.677277,,,생활체육,1,1,0,0,0
C1532,,문산국민체육센터,37.884059,126.793645,,,생활체육,1,1,0,0,0
C1533,,문산탁구장,37.884232,126.793303,,,탁구,0,0,0,1,1
C1534,,법원체육공원테니스장,37.839214,126.855199,,,테니스,0,0,0,1,1
C1535,,산내다목적체육관,37.728772,126.729328,,,생활체육,1,1,0,0,0
C1536,,심학산파크골프장,37.708990,126.710018,,,파크골프,0,0,1,0,0
C1537,,연풍리체육공원테니스장,37.829254,126.849357,,,테니스,0,0,0,1,1
C1538,,운정건강공원 농구장,37.715870,126.742958,,,농구,0,0,0,1,1
C1539,,운정건강공원1테니스장,37.715779,126.739332,,,테니스,0,0,0,1,1
C1540,,운정건강공원2테니스장,37.715780,126.739334,,,테니스,0,0,0,1,1
C1541,,운정건강공원인공암벽장,37.715870,126.742958,,,클라이밍,1,0,1,0,0
C1542,,운정다목적체육관,37.714968,126.742909,,,생활체육,1,1,0,0,0
C1543,,운정다목적체육관 수영장,37.714968,126.742909,,,수영,0,1,1,1,0
C1544,,운정스포츠센터,37.737139,126.767695,,,생활체육,1,1,0,0,0
C1545,,운정스포츠센터 수영장,37.737139,126.767695,,,수영,0,1,1,1,0
C1546,,운정실내배드민턴장,37.738475,126.768360,,,배드민턴,0,0,0,1,1
C1547,,운정체육공원 농구장,37.738813,126.767714,,,농구,0,0,0,1,1
C1548,,운정체육공원테니스장,37.738813,126.767714,,,테니스,0,0,0,1,1
C1549,,운정파크골프장,37.720223,126.763809,,,파크골프,0,0,1,0,0
C1550,,운정행복센터수영장,37.723877,126.751227,,,수영,0,1,1,1,0
C1551,,월롱100주년기념체육관,37.830029,126.781056,,,생활체육,1,1,0,0,0
C1552,,월롱100주년기념체육관테니스장,37.829411,126.781248,,,테니스,0,0,0,1,1
C1553,,월롱체육공원테니스장,37.786714,126.800259,,,테니스,0,0,0,1,1
C1554,,적성체육공원테니스장,37.950874,126.922522,,,테니스,0,0,0,1,1
C1555,,조리 실내배드민턴장,37.745897,126.804368,,,배드민턴,0,0,0,1,1
C1556,,탄현정,37.803752,126.698300,,,국궁,1,0,1,0,0
C1557,,탄현체육공원 정구장,37.840340,126.746397,,,테니스,0,0,0,1,1
C1558,,통일공원테니스장,37.850870,126.790310,,,테니스,0,0,0,1,1
C1559,,파주문화체육센터,37.830994,126.820661,,,생활체육,1,1,0,0,0
C1560,,파주문화체육센터 수영장,37.830984,126.820690,,,수영,0,1,1,1,0
C1561,,파주스타디움 국제규격 인공암벽장,37.756141,126.785768,,,클라이밍,1,0,1,0,0
C1562,,파주스타디움 보조구장 농구장,37.756141,126.785768,,,농구,0,0,0,1,1
C1563,,파주스타디움(공설운동장)테니스장,37.756078,126.785849,,,테니스,0,0,0,1,1
C1564,,파주시배드민턴전용구장,37.763800,126.761349,,,배드민턴,0,0,0,1,1
C1565,,파주시스포츠센터,37.841427,126.744195,,,생활체육,1,1,0,0,0
C1566,,파주시스포츠센터 수영장,37.841427,126.744195,,,수영,0,1,1,1,0
C1567,,덕동산근린공원농구장,36.998936,127.099963,,,농구,0,0,0,1,1
C1568,,동삭2저류지 농구장,37.012821,127.102639,,,농구,0,0,0,1,1
C1569,,무봉산체육시설 농구장,37.104748,127.099134,,,농구,0,0,0,1,1
C1570,,무봉산체육시설 배드민턴장,37.104748,127.099134,,,배드민턴,0,0,0,1,1
C1571,,서탄금암체육공원 농구장,37.111943,127.035153,,,농구,0,0,0,1,1
C1572,,서평택국민체육센터 실내수영장,36.989101,126.919505,,,수영,0,1,1,1,0
C1573,,서평택국민체육센터 체육관,36.989101,126.919505,,,생활체육,1,1,0,0,0
C1574,,소사2저류지 배드민턴장,36.986568,127.126432,,,배드민턴,0,0,0,1,1
C1575,,소사벌레포츠 그라운드골프장,36.988920,127.107930,,,골프,0,0,1,0,1
C1576,,소사벌레포츠타운농구장,36.987566,127.106512,,,농구,0,0,0,1,1
C1577,,소사벌레포츠타운인라인스케이트장,36.988920,127.107930,,,롤러,0,0,0,1,1
C1578,,송탄근린공원 국궁장,37.073848,127.062270,,,국궁,1,0,1,0,0
C1579,,신대레포츠공원국궁장(화궁정),36.994431,127.063929,,,국궁,1,0,1,0,0
C1580,,신대레포츠공원테니스장,36.993933,127.064634,,,테니스,0,0,0,1,1
C1581,,안정근린공원  테니스장,36.962210,127.053001,,,테니스,0,0,0,1,1
C1582,,안중 학현근린공원 테니스장,36.989375,126.917258,,,테니스,0,0,0,1,1
C1583,,안중레포츠공원 국궁장,36.992764,126.918412,,,국궁,1,0,1,0,0
C1584,,안중레포츠공원 그라운드골프장,36.993276,126.916996,,,골프,0,0,1,0,1
C1585,,안중체육관,36.990510,126.921509,,,생활체육,1,1,0,0,0
C1586,,오성 숙성체육시설 다목적체육관,37.006965,126.983619,,,생활체육,1,1,0,0,0
C1587,,오성 체육시설 테니스장,37.006933,126.982922,,,테니스,0,0,0,1,1
C1588,,유천동체육시설농구장,36.972623,127.106276,,,농구,0,0,0,1,1
C1589,,이충레포츠공원 농구장,37.066059,127.070708,,,농구,0,0,0,1,1
C1590,,이충레포츠공원 배드민턴장,37.066058,127.070710,,,배드민턴,0,0,0,1,1
C1591,,이충레포츠공원 씨름장,37.066058,127.070710,,,씨름,1,0,0,0,1
C1592,,이충레포츠공원 인라인스케이트장,37.066059,127.070708,,,롤러,0,0,0,1,1
C1593,,이충레포츠공원그라운드골프장,37.066059,127.070708,,,골프,0,0,1,0,1
C1594,,이충레포츠공원테니스장,37.066059,127.070708,,,테니스,0,0,0,1,1
C1595,,이충문화체육센터,37.066058,127.070710,,,생활체육,1,1,0,0,0
C1596,,이충문화체육센터실내수영장,37.066058,127.070710,,,수영,0,1,1,1,0
C1597,,이충실내배드민턴장,37.066059,127.070708,,,배드민턴,0,0,0,1,1
C1598,,장당동 체육시설 농구장,37.052196,127.062958,,,농구,0,0,0,1,1
C1599,,장안동 저류지 배드민턴장,37.057217,127.077844,,,배드민턴,0,0,0,1,1
C1600,,지산체육시설 배드민턴장,37.074444,127.061270,,,배드민턴,0,0,0,1,1
C1601,,진위파크골프장,37.101960,127.069205,,,파크골프,0,0,1,0,0
C1602,,파크골프장,37.003551,127.092397,,,파크골프,0,0,1,0,0
C1603,,팽성 청담 스포츠센터,36.963475,127.062294,,,수영,0,1,1,1,0
C1604,,팽성레포츠공원농구장,36.969066,127.065879,,,농구,0,0,0,1,1
C1605,,팽성서부체육시설그라운드골프장,36.945306,127.011734,,,골프,0,0,1,0,1
C1606,,팽성서부체육시설배드민턴장,36.945306,127.011734,,,배드민턴,0,0,0,1,1
C1607,,팽성실내체육관,36.969066,127.065879,,,생활체육,1,1,0,0,0
C1608,,평택시실내수영장,36.987565,127.106511,,,수영,0,1,1,1,0
C1609,,평택파크골프장,37.003016,127.092773,,,파크골프,0,0,1,0,0
C1610,,현덕 실내 다목적구장,36.966400,126.921854,,,생활체육,1,1,0,0,0
C1611,,가산체육문화센터,37.850019,127.186304,,,생활체육,1,1,0,0,0
C1612,,관인교육문화체육센터,38.152965,127.244975,,,생활체육,1,1,0,0,0
C1613,,관인테니스장,38.152771,127.244976,,,테니스,0,0,0,1,1
C1614,,내촌교육문화체육센터,37.786733,127.227150,,,생활체육,1,1,0,0,0
C1615,,내촌체력단련장,37.787128,127.227373,,,웨이트,1,1,0,0,0
C1616,,대군정,37.961099,127.125691,,,국궁,1,0,1,0,0
C1617,,사직파크골프장,38.001375,127.326456,,,파크골프,0,0,1,0,0
C1618,,선단동체육센터,37.862184,127.155065,,,생활체육,1,1,0,0,0
C1619,,소흘국민체육센터,37.821202,127.127116,,,생활체육,1,1,0,0,0
C1620,,소흘국민체육센터 탁구장,37.821270,127.127103,,,탁구,0,0,0,1,1
C1621,,소흘읍생활체육공원테니스장,37.889010,127.199955,,,테니스,0,0,0,1,1
C1622,,신북체육문화센터,37.936421,127.225621,,,생활체육,1,1,0,0,0
C1623,,영북교육문화센터,38.084973,127.273796,,,생활체육,1,1,0,0,0
C1624,,영북테니스장,37.971322,127.326649,,,테니스,0,0,0,1,1
C1625,,영중체육문화센터,38.006055,127.245068,,,생활체육,1,1,0,0,0
C1626,,인공암벽장(실외),37.824625,127.124378,,,클라이밍,1,0,1,0,0
C1627,,일동체육문화센터,37.958074,127.313628,,,생활체육,1,1,0,0,0
C1628,,일동테니스전용구장,37.971322,127.326649,,,테니스,0,0,0,1,1
C1629,,창수교육문화센터,37.990570,127.183699,,,생활체육,1,1,0,0,0
C1630,,포천시자원회수시설내수영장,37.964481,127.241325,,,수영,0,1,1,1,0
C1631,,포천종합운동장 테니스장,37.880788,127.219162,,,테니스,0,0,0,1,1
C1632,,포천종합운동장씨름장,37.888556,127.200620,,,씨름,1,0,0,0,1
C1633,,포천종합체육관,37.888556,127.200620,,,생활체육,1,1,0,0,0
C1634,,포천탁구장,37.886867,127.200669,,,탁구,0,0,0,1,1
C1635,,화현생활체육센터,37.901031,127.287921,,,웨이트,1,1,0,0,0
C1636,,감일근린공원 2호 배드민턴장,37.507005,127.163497,,,배드민턴,0,0,0,1,1
C1637,,감일근린공원 3호 농구장,37.508105,127.167967,,,농구,0,0,0,1,1
C1638,,감일수변공원 1호 농구장,37.508969,127.150060,,,농구,0,0,0,1,1
C1639,,감일수변공원 2호 테니스장,37.513388,127.159519,,,테니스,0,0,0,1,1
C1640,,덕풍근린공원 배드민턴장,37.536094,127.199397,,,배드민턴,0,0,0,1,1
C1641,,덕풍동 실내배드민턴장,37.533638,127.193913,,,배드민턴,0,0,0,1,1
C1642,,덕풍동 탁구장,37.543037,127.202479,,,탁구,0,0,0,1,1
C1643,,미사배수지양궁장,37.553371,127.187850,,,양궁,1,0,1,0,0
C1644,,미사한강공원 4호 농구장,37.578757,127.188561,,,농구,0,0,0,1,1
C1645,,미사한강공원 4호 배드민턴장,37.578757,127.188561,,,배드민턴,0,0,0,1,1
C1646,,미사한강공원 5호 테니스장,37.578664,127.191574,,,테니스,0,0,0,1,1
C1647,,미사호수공원 농구장,37.562805,127.187710,,,농구,0,0,0,1,1
C1648,,새나라공원 농구장,37.542205,127.223275,,,농구,0,0,0,1,1
C1649,,세미근린공원 배드민턴장,37.545757,127.195081,,,배드민턴,0,0,0,1,1
C1650,,인라인스케이트장,37.568323,127.195212,,,롤러,0,0,0,1,1
C1651,,제2체육관,37.567274,127.191633,,,생활체육,1,1,0,0,0
C1652,,종합운동장테니스장,37.566339,127.196022,,,테니스,0,0,0,1,1
C1653,,풍산근린3호공원 농구장,37.552601,127.207051,,,농구,0,0,0,1,1
C1654,,풍산근린3호공원 배드민턴장,37.552601,127.207051,,,배드민턴,0,0,0,1,1
C1655,,풍산멀티스포츠센터 다목적체육관,37.554049,127.206348,,,생활체육,1,1,0,0,0
C1656,,풍산멀티스포츠센터 수영장,37.554049,127.206348,,,수영,0,1,1,1,0
C1657,,풍산멀티스포츠센터 클라이밍장,37.554049,127.206348,,,클라이밍,1,0,1,0,0
C1658,,풍산멀티스포츠센터 탁구장,37.554049,127.206348,,,탁구,0,0,0,1,1
C1659,,풍산멀티스포츠센터 헬스장,37.554049,127.206348,,,웨이트,1,1,0,0,0
C1660,,하남국민체육센터(국민체육센터),37.565700,127.193906,,,생활체육,1,1,0,0,0
C1661,,하남국민체육센터수영장,37.567016,127.195186,,,수영,0,1,1,1,0
C1662,,하남시청 농구장,37.539740,127.213986,,,농구,0,0,0,1,1
C1663,,하남유니온 체육관,37.546622,127.219585,,,생활체육,1,1,0,0,0
C1664,,하남유니온파크 농구장,37.546548,127.220503,,,농구,0,0,0,1,1
C1665,,하남유니온파크 테니스장,37.546622,127.219585,,,테니스,0,0,0,1,1
C1666,,현안2지구 수변공원 배드민턴장,37.545236,127.216064,,,배드민턴,0,0,0,1,1
C1667,,구봉산공원 배드민턴장,37.205672,127.048542,,,배드민턴,0,0,0,1,1
C1668,,구봉산근린공원 농구장,37.205686,127.047369,,,농구,0,0,0,1,1
C1669,,근린13호공원 인라인스케이트장,37.180082,127.124459,,,롤러,0,0,0,1,1
C1670,,나래울 배드민턴장,37.205821,127.051579,,,배드민턴,0,0,0,1,1
C1671,,남양 테니스장,37.213571,126.828224,,,테니스,0,0,0,1,1
C1672,,남양푸른건강뜰 공원 농구장,37.209974,126.826452,,,농구,0,0,0,1,1
C1673,,농구장(개나리공원),37.208664,127.064997,,,농구,0,0,0,1,1
C1674,,농구장(광도아파트공원),37.227140,126.973214,,,농구,0,0,0,1,1
C1675,,농구장(느치미공원),37.209626,127.042124,,,농구,0,0,0,1,1
C1676,,농구장(무궁화공원),37.130635,126.901602,,,농구,0,0,0,1,1
C1677,,농구장(샘물공원(동탄2호)),37.198316,127.051557,,,농구,0,0,0,1,1
C1678,,농구장(손바닥공원),37.209422,127.056665,,,농구,0,0,0,1,1
C1679,,농구장(송곡공원),37.126720,126.914111,,,농구,0,0,0,1,1
C1680,,농구장(슬기샘공원(동탄4호)),37.188103,127.070042,,,농구,0,0,0,1,1
C1681,,농구장(옴뿌리산근린공원),37.133216,126.898366,,,농구,0,0,0,1,1
C1682,,농구장(장안(금의)산단소공원),37.113637,126.839094,,,농구,0,0,0,1,1
C1683,,농구장(조암1호공원),37.088641,126.825573,,,농구,0,0,0,1,1
C1684,,농구장(평원공원),37.127901,126.917850,,,농구,0,0,0,1,1
C1685,,농구장(한반저류지),37.225045,127.072087,,,농구,0,0,0,1,1
C1686,,농구장(해오른공원(현대5호)),37.232947,127.062764,,,농구,0,0,0,1,1
C1687,,도원체육공원 농구장,37.132613,126.928009,,,농구,0,0,0,1,1
C1688,,도원체육공원 테니스장,37.132613,126.928009,,,테니스,0,0,0,1,1
C1689,,돌모루공원 테니스장,37.224213,127.076390,,,테니스,0,0,0,1,1
C1690,,동탄구봉산공원 배드민턴장,37.206529,127.050159,,,배드민턴,0,0,0,1,1
C1691,,동탄물류단지 농구장,37.170894,127.127709,,,농구,0,0,0,1,1
C1692,,동탄센트럴파크 농구장,37.205637,127.063579,,,농구,0,0,0,1,1
C1693,,동탄수질복원센터 파크골프장,37.176774,127.086433,,,파크골프,0,0,1,0,0
C1694,,동탄중앙어울림센터 수영장,37.199802,127.112286,,,수영,0,1,1,1,0
C1695,,동화마을생태공원 배드민턴장,37.211895,126.960185,,,배드민턴,0,0,0,1,1
C1696,,마도가축분뇨처리시설 내 궁도장,37.178291,126.762275,,,국궁,1,0,1,0,0
C1697,,마도근린공원 농구장,37.181684,126.790074,,,농구,0,0,0,1,1
C1698,,매송체육공원 농구장,37.248624,126.929287,,,농구,0,0,0,1,1
C1699,,매송체육공원 배드민턴장,37.248410,126.928373,,,배드민턴,0,0,0,1,1
C1700,,무봉체육시설(배드민턴장),37.203866,127.141955,,,배드민턴,0,0,0,1,1
C1701,,물빛공원(농구장),37.210499,127.041079,,,농구,0,0,0,1,1
C1702,,반월2호공원(배드민턴장),37.231537,127.056236,,,배드민턴,0,0,0,1,1
C1703,,반월체육센터 농구장,37.230490,127.054261,,,농구,0,0,0,1,1
C1704,,방아다리공원 농구장,37.183547,127.089757,,,농구,0,0,0,1,1
C1705,,배드민턴장(능리저류지),37.197040,127.050736,,,배드민턴,0,0,0,1,1
C1706,,배드민턴장(독재울공원),37.213522,127.059814,,,배드민턴,0,0,0,1,1
C1707,,배드민턴장(두산위브2호 공원(율목)),37.235699,127.065236,,,배드민턴,0,0,0,1,1
C1708,,배드민턴장(작은배틀공원),37.124382,126.915703,,,배드민턴,0,0,0,1,1
C1709,,벌말공원 농구장,37.130076,126.912630,,,농구,0,0,0,1,1
C1710,,벌말체육공원 배드민턴장,37.201571,127.036702,,,배드민턴,0,0,0,1,1
C1711,,병점근린공원(배드민턴장),37.211355,127.045604,,,배드민턴,0,0,0,1,1
C1712,,봉담2 생태체육공원 농구장,37.224825,126.942348,,,농구,0,0,0,1,1
C1713,,봉담2 생태체육공원 배드민턴장,37.224825,126.942348,,,배드민턴,0,0,0,1,1
C1714,,봉선체육공원 농구장,37.275978,126.822958,,,농구,0,0,0,1,1
C1715,,비봉 구포리 그라운드골프장,37.241011,126.884168,,,골프,0,0,1,0,1
C1716,,비봉체육공원 국궁장,37.247073,126.840065,,,국궁,1,0,1,0,0
C1717,,비봉체육공원 인라인스케이트장,37.266241,126.842442,,,롤러,0,0,0,1,1
C1718,,비봉체육공원 테니스장,37.247073,126.840065,,,테니스,0,0,0,1,1
C1719,,사랑공원 배드민턴장,37.231207,127.058890,,,배드민턴,0,0,0,1,1
C1720,,산척공원 배드민턴장,37.170013,127.113492,,,배드민턴,0,0,0,1,1
C1721,,선납숲공원 농구장,37.210276,127.105805,,,농구,0,0,0,1,1
C1722,,센트럴파크 배드민턴장,37.204014,127.063603,,,배드민턴,0,0,0,1,1
C1723,,센트럴파크 인공암벽장,37.203756,127.061210,,,클라이밍,1,0,1,0,0
C1724,,센트럴파크 인라인스케이트장,37.204014,127.063603,,,롤러,0,0,0,1,1
C1725,,센트럴파크 테니스장,37.204014,127.063603,,,테니스,0,0,0,1,1
C1726,,솔빛공원 농구장,37.196240,127.071210,,,농구,0,0,0,1,1
C1727,,솔빛공원 배드민턴장,37.196835,127.072222,,,배드민턴,0,0,0,1,1
C1728,,송방공원 농구장,37.168065,127.090475,,,농구,0,0,0,1,1
C1729,,송산3.1기념공원 농구장,37.217098,126.730715,,,농구,0,0,0,1,1
C1730,,송산그린시티 하수처리장 궁도장,37.270898,126.723896,,,국궁,1,0,1,0,0
C1731,,송산그린시티 하수처리장(실내체육관),37.276019,126.731229,,,생활체육,1,1,0,0,0
C1732,,송산체육시설 그라운드골프장,37.217502,126.734681,,,골프,0,0,1,0,1
C1733,,수노을 중앙공원 농구장,37.280798,126.817243,,,농구,0,0,0,1,1
C1734,,쌍봉산 근린공원 인라인 스케이트장,37.181908,126.789903,,,롤러,0,0,0,1,1
C1735,,씨름장(병점1동 간이운동시설),37.200347,127.036469,,,씨름,1,0,0,0,1
C1736,,야생초공원(테니스장),37.220392,126.989400,,,테니스,0,0,0,1,1
C1737,,여울공원 농구장,37.198302,127.086620,,,농구,0,0,0,1,1
C1738,,여울공원 배드민턴장,37.198302,127.086620,,,배드민턴,0,0,0,1,1
C1739,,여울공원 테니스장,37.198302,127.086620,,,테니스,0,0,0,1,1
C1740,,왕배산체육공원 배드민턴장,37.179217,127.124994,,,배드민턴,0,0,0,1,1
C1741,,용현 1저류지 그라운드 골프장,37.124384,126.912661,,,골프,0,0,1,0,1
C1742,,인라인스케이트장(개나리공원),37.210462,127.066242,,,롤러,0,0,0,1,1
C1743,,인라인스케이트장(슬기샘공원(동탄4호)),37.188103,127.070042,,,롤러,0,0,0,1,1
C1744,,인라인스케이트장(하나어린이공원),37.216533,127.056283,,,롤러,0,0,0,1,1
C1745,,인라인스케이트장(하늘빛공원),37.209465,127.076258,,,롤러,0,0,0,1,1
C1746,,장안2 첨단 산업단지공원 농구장,37.104729,126.848824,,,농구,0,0,0,1,1
C1747,,장안2 첨단 산업단지공원 배드민턴장,37.104729,126.848824,,,배드민턴,0,0,0,1,1
C1748,,장안2첨단산업단지 2호공원 배드민턴장,37.105547,126.848505,,,배드민턴,0,0,0,1,1
C1749,,장안2첨단산업단지 내  2호공원 농구장,37.105547,126.848505,,,농구,0,0,0,1,1
C1750,,장안남산 체육공원 X게임장,37.078218,126.834709,,,롤러,0,0,0,1,1
C1751,,장안남산 체육공원 농구장,37.078218,126.834709,,,농구,0,0,0,1,1
C1752,,장안남산 체육공원 테니스장,37.078218,126.834709,,,테니스,0,0,0,1,1
C1753,,장지체육공원 농구장,37.159776,127.111289,,,농구,0,0,0,1,1
C1754,,전곡공원1 농구장,37.187750,126.666613,,,농구,0,0,0,1,1
C1755,,전곡공원3 배드민턴장,37.182911,126.677967,,,배드민턴,0,0,0,1,1
C1756,,제23호 근린공원 농구장,37.168794,127.101666,,,농구,0,0,0,1,1
C1757,,제23호 근린공원 배드민턴장,37.172038,127.102106,,,배드민턴,0,0,0,1,1
C1758,,제24호근린공원 농구장,37.168945,127.112102,,,농구,0,0,0,1,1
C1759,,제24호근린공원 배드민턴장,37.168945,127.112102,,,배드민턴,0,0,0,1,1
C1760,,제24호근린공원 송방3교하부 농구장,37.168945,127.112102,,,농구,0,0,0,1,1
C1761,,제30호근린공원 배드민턴장,37.163855,127.116271,,,배드민턴,0,0,0,1,1
C1762,,종이비행기공원(배드민턴장),37.211501,127.040516,,,배드민턴,0,0,0,1,1
C1763,,죽전(나래)공원 농구장,37.124256,126.928141,,,농구,0,0,0,1,1
C1764,,죽전공원 배드민턴장,37.125155,126.927283,,,배드민턴,0,0,0,1,1
C1765,,진안공공 공지 농구장,37.218006,127.031660,,,농구,0,0,0,1,1
C1766,,진안공공공지 테니스장,37.217730,127.031907,,,테니스,0,0,0,1,1
C1767,,치동천체육공원 농구장,37.205472,127.106524,,,농구,0,0,0,1,1
C1768,,크린에너지센터 배드민턴장,37.175268,127.097203,,,배드민턴,0,0,0,1,1
C1769,,큰재봉공원 농구장,37.214352,127.081423,,,농구,0,0,0,1,1
C1770,,큰재봉공원 배드민턴장,37.213732,127.081362,,,배드민턴,0,0,0,1,1
C1771,,테니스장(금반저류지),37.184692,127.082932,,,테니스,0,0,0,1,1
C1772,,테니스장(서신생활체육시설),37.166617,126.709254,,,테니스,0,0,0,1,1
C1773,,테니스장(예당 임시체육시설),37.206796,127.078225,,,테니스,0,0,0,1,1
C1774,,테니스장(한화 바이오밸리),37.170281,126.767088,,,테니스,0,0,0,1,1
C1775,,파크골프장(향남2 오음공원),37.104722,126.903314,,,파크골프,0,0,1,0,0
C1776,,하길근린공원 농구장,37.087558,126.911836,,,농구,0,0,0,1,1
C1777,,해피트리공원(테니스장),37.223399,126.977465,,,테니스,0,0,0,1,1
C1778,,화산체육공원,37.214519,127.021131,,,테니스,0,0,0,1,1
C1779,,화성시 실내배드민턴장,37.185971,127.103543,,,배드민턴,0,0,0,1,1
C1780,,화성시청 농구장,37.199537,126.831477,,,농구,0,0,0,1,1
C1781,,화성시청 테니스장,37.199537,126.831477,,,테니스,0,0,0,1,1
C1782,,화성정 궁도장,37.139129,126.929086,,,국궁,1,0,1,0,0
C1783,,화합공원 배드민턴장,37.105430,126.905649,,,배드민턴,0,0,0,1,1
C1784,,화합공원 인라인스케이트장,37.105430,126.905649,,,롤러,0,0,0,1,1
C1785,,거제국민체육센터,34.851803,128.581544,,,생활체육,1,1,0,0,0
C1786,,거제스포츠파크테니스장,34.851855,128.581535,,,테니스,0,0,0,1,1
C1787,,거제시롤러경기장,34.879212,128.633248,,,롤러,0,0,0,1,1
C1788,,거제시립테니스장,34.882547,128.617625,,,테니스,0,0,0,1,1
C1789,,거제시씨름연습장,34.883986,128.615223,,,씨름,1,0,0,0,1
C1790,,거제시체육관,34.882734,128.616308,,,생활체육,1,1,0,0,0
C1791,,거제시탁구장,34.882734,128.616308,,,탁구,0,0,0,1,1
C1792,,계룡정궁도장,34.885239,128.614957,,,국궁,1,0,1,0,0
C1793,,금무정,34.999607,128.675803,,,국궁,1,0,1,0,0
C1794,,능포테니스장,34.882331,128.737977,,,테니스,0,0,0,1,1
C1795,,둔덕가족체육공원,34.834340,128.504102,,,테니스,0,0,0,1,1
C1796,,반다비체육센터,34.882549,128.620406,,,생활체육,1,1,0,0,0
C1797,,벽파정,34.872046,128.733430,,,국궁,1,0,1,0,0
C1798,,사곡농구장,34.898897,128.570311,,,농구,0,0,0,1,1
C1799,,사등체육관,34.906078,128.513461,,,생활체육,1,1,0,0,0
C1800,,양정테니스장,34.893323,128.632717,,,테니스,0,0,0,1,1
C1801,,오션 수영장,34.867178,128.723358,,,수영,0,1,1,1,0
C1802,,옥포테니스장,34.900053,128.686830,,,테니스,0,0,0,1,1
C1803,,인공암벽장,34.882734,128.616308,,,클라이밍,1,0,1,0,0
C1804,,장승포탁구장,34.868660,128.725231,,,탁구,0,0,0,1,1
C1805,,가북면 파크골프장,35.792230,128.013955,,,파크골프,0,0,1,0,0
C1806,,가조면 파크골프장,35.701787,128.021005,,,파크골프,0,0,1,0,0
C1807,,가조면일부리테니스장,35.698629,128.020775,,,테니스,0,0,0,1,1
C1808,,거창국민체육센터,35.692094,127.929061,,,생활체육,1,1,0,0,0
C1809,,거창군 다목적체육관,35.697669,127.926897,,,생활체육,1,1,0,0,0
C1810,,거창군립골프연습장,35.692094,127.929061,,,골프,0,0,1,0,1
C1811,,거창군립테니스장,35.692094,127.929061,,,테니스,0,0,0,1,1
C1812,,거창군체육관,35.695136,127.926351,,,생활체육,1,1,0,0,0
C1813,,거창스포츠파크인라인스케이트장,35.692094,127.929061,,,롤러,0,0,0,1,1
C1814,,거창실버레포츠타운씨름장,35.692094,127.929061,,,씨름,1,0,0,0,1
C1815,,고제면 파크골프장,35.880065,127.872132,,,파크골프,0,0,1,0,0
C1816,,고제문화체육관,35.813072,127.873722,,,생활체육,1,1,0,0,0
C1817,,스포츠파크 파크골프장 1구장,35.695136,127.926351,,,파크골프,0,0,1,0,0
C1818,,스포츠파크 파크골프장 2구장,35.695136,127.926351,,,파크골프,0,0,1,0,0
C1819,,스포츠파크 파크골프장 3구장,35.687515,127.923851,,,파크골프,0,0,1,0,0
C1820,,아림정,35.692094,127.929061,,,국궁,1,0,1,0,0
C1821,,웅양면 파크골프장,35.828018,127.928075,,,파크골프,0,0,1,0,0
C1822,,위천면 파크골프장,35.739009,127.819220,,,파크골프,0,0,1,0,0
C1823,,제2창포원파크골프장,35.648729,127.952143,,,파크골프,0,0,1,0,0
C1824,,주상면 파크골프장,35.746245,127.914247,,,파크골프,0,0,1,0,0
C1825,,경남고성국민체육센터(구: 고성군 국민체육센터),34.979313,128.310723,,,생활체육,1,1,0,0,0
C1826,,고성골프랜드,34.946605,128.307194,,,골프,0,0,1,0,1
C1827,,고성군 문화체육센터,34.979313,128.310723,,,수영,0,1,1,1,0
C1828,,고성군 실내체육관,34.977594,128.300971,,,생활체육,1,1,0,0,0
C1829,,고성군 역도경기장,34.984825,128.313439,,,생활체육,1,1,0,0,0
C1830,,고성군 전천후 씨름장,34.979313,128.310723,,,씨름,1,0,0,0,1
C1831,,고성군공설테니스장,34.977594,128.300971,,,테니스,0,0,0,1,1
C1832,,고성중학교 국민체육센터,34.979499,128.305206,,,생활체육,1,1,0,0,0
C1833,,고성체육관,34.973030,128.331537,,,생활체육,1,1,0,0,0
C1834,,궁도장(철성정),34.984825,128.313439,,,국궁,1,0,1,0,0
C1835,,그라운드골프장(백세공원),34.963379,128.322959,,,골프,0,0,1,0,1
C1836,,그라운드골프장(회화),35.056478,128.371428,,,골프,0,0,1,0,1
C1837,,대가면 다목적체육공원,35.011710,128.299965,,,생활체육,1,1,0,0,0
C1838,,전천후 테니스장,34.977594,128.300971,,,테니스,0,0,0,1,1
C1839,,하이실내체육관,34.922916,128.125620,,,생활체육,1,1,0,0,0
C1840,,하일실내체육관,34.948876,128.190452,,,생활체육,1,1,0,0,0
C1841,,경운테니스장,35.233783,128.856651,,,테니스,0,0,0,1,1
C1842,,금병정,35.300279,128.728990,,,국궁,1,0,1,0,0
C1843,,김해서부문화센터 서부스포츠센터(구: 김해서부문화센터),35.172604,128.820944,,,수영,0,1,1,1,0
C1844,,김해시민롤러스케이트장,35.258323,128.880363,,,롤러,0,0,0,1,1
C1845,,김해실내체육관,35.255534,128.877094,,,생활체육,1,1,0,0,0
C1846,,내동공원게,35.198694,128.803620,,,웨이트,1,1,0,0,0
C1847,,동부스포츠센터,35.256355,128.907378,,,생활체육,1,1,0,0,0
C1848,,동부테니스장,35.256355,128.907378,,,테니스,0,0,0,1,1
C1849,,문화체육관,35.234775,128.873665,,,생활체육,1,1,0,0,0
C1850,,봉화정,35.316855,128.801975,,,국궁,1,0,1,0,0
C1851,,부원동게,35.229012,128.887155,,,웨이트,1,1,0,0,0
C1852,,불암동체육관,35.232692,128.918680,,,생활체육,1,1,0,0,0
C1853,,생림궁도장,35.326461,128.851097,,,국궁,1,0,1,0,0
C1854,,술뫼파크골프장,35.338581,128.775001,,,파크골프,0,0,1,0,0
C1855,,시민스포츠센터골프연습장,35.243734,128.869411,,,골프,0,0,1,0,1
C1856,,시민스포츠센터빙상장,35.243734,128.869411,,,빙상,0,0,0,1,1
C1857,,시민스포츠센터수영장,35.243734,128.869411,,,수영,0,1,1,1,0
C1858,,시민체육공원 인공암벽장,35.258323,128.880363,,,클라이밍,1,0,1,0,0
C1859,,시민체육공원X게임장,35.258323,128.880363,,,롤러,0,0,0,1,1
C1860,,시민체육공원테니스장(1),35.258323,128.880363,,,테니스,0,0,0,1,1
C1861,,시민체육공원테니스장(2),35.258323,128.880363,,,테니스,0,0,0,1,1
C1862,,신어시민체육관,35.241749,128.906538,,,생활체육,1,1,0,0,0
C1863,,원도심테니스장,35.225709,128.891319,,,테니스,0,0,0,1,1
C1864,,율하체육관,35.178198,128.821338,,,생활체육,1,1,0,0,0
C1865,,임호공원 테니스장,35.226697,128.863480,,,테니스,0,0,0,1,1
C1866,,장유국제테니스장,35.201444,128.798047,,,테니스,0,0,0,1,1
C1867,,장유능동테니스장,35.202809,128.797062,,,테니스,0,0,0,1,1
C1868,,장유스포츠센터,35.195726,128.804944,,,생활체육,1,1,0,0,0
C1869,,장유체육공원롤러스케이트장,35.204445,128.796123,,,롤러,0,0,0,1,1
C1870,,조만강장애인파크골프장,35.182657,128.847017,,,파크골프,0,0,1,0,0
C1871,,조만강파크골프장,35.185732,128.836601,,,파크골프,0,0,1,0,0
C1872,,진영공설운동장 테니스장,35.308127,128.718926,,,테니스,0,0,0,1,1
C1873,,진영문화체육센터,35.308215,128.717209,,,생활체육,1,1,0,0,0
C1874,,진영스포츠센터,35.308215,128.717209,,,생활체육,1,1,0,0,0
C1875,,한림시산파크골프장,35.338563,128.784574,,,파크골프,0,0,1,0,0
C1876,,한림체육관,35.322653,128.801141,,,생활체육,1,1,0,0,0
C1877,,한림테니스장,35.350688,128.804123,,,테니스,0,0,0,1,1
C1878,,해동이국민체육센터,35.258323,128.880363,,,생활체육,1,1,0,0,0
C1879,,고현그라운드골프장,34.888083,127.869435,,,골프,0,0,1,0,1
C1880,,금해정,34.842186,127.901260,,,국궁,1,0,1,0,0
C1881,,남해공설테니스장,34.844829,127.902207,,,테니스,0,0,0,1,1
C1882,,남해군 공설테니스장,34.844831,127.902205,,,테니스,0,0,0,1,1
C1883,,남해군국민체육센터(남해국민체육센터실내수영장),34.837567,127.896907,,,수영,0,1,1,1,0
C1884,,남해군생활체육관(탁구장),34.834739,127.898105,,,탁구,0,0,0,1,1
C1885,,남해무도관(검도관),34.834149,127.891704,,,생활체육,1,1,0,0,0
C1886,,남해무도관(유도장),34.834149,127.891704,,,생활체육,1,1,0,0,0
C1887,,남해스포츠파크골프장,34.804382,127.834161,,,파크골프,0,0,1,0,0
C1888,,남해스포츠파크테니스장,34.805578,127.833441,,,테니스,0,0,0,1,1
C1889,,남해실내체육관,34.833704,127.893270,,,생활체육,1,1,0,0,0
C1890,,미조그라운드골프장,34.727464,128.027204,,,골프,0,0,1,0,1
C1891,,성산지구 파크골프장,34.900517,127.862598,,,파크골프,0,0,1,0,0
C1892,,이동그라운드골프장,36.497877,127.265434,,,골프,0,0,1,0,1
C1893,,창선다목적체육관,34.854869,128.012389,,,생활체육,1,1,0,0,0
C1894,,창선생활체육공원 그라운드골프장,34.861127,128.015446,,,골프,0,0,1,0,1
C1895,,창선생활체육공원테니스장,34.861237,128.015532,,,테니스,0,0,0,1,1
C1896,,창선생활체육관,34.862196,128.016038,,,생활체육,1,1,0,0,0
C1897,,가곡 파크골프장,35.475152,128.761412,,,파크골프,0,0,1,0,0
C1898,,가곡농구장,35.481239,128.762183,,,농구,0,0,0,1,1
C1899,,무안 파크골프장,35.477868,128.657625,,,파크골프,0,0,1,0,0
C1900,,밀양국민체육센터(밀양스포츠센터),35.505707,128.745295,,,생활체육,1,1,0,0,0
C1901,,밀양그라운드골프장,35.480352,128.742759,,,골프,0,0,1,0,1
C1902,,밀양스포츠센터 수영장,35.505707,128.745295,,,수영,0,1,1,1,0
C1903,,밀양스포츠센터 테니스장,35.505678,128.744836,,,테니스,0,0,0,1,1
C1904,,밀양시국궁장,35.489713,128.784211,,,국궁,1,0,1,0,0
C1905,,밀양종합운동장 부속테니스장,35.505678,128.744836,,,테니스,0,0,0,1,1
C1906,,밀양파크골프장,35.480352,128.742759,,,파크골프,0,0,1,0,0
C1907,,배드민턴경기장,35.504507,128.745278,,,배드민턴,0,0,0,1,1
C1908,,사포테니스장,35.473778,128.740388,,,테니스,0,0,0,1,1
C1909,,삼랑진 파크골프장,35.391209,128.839494,,,파크골프,0,0,1,0,0
C1910,,삼문농구장,35.488629,128.759504,,,농구,0,0,0,1,1
C1911,,스포츠파크,35.503570,128.834906,,,생활체육,1,1,0,0,0
C1912,,연금체육공원,35.432923,128.765496,,,웨이트,1,1,0,0,0
C1913,,하남 파크골프장,35.370181,128.717611,,,파크골프,0,0,1,0,0
C1914,,하남스포츠센터,35.394125,128.719633,,,생활체육,1,1,0,0,0
C1915,,하남스포츠센터 수영장,35.394323,128.720042,,,수영,0,1,1,1,0
C1916,,곤명테니스장,35.112272,127.941759,,,테니스,0,0,0,1,1
C1917,,곤양하수처리장내테니스장,36.497877,127.265434,,,테니스,0,0,0,1,1
C1918,,관덕정,35.089365,128.101261,,,국궁,1,0,1,0,0
C1919,,구우진항 임시파크골프장,35.003026,128.014255,,,파크골프,0,0,1,0,0
C1920,,낙홍정,35.057621,127.959317,,,국궁,1,0,1,0,0
C1921,,대덕정,34.955694,128.088553,,,국궁,1,0,1,0,0
C1922,,동서금동생활체육시설,34.928444,128.081040,,,생활체육,1,1,0,0,0
C1923,,모충공원 파크골프장,34.966929,128.047546,,,파크골프,0,0,1,0,0
C1924,,사남공설테니스장,35.061132,128.062051,,,테니스,0,0,0,1,1
C1925,,사주체육관,35.069874,128.077644,,,생활체육,1,1,0,0,0
C1926,,사천국민체육센터,35.009071,128.059195,,,생활체육,1,1,0,0,0
C1927,,사천시 실내수영장,34.942278,128.090319,,,수영,0,1,1,1,0
C1928,,사천시장애인국민체육센터,34.996859,128.060482,,,생활체육,1,1,0,0,0
C1929,,사천우주항공 파크골프장,35.069237,128.085664,,,파크골프,0,0,1,0,0
C1930,,사천체육관,35.088887,128.093162,,,생활체육,1,1,0,0,0
C1931,,삼천포공설테니스장,34.942061,128.087151,,,테니스,0,0,0,1,1
C1932,,삼천포보조체육관,34.940337,128.090454,,,생활체육,1,1,0,0,0
C1933,,삼천포생활체육관,34.942802,128.090354,,,생활체육,1,1,0,0,0
C1934,,삼천포체육관,34.943189,128.087569,,,생활체육,1,1,0,0,0
C1935,,수양정,35.084389,128.103258,,,국궁,1,0,1,0,0
C1936,,실내인공암벽장,35.090391,128.095849,,,클라이밍,1,0,1,0,0
C1937,,우주항공 국민체육센터,35.070422,128.084204,,,생활체육,1,1,0,0,0
C1938,,우주항공청 체력단련장,35.053307,128.039074,,,웨이트,1,1,0,0,0
C1939,,유도체육관,34.939923,128.089181,,,생활체육,1,1,0,0,0
C1940,,인공암벽장,34.943189,128.087569,,,클라이밍,1,0,1,0,0
C1941,,하수도사업소 내 테니스장,36.497877,127.265434,,,테니스,0,0,0,1,1
C1942,,공설 씨름장,35.421380,127.871049,,,씨름,1,0,0,0,1
C1943,,공설테니스장,35.421380,127.871049,,,테니스,0,0,0,1,1
C1944,,남부문화체육센터,35.301308,127.971073,,,생활체육,1,1,0,0,0
C1945,,남부체육공원 탁구장,35.306619,127.976042,,,탁구,0,0,0,1,1
C1946,,다목적체육관,35.421380,127.871049,,,생활체육,1,1,0,0,0
C1947,,단성탁구장,35.297594,127.960313,,,탁구,0,0,0,1,1
C1948,,단성파크골프장,35.282167,127.965248,,,파크골프,0,0,1,0,0
C1949,,덕산체육공원 탁구장,35.272895,127.834143,,,탁구,0,0,0,1,1
C1950,,덕산체육공원 테니스장,35.273238,127.834966,,,테니스,0,0,0,1,1
C1951,,부리파크골프장,35.409954,127.887021,,,파크골프,0,0,1,0,0
C1952,,산청 그라운드 골프장,35.409013,127.874446,,,골프,0,0,1,0,1
C1953,,산청국민체육센터,35.419701,127.871793,,,생활체육,1,1,0,0,0
C1954,,산청군실내수영장,35.420135,127.873171,,,수영,0,1,1,1,0
C1955,,산청군실내체육관,35.421380,127.871049,,,생활체육,1,1,0,0,0
C1956,,산청다목적구장(조산공원),35.410222,127.872697,,,생활체육,1,1,0,0,0
C1957,,산청복합체육시설(탁구장),35.421648,127.870465,,,탁구,0,0,0,1,1
C1958,,산청읍파크골프장,35.421568,127.877894,,,파크골프,0,0,1,0,0
C1959,,산청정,35.314162,127.974322,,,국궁,1,0,1,0,0
C1960,,삼장 그라운드 골프장,35.300111,127.830829,,,골프,0,0,1,0,1
C1961,,삼장파크골프장,35.295059,127.834138,,,파크골프,0,0,1,0,0
C1962,,생비량 파크골프장,35.363773,128.064359,,,파크골프,0,0,1,0,0
C1963,,생초체육공원 테니스장,35.493349,127.838506,,,테니스,0,0,0,1,1
C1964,,시천파크골프장,35.274874,127.847419,,,파크골프,0,0,1,0,0
C1965,,신등테니스장(장승배기 생태공원),35.387727,128.012272,,,테니스,0,0,0,1,1
C1966,,신등파크골프장,35.384369,128.003500,,,파크골프,0,0,1,0,0
C1967,,신안 그라운드 골프장,35.316417,127.973938,,,골프,0,0,1,0,1
C1968,,신안테니스장,35.297159,127.978352,,,테니스,0,0,0,1,1
C1969,,오부파크골프장,35.490887,127.885550,,,파크골프,0,0,1,0,0
C1970,,차황 그라운드 골프장(구.차황 중학교),35.462787,127.927648,,,골프,0,0,1,0,1
C1971,,청호정,35.426348,127.854322,,,국궁,1,0,1,0,0
C1972,,(국궁장-01) 춘추정,35.350451,129.025302,,,국궁,1,0,1,0,0
C1973,,(국궁장-02) 회야정,35.376943,129.142824,,,국궁,1,0,1,0,0
C1974,,(그라운드골프장-01) 웅상체육공원,35.377626,129.143430,,,골프,0,0,1,0,1
C1975,,(그라운드골프장-02) 가산그라운드골프장,35.295006,129.017867,,,골프,0,0,1,0,1
C1976,,(그라운드골프장-03) 범어그라운드골프장,35.320989,129.016288,,,골프,0,0,1,0,1
C1977,,(그라운드골프장-04) 양산그라운드골프장,35.328146,129.023698,,,골프,0,0,1,0,1
C1978,,(농구장-01) 양산종합운동장,35.348520,129.035480,,,농구,0,0,0,1,1
C1979,,(농구장-02) 수질정화공원,35.306236,129.020560,,,농구,0,0,0,1,1
C1980,,(농구장-03) 웅상농구장(산책로변),35.384372,129.155990,,,농구,0,0,0,1,1
C1981,,(농구장-04) 황산공원,35.303669,128.984678,,,농구,0,0,0,1,1
C1982,,(농구장-05) 증산역공원(10호 근린공원),35.303861,129.009543,,,농구,0,0,0,1,1
C1983,,(농구장-06) 동새들천 근린공원,35.337471,129.018390,,,농구,0,0,0,1,1
C1984,,(농구장-07) 석산강변어린이공원,35.323451,129.024305,,,농구,0,0,0,1,1
C1985,,(농구장-09) 목련어린이공원,35.300668,129.026422,,,농구,0,0,0,1,1
C1986,,(농구장-10) 금산어린이공원,35.312403,129.022835,,,농구,0,0,0,1,1
C1987,,(농구장-11) 금산들어린이공원,35.312141,129.026615,,,농구,0,0,0,1,1
C1988,,(농구장-12) 석금산어린이공원,35.318085,129.027859,,,농구,0,0,0,1,1
C1989,,(배드민턴장-01) 하북배드민턴장,35.453105,129.084611,,,배드민턴,0,0,0,1,1
C1990,,(배드민턴장-02) 웅상배드민턴장,35.400492,129.150773,,,배드민턴,0,0,0,1,1
C1991,,(배드민턴장-03) 참샘배드민턴장,35.384704,129.136019,,,배드민턴,0,0,0,1,1
C1992,,(배드민턴장-04) 소주배드민턴장,35.389682,129.135599,,,배드민턴,0,0,0,1,1
C1993,,(배드민턴장-06) 제26호 완충녹지(남부공원),35.331709,129.022983,,,배드민턴,0,0,0,1,1
C1994,,(배드민턴장-07) 제43호 완충녹지,35.332121,129.020424,,,배드민턴,0,0,0,1,1
C1995,,(배드민턴장-08) 제13호 완충녹지,35.321698,129.021664,,,배드민턴,0,0,0,1,1
C1996,,(배드민턴장-09) 증산역공원(10호근린공원),35.303861,129.009543,,,배드민턴,0,0,0,1,1
C1997,,(배드민턴장-10) 동새들천 근린공원,35.337471,129.018390,,,배드민턴,0,0,0,1,1
C1998,,(배드민턴장-11) 물금중부공원,35.307164,128.989546,,,배드민턴,0,0,0,1,1
C1999,,(배드민턴장-12) 금산근린공원,35.308577,129.026129,,,배드민턴,0,0,0,1,1
C2000,,(배드민턴장-13) 삽량근린공원,35.332017,129.031135,,,배드민턴,0,0,0,1,1
C2001,,(수영장-01) 양산국민체육센터,35.326525,128.995071,,,수영,0,1,1,1,0
C2002,,(수영장-02) 양산주민편익시설,35.327830,129.027600,,,수영,0,1,1,1,0
C2003,,(수영장-03) 웅상문화체육센터,35.395828,129.155436,,,수영,0,1,1,1,0
C2004,,(수영장-04) 양산반다비체육센터,35.323008,129.002871,,,수영,0,1,1,1,0
C2005,,(수영장-05) 천성산국민체육센터(양산 생활밀착형 국민체육센터),35.418685,129.066124,,,수영,0,1,1,1,0
C2006,,(수영장-06)쌍벽루국민체육센터,35.348520,129.035480,,,수영,0,1,1,1,0
C2007,,(실내체육관-01)양산실내체육관,35.348561,129.035497,,,생활체육,1,1,0,0,0
C2008,,(실내체육관-02) 양산시국민체육센터,35.326526,128.995069,,,생활체육,1,1,0,0,0
C2009,,(실내체육관-03) 웅상문화체육센터,35.395828,129.155436,,,생활체육,1,1,0,0,0
C2010,,(실내체육관-04) 더힘찬체육관,35.326513,128.995277,,,생활체육,1,1,0,0,0
C2011,,(실내체육관-05) 양산시배구전용구장,35.326391,128.995071,,,생활체육,1,1,0,0,0
C2012,,(실내체육관-06) 천성산 다목적체육관,35.420548,129.068988,,,생활체육,1,1,0,0,0
C2013,,(실내체육관-07) 천성산국민체육센터,35.418798,129.066272,,,생활체육,1,1,0,0,0
C2014,,(실내체육관-08) 양산시반다비체육센터(고 양산반다비체육센터),35.323253,129.002725,,,생활체육,1,1,0,0,0
C2015,,(실내체육관-09) 양주문화체육센터,35.328146,129.023698,,,생활체육,1,1,0,0,0
C2016,,(씨름장-01) 양산시 씨름연습장,35.377626,129.143430,,,씨름,1,0,0,0,1
C2017,,(인공암벽장-01) 양산종합운동장,35.348520,129.035480,,,클라이밍,1,0,1,0,0
C2018,,(인라인스케이트장-01) 남부공원,35.332032,129.022997,,,롤러,0,0,0,1,1
C2019,,(인라인스케이트장-02) 남부빗물펌프장,35.328004,129.023810,,,롤러,0,0,0,1,1
C2020,,(인라인스케이트장-03) 양산인라인스케이트장,35.348579,129.033423,,,롤러,0,0,0,1,1
C2021,,(테니스장-01) 양산종합운동장,35.348561,129.035497,,,테니스,0,0,0,1,1
C2022,,(테니스장-02) 수질정화공원,35.304851,129.019847,,,테니스,0,0,0,1,1
C2023,,(테니스장-03) 웅상체육공원,35.377626,129.143430,,,테니스,0,0,0,1,1
C2024,,(테니스장-04) 서창운동장,35.411616,129.182295,,,테니스,0,0,0,1,1
C2025,,(테니스장-05) 감결생활체육공원,35.390812,129.049008,,,테니스,0,0,0,1,1
C2026,,(테니스장-06) 삼수권역체육공원,35.484280,129.083117,,,테니스,0,0,0,1,1
C2027,,(테니스장-07) 하북지산,35.499827,129.080149,,,테니스,0,0,0,1,1
C2028,,(테니스장-08) 시립2테니스장,35.323005,129.019176,,,테니스,0,0,0,1,1
C2029,,(테니스장-09) 제26호 완충녹지,35.331709,129.022983,,,테니스,0,0,0,1,1
C2030,,(테니스장-10) 삽량체육공원 테니스장,35.325316,129.059880,,,테니스,0,0,0,1,1
C2031,,(테니스장-11) 천성산체육공원,35.420556,129.067714,,,테니스,0,0,0,1,1
C2032,,(파크골프장-01) 황산공원,35.298274,128.996961,,,파크골프,0,0,1,0,0
C2033,,(파크골프장-02) 가산수변공원,35.296186,129.018261,,,파크골프,0,0,1,0,0
C2034,,(파크골프장-03) 웅상파크골프장,35.401769,129.160790,,,파크골프,0,0,1,0,0
C2035,,(파크골프장-04) 삼신교통부지 파크골프장,35.420188,129.174543,,,파크골프,0,0,1,0,0
C2036,,(파크골프장-05) 가야진사파크골프장,35.367535,128.902334,,,파크골프,0,0,1,0,0
C2037,,동부양산파크골프장,35.379618,129.164099,,,파크골프,0,0,1,0,0
C2038,,웅상센트럴파크,35.388594,129.154383,,,생활체육,1,1,0,0,0
C2039,,교암파크골프장,35.323898,128.298042,,,파크골프,0,0,1,0,0
C2040,,그라운드 골프장,35.323719,128.239588,,,골프,0,0,1,0,1
C2041,,그라운드 골프장 운동기구,35.323719,128.239588,,,골프,0,0,1,0,1
C2042,,대의공설운동장테니스장,35.371132,128.101519,,,테니스,0,0,0,1,1
C2043,,부림간이실내체육관,35.471335,128.321701,,,생활체육,1,1,0,0,0
C2044,,부림그라운드골프장,35.471066,128.323857,,,골프,0,0,1,0,1
C2045,,서동생활공원체육센터 정구장,35.316461,128.255030,,,테니스,0,0,0,1,1
C2046,,의령공설운동장테니스장,35.316206,128.267390,,,테니스,0,0,0,1,1
C2047,,의령국민체육센터수영장,35.315454,128.255893,,,수영,0,1,1,1,0
C2048,,의령군탁구전용체육관,35.324202,128.236529,,,탁구,0,0,0,1,1
C2049,,의령동부 국민체육센터,35.463361,128.315161,,,수영,0,1,1,1,0
C2050,,의병문화체육관,35.317393,128.253500,,,생활체육,1,1,0,0,0
C2051,,정곡공설운동장테니스장,35.376578,128.332289,,,테니스,0,0,0,1,1
C2052,,정심정,35.467837,128.322144,,,국궁,1,0,1,0,0
C2053,,정암리치파크골프장,35.322045,128.303316,,,파크골프,0,0,1,0,0
C2054,,청심테니스장,35.464856,128.319427,,,테니스,0,0,0,1,1
C2055,,홍의정,35.322617,128.239700,,,국궁,1,0,1,0,0
C2056,,남가람테니스장,35.188500,128.062322,,,테니스,0,0,0,1,1
C2057,,모덕농구장,35.183747,128.102988,,,농구,0,0,0,1,1
C2058,,모덕생활테니스장,35.183749,128.102990,,,테니스,0,0,0,1,1
C2059,,문산실내체육관,35.159025,128.162245,,,생활체육,1,1,0,0,0
C2060,,상평생활체육관,35.175491,128.106299,,,생활체육,1,1,0,0,0
C2061,,생활체육테니스장,35.187570,128.065995,,,테니스,0,0,0,1,1
C2062,,송백리어르신체육시설 그라운드골프장,35.208869,128.130603,,,골프,0,0,1,0,1
C2063,,송백리어르신체육시설 파크골프장,35.208361,128.130368,,,파크골프,0,0,1,0,0
C2064,,스포츠가치센터 실내체육관,35.156265,128.034859,,,생활체육,1,1,0,0,0
C2065,,스포츠가치센터 양궁장,35.156265,128.034859,,,양궁,1,0,1,0,0
C2066,,와룡지구생활체육시설 농구장,35.222297,128.129615,,,농구,0,0,0,1,1
C2067,,정촌파크골프장,35.122636,128.101199,,,파크골프,0,0,1,0,0
C2068,,지수파크골프장,35.230521,128.270432,,,파크골프,0,0,1,0,0
C2069,,진주 대평면다목적체육관,35.230566,127.962836,,,생활체육,1,1,0,0,0
C2070,,진주공설테니스장,35.187570,128.065995,,,테니스,0,0,0,1,1
C2071,,진주국민체육센터(진주실내체육관),35.208883,128.125055,,,생활체육,1,1,0,0,0
C2072,,진주시 장애인문화체육센터 반다비,35.185825,128.101501,,,생활체육,1,1,0,0,0
C2073,,진주시궁도장,35.159025,128.162245,,,국궁,1,0,1,0,0
C2074,,진주실내수영장,35.208883,128.125055,,,수영,0,1,1,1,0
C2075,,진주종합경기장 농구장,35.182954,128.135851,,,농구,0,0,0,1,1
C2076,,진주종합경기장 배드민턴장,35.182954,128.135851,,,배드민턴,0,0,0,1,1
C2077,,진주종합경기장 파크골프장,35.182954,128.135851,,,파크골프,0,0,1,0,0
C2078,,진주종합경기장롤러경기장,35.182954,128.135852,,,롤러,0,0,0,1,1
C2079,,진주종합경기장테니스장,35.182954,128.135852,,,테니스,0,0,0,1,1
C2080,,칠암남강둔치 파크골프장,35.171996,128.098271,,,파크골프,0,0,1,0,0
C2081,,평거동롤러경기장,35.174436,128.068809,,,롤러,0,0,0,1,1
C2082,,평거생활체육시설 그라운드골프장,35.168500,128.058501,,,골프,0,0,1,0,1
C2083,,평거지구 파크골프장,35.167861,128.063656,,,파크골프,0,0,1,0,0
C2084,,평거지구생활체육시설 농구장,35.168500,128.058501,,,농구,0,0,0,1,1
C2085,,하대둔치 생활체육시설 롤러경기장,35.189047,128.129039,,,롤러,0,0,0,1,1
C2086,,하대둔치생활체육시설 파크골프장,35.187550,128.129049,,,파크골프,0,0,1,0,0
C2087,,남지국민체육센터,35.395354,128.482251,,,생활체육,1,1,0,0,0
C2088,,남지궁도장,35.402938,128.481314,,,국궁,1,0,1,0,0
C2089,,남지체육공원(농구장),35.385195,128.472975,,,농구,0,0,0,1,1
C2090,,남지체육공원(인라인스케이트장),35.384073,128.477471,,,롤러,0,0,0,1,1
C2091,,남지탁구장,35.389722,128.470939,,,탁구,0,0,0,1,1
C2092,,남지테니스장,35.389830,128.471451,,,테니스,0,0,0,1,1
C2093,,부곡궁도장,35.433436,128.593070,,,국궁,1,0,1,0,0
C2094,,영산국민체육문화센터,0.000000,0.000000,,,생활체육,1,1,0,0,0
C2095,,영산궁도장,35.458987,128.543157,,,국궁,1,0,1,0,0
C2096,,영산그라운드골프장,35.458099,128.539975,,,골프,0,0,1,0,1
C2097,,이방체육회관,35.603760,128.379920,,,생활체육,1,1,0,0,0
C2098,,창녕공설테니스장,35.519027,128.505945,,,테니스,0,0,0,1,1
C2099,,창녕국민체육센터,35.445212,128.584613,,,생활체육,1,1,0,0,0
C2100,,창녕군립수영장,35.520894,128.504931,,,수영,0,1,1,1,0
C2101,,창녕군민체육관,35.519812,128.506493,,,생활체육,1,1,0,0,0
C2102,,창녕군민탁구장,35.518686,128.506935,,,탁구,0,0,0,1,1
C2103,,창녕군청 직원,35.545163,128.493024,,,웨이트,1,1,0,0,0
C2104,,창녕궁도장,35.522151,128.505121,,,국궁,1,0,1,0,0
C2105,,창녕그라운드골프장,35.520046,128.507144,,,골프,0,0,1,0,1
C2106,,창녕반다비체육센터,35.532732,128.497269,,,생활체육,1,1,0,0,0
C2107,,가포체육시설 배드민턴장,35.167753,128.560067,,,배드민턴,0,0,0,1,1
C2108,,가포체육시설 테니스장,35.167753,128.560067,,,테니스,0,0,0,1,1
C2109,,강무정,35.232500,128.666355,,,국궁,1,0,1,0,0
C2110,,늘푸른전당수영장,35.230161,128.654342,,,수영,0,1,1,1,0
C2111,,늘푸른전당체육관,35.229885,128.654765,,,생활체육,1,1,0,0,0
C2112,,대산면파크골프장,35.352577,128.720688,,,파크골프,0,0,1,0,0
C2113,,대산테니스장,35.333544,128.705971,,,테니스,0,0,0,1,1
C2114,,동읍주민운동장 테니스장,35.283919,128.679991,,,테니스,0,0,0,1,1
C2115,,두척동 그라운드골프장,35.227940,128.681834,,,골프,0,0,1,0,1
C2116,,마산실내체육관내수영장,35.221985,128.579580,,,수영,0,1,1,1,0
C2117,,마산종합운동장테니스장,35.221829,128.580194,,,테니스,0,0,0,1,1
C2118,,벽해정,35.170342,128.657695,,,국궁,1,0,1,0,0
C2119,,북면골프연습장,35.356098,128.634864,,,골프,0,0,1,0,1
C2120,,북면장애인파크골프장,35.375714,128.613216,,,파크골프,0,0,1,0,0
C2121,,삼진체육관,35.113682,128.469443,,,생활체육,1,1,0,0,0
C2122,,삼진체육시설 배드민턴장,35.113798,128.471295,,,배드민턴,0,0,0,1,1
C2123,,상남중앙체육공원 농구장,35.215006,128.691395,,,농구,0,0,0,1,1
C2124,,상남중앙체육공원 배드민턴장,35.215006,128.691395,,,배드민턴,0,0,0,1,1
C2125,,상남중앙체육공원 인라인구장,35.216676,128.692064,,,롤러,0,0,0,1,1
C2126,,성내그라운드골프장,35.112829,128.752135,,,골프,0,0,1,0,1
C2127,,성주주민운동장 농구장,35.183991,128.697210,,,농구,0,0,0,1,1
C2128,,성주주민운동장 테니스장,35.183991,128.697210,,,테니스,0,0,0,1,1
C2129,,소계체육공원 테니스장,35.260345,128.595860,,,테니스,0,0,0,1,1
C2130,,안민중학교옆체육시설배드민턴장,35.183991,128.697210,,,배드민턴,0,0,0,1,1
C2131,,올림픽기념국민생활관,35.221985,128.579580,,,생활체육,1,1,0,0,0
C2132,,용마정,35.222415,128.578697,,,국궁,1,0,1,0,0
C2133,,우리누리청소년문화센터실내수영장,35.240420,128.590362,,,수영,0,1,1,1,0
C2134,,우리누리청소년문화체육센터,35.240420,128.590362,,,생활체육,1,1,0,0,0
C2135,,웅남주민운동장 테니스장,35.198029,128.631251,,,테니스,0,0,0,1,1
C2136,,중앙체육공원 테니스장,35.215006,128.691395,,,테니스,0,0,0,1,1
C2137,,진동요장마을체육시설 테니스장,35.113499,128.493307,,,테니스,0,0,0,1,1
C2138,,진해시 시민회관 체육관,35.169184,128.659636,,,생활체육,1,1,0,0,0
C2139,,창원덕동시립테니스장,35.134003,128.567270,,,테니스,0,0,0,1,1
C2140,,추산공원 배드민턴장,35.204958,128.567958,,,배드민턴,0,0,0,1,1
C2141,,한마음푸르미운동장 농구장,35.220519,128.686405,,,농구,0,0,0,1,1
C2142,,한마음푸르미운동장 배드민턴장,35.220519,128.686405,,,배드민턴,0,0,0,1,1
C2143,,한마음푸르미운동장테니스장,35.220519,128.686403,,,테니스,0,0,0,1,1
C2144,,합성1동 주민운동장 농구장,35.246311,128.579568,,,농구,0,0,0,1,1
C2145,,호계파크골프장,35.263824,128.519071,,,파크골프,0,0,1,0,0
C2146,,회원2동그라운드골프장,35.221257,128.558979,,,골프,0,0,1,0,1
C2147,,가포체육공원 파크골프장,35.162722,128.577362,,,파크골프,0,0,1,0,0
C2148,,마산합포스포츠센터,35.176539,128.567540,,,생활체육,1,1,0,0,0
C2149,,서원곡씨름장 종합체련장,35.210589,128.562450,,,씨름,1,0,0,0,1
C2150,,정부청사관리본부 경남청사관리소 체력단련실,35.194988,128.572100,,,웨이트,1,1,0,0,0
C2151,,정부청사관리본부 경남청사관리소 테니스장,35.194988,128.572100,,,테니스,0,0,0,1,1
C2152,,진동종합복지타운,35.115948,128.483352,,,수영,0,1,1,1,0
C2153,,추산정구장,35.204600,128.569115,,,테니스,0,0,0,1,1
C2154,,내서문화체육센터,35.242796,128.503704,,,생활체육,1,1,0,0,0
C2155,,내서스포츠센터체육관,35.249758,128.521547,,,생활체육,1,1,0,0,0
C2156,,마산야구센터 인라인스케이트장,35.221985,128.579580,,,롤러,0,0,0,1,1
C2157,,마산체육관,35.221985,128.579580,,,생활체육,1,1,0,0,0
C2158,,창원 올림픽기념국민생활관,35.221985,128.579580,,,수영,0,1,1,1,0
C2159,,남양열린운동장 농구장,35.206233,128.706043,,,농구,0,0,0,1,1
C2160,,남양열린운동장 배드민턴장,35.206233,128.706043,,,배드민턴,0,0,0,1,1
C2161,,대방체육공원 농구장,35.217224,128.710570,,,농구,0,0,0,1,1
C2162,,대방체육공원 배드민턴장,35.217224,128.710570,,,배드민턴,0,0,0,1,1
C2163,,대방체육공원 테니스장,35.217224,128.710570,,,테니스,0,0,0,1,1
C2164,,반지어울림운동장 농구장,35.242644,128.659271,,,농구,0,0,0,1,1
C2165,,반지어울림운동장 배드민턴장,35.242644,128.659271,,,배드민턴,0,0,0,1,1
C2166,,반지어울림운동장 테니스장,35.242644,128.659271,,,테니스,0,0,0,1,1
C2167,,사파주민운동장 농구장,35.220607,128.698560,,,농구,0,0,0,1,1
C2168,,성산스포츠센터,35.206233,128.706043,,,생활체육,1,1,0,0,0
C2169,,성산스포츠센터빙상장,35.206235,128.706026,,,빙상,0,0,0,1,1
C2170,,시민생활체육관,35.222348,128.687981,,,생활체육,1,1,0,0,0
C2171,,신월운동장 농구장,35.229911,128.691800,,,농구,0,0,0,1,1
C2172,,신월운동장 배드민턴장,35.229911,128.691800,,,배드민턴,0,0,0,1,1
C2173,,신월운동장 테니스장,35.229911,128.691800,,,테니스,0,0,0,1,1
C2174,,용호운동장 농구장,35.236418,128.680435,,,농구,0,0,0,1,1
C2175,,창원롤러경기장,35.234007,128.664735,,,롤러,0,0,0,1,1
C2176,,창원롤러스케이트장,35.234007,128.664735,,,롤러,0,0,0,1,1
C2177,,창원시립테니스장,35.230799,128.698464,,,테니스,0,0,0,1,1
C2178,,창원시청,35.228368,128.681258,,,웨이트,1,1,0,0,0
C2179,,창원실내수영장,35.234007,128.664735,,,수영,0,1,1,1,0
C2180,,창원체육관,35.234007,128.664735,,,생활체육,1,1,0,0,0
C2181,,창원축구센터 다목적체육관,35.223790,128.707103,,,생활체육,1,1,0,0,0
C2182,,갈전운동장 배드민턴장,35.366825,128.680561,,,배드민턴,0,0,0,1,1
C2183,,감계복지센터,35.300475,128.595083,,,수영,0,1,1,1,0
C2184,,경남도청 배드민턴장,35.237803,128.691940,,,배드민턴,0,0,0,1,1
C2185,,경남도청 탁구장,35.237803,128.691940,,,탁구,0,0,0,1,1
C2186,,경남도청 테니스장,35.237803,128.691940,,,테니스,0,0,0,1,1
C2187,,경남도청 후생복지관,35.237803,128.691940,,,생활체육,1,1,0,0,0
C2188,,도계체육공원 테니스장,35.258352,128.641193,,,테니스,0,0,0,1,1
C2189,,동읍실내체육관,35.277354,128.690896,,,생활체육,1,1,0,0,0
C2190,,동읍실내체육관 배드민턴장,35.288701,128.682134,,,배드민턴,0,0,0,1,1
C2191,,명서2주민운동장 테니스장,35.250939,128.636913,,,테니스,0,0,0,1,1
C2192,,봉곡운동장 배드민턴장,35.245780,128.656669,,,배드민턴,0,0,0,1,1
C2193,,봉곡운동장 테니스장,35.245780,128.656669,,,테니스,0,0,0,1,1
C2194,,북면공설운동장 그라운드골프장,35.346190,128.617950,,,골프,0,0,1,0,1
C2195,,사림운동장 테니스장,35.248292,128.682694,,,테니스,0,0,0,1,1
C2196,,의창스포츠센터,35.256003,128.633859,,,생활체육,1,1,0,0,0
C2197,,의창스포츠센터빙상장,35.256003,128.633859,,,빙상,0,0,0,1,1
C2198,,의창스포츠파크,35.266299,128.617128,,,생활체육,1,1,0,0,0
C2199,,의창스포츠파크 배드민턴장,35.266299,128.617128,,,배드민턴,0,0,0,1,1
C2200,,의창스포츠파크 테니스장,35.266238,128.617055,,,테니스,0,0,0,1,1
C2201,,천주운동장 배드민턴장,35.261788,128.602016,,,배드민턴,0,0,0,1,1
C2202,,백구테니스장,35.148361,128.655454,,,테니스,0,0,0,1,1
C2203,,소사파크골프장,35.132199,128.780983,,,파크골프,0,0,1,0,0
C2204,,여좌국민체육센터,35.157630,128.664749,,,생활체육,1,1,0,0,0
C2205,,용원국민체육센터,35.106766,128.802876,,,생활체육,1,1,0,0,0
C2206,,장복테니스장,35.148361,128.655454,,,테니스,0,0,0,1,1
C2207,,진해국민체육센터,35.155208,128.706573,,,생활체육,1,1,0,0,0
C2208,,진해양궁장,35.122706,128.712102,,,양궁,1,0,1,0,0
C2209,,진해청소년전당 체육관,35.147220,128.658688,,,생활체육,1,1,0,0,0
C2210,,가오치마을 체력단련시설,34.905319,128.321392,,,웨이트,1,1,0,0,0
C2211,,가죽고랑 1길 쉼터 체력단련시설,34.845369,128.416237,,,웨이트,1,1,0,0,0
C2212,,간창골 우물 쉼터 체력단련시설,34.846869,128.421897,,,웨이트,1,1,0,0,0
C2213,,갈목 체력단련시설,34.848900,128.374097,,,웨이트,1,1,0,0,0
C2214,,견유마을 소공원 체력단련시설,34.888928,128.470636,,,웨이트,1,1,0,0,0
C2215,,견유마을 체력단련시설,34.888339,128.469674,,,웨이트,1,1,0,0,0
C2216,,곤리 체력단련시설,34.783707,128.368436,,,웨이트,1,1,0,0,0
C2217,,공설테니스장,34.857263,128.396231,,,테니스,0,0,0,1,1
C2218,,관청마을 체력단련시설,34.624764,128.275913,,,웨이트,1,1,0,0,0
C2219,,광도초교 쉼터 체력단련시설,34.900779,128.406035,,,웨이트,1,1,0,0,0
C2220,,광도테니스장,34.894313,128.411802,,,테니스,0,0,0,1,1
C2221,,광도파출소 앞  체력단련시설,34.883228,128.415825,,,웨이트,1,1,0,0,0
C2222,,광바우 등산로 체력단련시설,34.823080,128.392739,,,웨이트,1,1,0,0,0
C2223,,광바우 체력단련시설,34.824770,128.391532,,,웨이트,1,1,0,0,0
C2224,,광우화목 소공원 체력단련시설,34.858817,128.421849,,,웨이트,1,1,0,0,0
C2225,,국도마을 체력단련시설,34.546056,128.443649,,,웨이트,1,1,0,0,0
C2226,,국치마을 체력단련시설,34.835934,128.392981,,,웨이트,1,1,0,0,0
C2227,,금평 야소골 체력단련시설,34.806102,128.398791,,,웨이트,1,1,0,0,0
C2228,,금평 야소정 체력단련시설,34.809812,128.403128,,,웨이트,1,1,0,0,0
C2229,,기상대 주변 체력단련시설,34.844702,128.436024,,,웨이트,1,1,0,0,0
C2230,,기호마을 체력단련시설,34.873127,128.425525,,,웨이트,1,1,0,0,0
C2231,,남망산 산책로(1) 체력단련시설,34.840723,128.431145,,,웨이트,1,1,0,0,0
C2232,,남망산 산책로(2) 체력단련시설,34.841303,128.430892,,,웨이트,1,1,0,0,0
C2233,,남망산 산책로(3) 체력단련시설,34.841818,128.430081,,,웨이트,1,1,0,0,0
C2234,,남전마을 송정경로당 체력단련시설,34.800862,128.389441,,,웨이트,1,1,0,0,0
C2235,,남포 초등학교 앞 체력단련시설,34.824829,128.432780,,,웨이트,1,1,0,0,0
C2236,,내죽도공원 체력단련시설,34.881215,128.420743,,,웨이트,1,1,0,0,0
C2237,,내지마을 체력단련시설,34.855250,128.182313,,,웨이트,1,1,0,0,0
C2238,,내포마을 체력단련시설,34.900327,128.454845,,,웨이트,1,1,0,0,0
C2239,,내포마을(2) 체력단련시설,34.902061,128.455143,,,웨이트,1,1,0,0,0
C2240,,내항마을 체력단련시설,34.732756,128.461741,,,웨이트,1,1,0,0,0
C2241,,노산마을 쉼터 체력단련시설,34.899375,128.405175,,,웨이트,1,1,0,0,0
C2242,,노전마을 체력단련시설,34.917788,128.362026,,,웨이트,1,1,0,0,0
C2243,,노전마을입구 체력단련시설,34.912482,128.357422,,,웨이트,1,1,0,0,0
C2244,,능양마을 쉼터 체력단련시설,34.809682,128.238034,,,웨이트,1,1,0,0,0
C2245,,달아마을 체력단련시설,34.768111,128.408198,,,웨이트,1,1,0,0,0
C2246,,당금마을 체력단련시설,34.647245,128.574637,,,웨이트,1,1,0,0,0
C2247,,당동 체력단련시서설,34.836403,128.408582,,,웨이트,1,1,0,0,0
C2248,,당동시장 체력단련시설,34.836806,128.411133,,,웨이트,1,1,0,0,0
C2249,,대고포마을회관 체력단련시설,34.796470,128.483589,,,웨이트,1,1,0,0,0
C2250,,대방포마을 체력단련시설,34.893016,128.444158,,,웨이트,1,1,0,0,0
C2251,,대안마을 체력단련시설,34.878660,128.433880,,,웨이트,1,1,0,0,0
C2252,,대우상가아파트 도시계획도로 체력단련시설,34.824466,128.398874,,,웨이트,1,1,0,0,0
C2253,,대촌마을 입구 체력단련시설,34.917062,128.408015,,,웨이트,1,1,0,0,0
C2254,,대평노인당 앞 체력단련시설,34.854042,128.399943,,,웨이트,1,1,0,0,0
C2255,,대항마을 예비군훈련장 쉼터 체력단련시설,34.849270,128.211105,,,웨이트,1,1,0,0,0
C2256,,대항마을 체력단련시설,34.640389,128.570333,,,웨이트,1,1,0,0,0
C2257,,덕동마을(1) 체력단련시설,34.838196,128.220668,,,웨이트,1,1,0,0,0
C2258,,덕동마을(2) 체력단련시설,34.636126,128.238018,,,웨이트,1,1,0,0,0
C2259,,덕치느티나무쉼터 체력단련시설,34.901719,128.376508,,,웨이트,1,1,0,0,0
C2260,,덕치마을(경로당쉼터) 체력단련시설,34.902077,128.379543,,,웨이트,1,1,0,0,0
C2261,,덤바우 체력단련시설,34.845742,128.429163,,,웨이트,1,1,0,0,0
C2262,,도남동 쉼터 체력단련시설,34.827452,128.429787,,,웨이트,1,1,0,0,0
C2263,,도릿골 쉼터 체력단련시설,34.844750,128.408798,,,웨이트,1,1,0,0,0
C2264,,도선경로당 체력단련시설,34.932082,128.350115,,,웨이트,1,1,0,0,0
C2265,,도선경로당쉼터 체력단련시설,34.932082,128.350115,,,웨이트,1,1,0,0,0
C2266,,도천 새마을금고 옆 체력단련시설,34.834758,128.409262,,,웨이트,1,1,0,0,0
C2267,,도천동주민센터 뒤 쉼터 체력단련시설,34.839819,128.400878,,,웨이트,1,1,0,0,0
C2268,,돈지마을 체력단련시설,34.837744,128.180270,,,웨이트,1,1,0,0,0
C2269,,동개섬 체력단련시설,34.828174,128.434631,,,웨이트,1,1,0,0,0
C2270,,동림그린아파트 체력단련시설,34.886319,128.453439,,,웨이트,1,1,0,0,0
C2271,,동문하이빌주변쉼터 체력단련시설,34.828115,128.419397,,,웨이트,1,1,0,0,0
C2272,,동부(경포)마을 체력단련시설,34.828822,128.370939,,,웨이트,1,1,0,0,0
C2273,,동부마을 체력단련시설,34.915602,128.472145,,,웨이트,1,1,0,0,0
C2274,,동암마을(1) 체력단련시설,34.868000,128.450855,,,웨이트,1,1,0,0,0
C2275,,동암마을(2) 체력단련시설,34.868887,128.454716,,,웨이트,1,1,0,0,0
C2276,,동촌마을(1) 체력단련시설,34.895509,128.308436,,,웨이트,1,1,0,0,0
C2277,,동촌마을(2) 체력단련시설,34.895544,128.308559,,,웨이트,1,1,0,0,0
C2278,,동충3길 쉼터 체력단련시설,34.840717,128.422644,,,웨이트,1,1,0,0,0
C2279,,마동마을 체력단련시설,34.765769,128.422457,,,웨이트,1,1,0,0,0
C2280,,마상촌마을 체력단련시설,34.905703,128.334085,,,웨이트,1,1,0,0,0
C2281,,말구리 마을 체력단련시설,34.864078,128.426733,,,웨이트,1,1,0,0,0
C2282,,망일봉 산책로(1) 체력단련시설,34.846687,128.440401,,,웨이트,1,1,0,0,0
C2283,,망일봉 산책로(2) 체력단련시설,34.847114,128.440929,,,웨이트,1,1,0,0,0
C2284,,망일봉 산책로(3) 체력단련시설,34.846630,128.441611,,,웨이트,1,1,0,0,0
C2285,,망일봉 산책로(4) 체력단련시설,34.846630,128.441611,,,웨이트,1,1,0,0,0
C2286,,명정경로당 맞은편 체력단련시설,34.845467,128.418169,,,웨이트,1,1,0,0,0
C2287,,명정고개 체력단련시설,34.850404,128.407970,,,웨이트,1,1,0,0,0
C2288,,명정고개길(영신빌라 앞) 체력단련시설,34.846792,128.414903,,,웨이트,1,1,0,0,0
C2289,,명지마을 체력단련시설,34.827778,128.339381,,,웨이트,1,1,0,0,0
C2290,,무량마을 체력단련시설,34.960192,128.403905,,,웨이트,1,1,0,0,0
C2291,,무전 골프연습장 체력단련시설,34.855855,128.434897,,,골프,0,0,1,0,1
C2292,,무전해변공원 농구장,34.862338,128.421304,,,농구,0,0,0,1,1
C2293,,무전해변공원 체력단련시설,34.860262,128.419748,,,웨이트,1,1,0,0,0
C2294,,미륵산 띠밭등 체력단련시설,34.813183,128.418494,,,웨이트,1,1,0,0,0
C2295,,미수 88공원 체력단련시설,34.833711,128.409065,,,웨이트,1,1,0,0,0
C2296,,미수 일성유수안 옆 체력단련시설,34.830125,128.408685,,,웨이트,1,1,0,0,0
C2297,,미수소운동장테니스장,34.822263,128.405158,,,테니스,0,0,0,1,1
C2298,,미수해안로 체력단련시설,34.828601,128.401060,,,웨이트,1,1,0,0,0
C2299,,미수해양공원 체력단련시설,34.830346,128.404535,,,웨이트,1,1,0,0,0
C2300,,미조마을 체력단련시설,34.758147,128.288437,,,웨이트,1,1,0,0,0
C2301,,민양고개 도로변 체력단련시설,34.843700,128.391673,,,웨이트,1,1,0,0,0
C2302,,민양마을 버스종점 체력단련시설,34.843938,128.381550,,,웨이트,1,1,0,0,0
C2303,,민양쉼터 체력단련시설,34.844752,128.380011,,,웨이트,1,1,0,0,0
C2304,,민양어촌계 회관 앞 체력단련시설,34.844085,128.386030,,,웨이트,1,1,0,0,0
C2305,,민양운동장 체력단련시설,34.843901,128.383499,,,웨이트,1,1,0,0,0
C2306,,백학마을 쉼터 체력단련시설,34.814292,128.243906,,,웨이트,1,1,0,0,0
C2307,,범골 배수지 체력단련시설,34.894820,128.350349,,,웨이트,1,1,0,0,0
C2308,,법송경로당 체력단련시설,34.903122,128.364274,,,웨이트,1,1,0,0,0
C2309,,벽방산등산로 체력단련시설,34.943689,128.391864,,,웨이트,1,1,0,0,0
C2310,,봉암마을 독메산 체력단련시설,34.758904,128.509036,,,웨이트,1,1,0,0,0
C2311,,봉암마을 체력단련시설,34.760652,128.511475,,,웨이트,1,1,0,0,0
C2312,,봉암마을회관 체력단련시설,34.759286,128.511105,,,웨이트,1,1,0,0,0
C2313,,봉전마을 체력단련시설,34.784484,128.415953,,,웨이트,1,1,0,0,0
C2314,,봉평 체육공원 체력단련시설,34.828749,128.414188,,,웨이트,1,1,0,0,0
C2315,,북신성당 위 체력단련시설,34.853084,128.423771,,,웨이트,1,1,0,0,0
C2316,,북포루 등산로 체력단련시설,34.852272,128.420770,,,웨이트,1,1,0,0,0
C2317,,북포루 아래편 체력단련시설,34.851292,128.420696,,,웨이트,1,1,0,0,0
C2318,,분진포마을 체력단련시설,34.875514,128.371548,,,웨이트,1,1,0,0,0
C2319,,불곡마을 체력단련시설,34.632224,128.265510,,,웨이트,1,1,0,0,0
C2320,,비석고개 소공원 체력단련시설,34.849313,128.428696,,,웨이트,1,1,0,0,0
C2321,,사계마을 체력단련시설,34.902050,128.360204,,,웨이트,1,1,0,0,0
C2322,,사량면사무소 앞 체력단련시설,34.845448,128.219795,,,웨이트,1,1,0,0,0
C2323,,상리마을 체력단련시설,34.669210,128.246104,,,웨이트,1,1,0,0,0
C2324,,상삼마을 체력단련시설,34.855018,128.446516,,,웨이트,1,1,0,0,0
C2325,,상양지경로당 체력단련시설,34.883071,128.333921,,,웨이트,1,1,0,0,0
C2326,,상촌마을 체력단련시설,34.905975,128.368000,,,웨이트,1,1,0,0,0
C2327,,서촌마을 체력단련시설,34.898593,128.306971,,,웨이트,1,1,0,0,0
C2328,,서촌마을(2) 체력단련시설,34.634929,128.265394,,,웨이트,1,1,0,0,0
C2329,,선금체육공원 내 체력단련시설,34.821517,128.404499,,,웨이트,1,1,0,0,0
C2330,,선촌마을 체력단련시설,34.852168,128.450616,,,웨이트,1,1,0,0,0
C2331,,세병로 체력단련시설,34.849064,128.424738,,,웨이트,1,1,0,0,0
C2332,,세포고개 체력단련시설,34.820032,128.392053,,,웨이트,1,1,0,0,0
C2333,,세포마을회관 체력단련시설,34.816894,128.389229,,,웨이트,1,1,0,0,0
C2334,,소고포마을회관 체력단련시설,34.795676,128.487775,,,웨이트,1,1,0,0,0
C2335,,소포마을 체력단련시설,34.860939,128.406170,,,웨이트,1,1,0,0,0
C2336,,솔개3길 체력단련시설,34.838810,128.411181,,,웨이트,1,1,0,0,0
C2337,,송계마을 체력단련시설,34.885889,128.371598,,,웨이트,1,1,0,0,0
C2338,,수륙마을 체력단련시설,34.804100,128.441792,,,웨이트,1,1,0,0,0
C2339,,수우도 체력단련시설,34.853084,128.186669,,,웨이트,1,1,0,0,0
C2340,,수월마을 체력단련시설,34.888788,128.329108,,,웨이트,1,1,0,0,0
C2341,,신거마을 체력단련시설,34.778673,128.479539,,,웨이트,1,1,0,0,0
C2342,,신봉경로당 체력단련시설,34.794617,128.417075,,,웨이트,1,1,0,0,0
C2343,,신봉숲 체력단련시설,34.794994,128.417199,,,웨이트,1,1,0,0,0
C2344,,신우대영그린아파트 체력단련시설,34.841324,128.399483,,,웨이트,1,1,0,0,0
C2345,,신촌마을 체력단련시설,34.886206,128.469406,,,웨이트,1,1,0,0,0
C2346,,신한토탈아파트 체력단련시설,34.839529,128.416309,,,웨이트,1,1,0,0,0
C2347,,안정고속도로하부 체력단련시설,34.947027,128.406899,,,웨이트,1,1,0,0,0
C2348,,안황스포츠센터,34.949008,128.411988,,,골프,0,0,1,0,1
C2349,,야소골 등산로 체력단련시설,34.812083,128.405396,,,웨이트,1,1,0,0,0
C2350,,야소마을 체력단련시설,34.765071,128.501022,,,웨이트,1,1,0,0,0
C2351,,약샘이경로당 체력단련시설,34.845384,128.414752,,,웨이트,1,1,0,0,0
C2352,,양촌마을 체력단련시설,34.889072,128.445411,,,웨이트,1,1,0,0,0
C2353,,여황로 체력단련시설,34.833895,128.404118,,,웨이트,1,1,0,0,0
C2354,,연기마을 체력단련시설,34.873170,128.467031,,,웨이트,1,1,0,0,0
C2355,,연대마을 체력단련시설,34.736437,128.394960,,,웨이트,1,1,0,0,0
C2356,,연화마을 체력단련시설,34.648674,128.350655,,,웨이트,1,1,0,0,0
C2357,,열무정,34.839966,128.429038,,,국궁,1,0,1,0,0
C2358,,영생비치2차 일원 체력단련시설,34.837778,128.414390,,,웨이트,1,1,0,0,0
C2359,,영신빌라 체력단련시설,34.846792,128.414903,,,웨이트,1,1,0,0,0
C2360,,영운리 약수터 체력단련시설,34.812404,128.420247,,,웨이트,1,1,0,0,0
C2361,,예포마을(1) 체력단련시설,34.940661,128.424775,,,웨이트,1,1,0,0,0
C2362,,예포마을(2) 체력단련시설,34.935595,128.427927,,,웨이트,1,1,0,0,0
C2363,,오륜마을 체력단련시설,34.903656,128.343168,,,웨이트,1,1,0,0,0
C2364,,오사마을 체력단련시설,34.937431,128.372416,,,웨이트,1,1,0,0,0
C2365,,오산마을 체력단련시설,34.939434,128.356842,,,웨이트,1,1,0,0,0
C2366,,오촌마을 체력단련시설,34.875385,128.450714,,,웨이트,1,1,0,0,0
C2367,,오촌마을소공원 체력단련시설,34.874994,128.452938,,,웨이트,1,1,0,0,0
C2368,,옥녀봉입구 체력단련시설,34.849008,128.213520,,,웨이트,1,1,0,0,0
C2369,,옥동마을 체력단련시설,34.842842,128.201263,,,웨이트,1,1,0,0,0
C2370,,외지마을 체력단련시설,34.811992,128.216705,,,웨이트,1,1,0,0,0
C2371,,욕지테니스장,34.636146,128.261038,,,테니스,0,0,0,1,1
C2372,,용남생활체육공원 체력단련시설,34.884151,128.460812,,,웨이트,1,1,0,0,0
C2373,,용초마을 체력단련시설,34.745098,128.483098,,,웨이트,1,1,0,0,0
C2374,,용호마을 체력단련시설,34.873810,128.393655,,,웨이트,1,1,0,0,0
C2375,,용호마을(2) 체력단련시설,34.866493,128.405101,,,웨이트,1,1,0,0,0
C2376,,우포마을 쉼터 체력단련시설,34.855636,128.382887,,,웨이트,1,1,0,0,0
C2377,,우포마을 체력단련시설,34.853517,128.387251,,,웨이트,1,1,0,0,0
C2378,,운주쉼터 체력단련시설,34.850267,128.425450,,,웨이트,1,1,0,0,0
C2379,,워터피아 뒤 녹지대 체력단련시설,34.878453,128.414269,,,웨이트,1,1,0,0,0
C2380,,원당골 약수터 위 체력단련시설,34.825122,128.409522,,,웨이트,1,1,0,0,0
C2381,,원동마을 체력단련시설,34.932685,128.359729,,,웨이트,1,1,0,0,0
C2382,,원문마을회관 체력단련시설,34.869289,128.415459,,,웨이트,1,1,0,0,0
C2383,,원문생활공원 체력단련시설,34.869199,128.422259,,,웨이트,1,1,0,0,0
C2384,,원문소공원 체력단련시설,34.869402,128.422455,,,웨이트,1,1,0,0,0
C2385,,원항마을 체력단련시설,34.797614,128.382468,,,웨이트,1,1,0,0,0
C2386,,월드비치맨션 일원 체력단련시설,34.838844,128.415720,,,웨이트,1,1,0,0,0
C2387,,유성타워 맨션 앞 체력단련시설,34.822558,128.397360,,,웨이트,1,1,0,0,0
C2388,,음촌마을 체력단련시설,34.888390,128.443342,,,웨이트,1,1,0,0,0
C2389,,읍포마을 체력단련시설,34.820919,128.220330,,,웨이트,1,1,0,0,0
C2390,,이순신 공원 내 체력단련시설,34.845569,128.444982,,,웨이트,1,1,0,0,0
C2391,,이운마을 체력단련시설,34.799795,128.432093,,,웨이트,1,1,0,0,0
C2392,,인평교회 부근 체력단련시설,34.841319,128.398101,,,웨이트,1,1,0,0,0
C2393,,일성한우리아파트 일원 체력단련시설,34.837479,128.401849,,,웨이트,1,1,0,0,0
C2394,,일운마을 체력단련시설,34.809654,128.433569,,,웨이트,1,1,0,0,0
C2395,,임내마을 체력단련시설,34.958148,128.417191,,,웨이트,1,1,0,0,0
C2396,,입석마을 체력단련시설,34.627892,128.271956,,,웨이트,1,1,0,0,0
C2397,,자부마을 체력단련시설,34.635181,128.269970,,,웨이트,1,1,0,0,0
C2398,,작은개마을 체력단련시설,34.859757,128.410852,,,웨이트,1,1,0,0,0
C2399,,잠포마을 쉼터 체력단련시설,34.880703,128.357052,,,웨이트,1,1,0,0,0
C2400,,장막산 편백숲 체력단련시설,34.900980,128.359167,,,웨이트,1,1,0,0,0
C2401,,장수촌 인근 체력단련시설,34.889281,128.452340,,,웨이트,1,1,0,0,0
C2402,,장촌마을 체력단련시설,34.818410,128.370579,,,웨이트,1,1,0,0,0
C2403,,저도마을 체력단련시설,34.752809,128.400320,,,웨이트,1,1,0,0,0
C2404,,적덕마을 쉼터 체력단련시설,34.926670,128.426516,,,웨이트,1,1,0,0,0
C2405,,적촌마을 체력단련시설,34.896444,128.458746,,,웨이트,1,1,0,0,0
C2406,,전두마을 체력단련시설,34.910289,128.408521,,,웨이트,1,1,0,0,0
C2407,,조암마을 체력단련시설,34.887980,128.413535,,,웨이트,1,1,0,0,0
C2408,,주영라이프 주변 체력단련시설,34.848984,128.427828,,,웨이트,1,1,0,0,0
C2409,,주전2길 쉼터 체력단련시설,34.846991,128.425612,,,웨이트,1,1,0,0,0
C2410,,주전3길 쉼터 체력단련시설,34.847841,128.426930,,,웨이트,1,1,0,0,0
C2411,,주전골길 쉼터 체력단련시설,34.848507,128.426412,,,웨이트,1,1,0,0,0
C2412,,죽도마을 체력단련시설,34.734189,128.531981,,,웨이트,1,1,0,0,0
C2413,,죽림농구장,34.877108,128.413611,,,농구,0,0,0,1,1
C2414,,죽림리 고속도로 광도대교 하부 체력단련시설,34.878121,128.413255,,,웨이트,1,1,0,0,0
C2415,,죽림소공원(신우희가로아파트 앞) 체력단련시설,34.889378,128.419107,,,웨이트,1,1,0,0,0
C2416,,중부마을 체력단련시설,34.826859,128.358547,,,웨이트,1,1,0,0,0
C2417,,중앙지구 체력단련시설,34.846227,128.421589,,,웨이트,1,1,0,0,0
C2418,,중화마을 체력단련시설,34.788362,128.390787,,,웨이트,1,1,0,0,0
C2419,,지법(동래쉼터) 체력단련시설,34.896505,128.369556,,,웨이트,1,1,0,0,0
C2420,,진두마을 체력단련시설,34.768247,128.506873,,,웨이트,1,1,0,0,0
C2421,,진촌마을 체력단련시설,34.843527,128.225054,,,웨이트,1,1,0,0,0
C2422,,창동2길 체력단련시설,34.844735,128.424362,,,웨이트,1,1,0,0,0
C2423,,창포마을 회관 체력단련시설,34.910558,128.417924,,,웨이트,1,1,0,0,0
C2424,,천개마을 체력단련시설,34.923827,128.403548,,,웨이트,1,1,0,0,0
C2425,,천대마을 체력단련시설,34.839621,128.389252,,,웨이트,1,1,0,0,0
C2426,,천함산 체력단련시설,34.846604,128.393992,,,웨이트,1,1,0,0,0
C2427,,청구아파트 체력단련시설,34.866480,128.439193,,,웨이트,1,1,0,0,0
C2428,,추원마을 쉼터 체력단련시설,34.761278,128.529428,,,웨이트,1,1,0,0,0
C2429,,충렬사 맞은편 체력단련시설,34.846118,128.417668,,,웨이트,1,1,0,0,0
C2430,,충무고등학교 맞은편 체력단련시설,34.854482,128.425667,,,웨이트,1,1,0,0,0
C2431,,충무중학교 뒤편 체력단련시설,34.839618,128.396791,,,웨이트,1,1,0,0,0
C2432,,충무체육관,34.851080,128.428980,,,생활체육,1,1,0,0,0
C2433,,카멜리아파크골프장,34.947275,128.420679,,,파크골프,0,0,1,0,0
C2434,,케이블카 중간 지주대 주변 쉼터 체력단련시설,34.820402,128.423523,,,웨이트,1,1,0,0,0
C2435,,탄항마을 체력단련시설,34.673001,128.255386,,,웨이트,1,1,0,0,0
C2436,,탄항마을(2) 체력단련시설,34.673001,128.255386,,,웨이트,1,1,0,0,0
C2437,,테마 체력단련시설,34.838838,128.413691,,,웨이트,1,1,0,0,0
C2438,,토성고개 쉼터(1) 체력단련시설,34.850883,128.425456,,,웨이트,1,1,0,0,0
C2439,,토성고개 쉼터(2) 체력단련시설,34.850223,128.425497,,,웨이트,1,1,0,0,0
C2440,,통영IC 체력단련시설,34.869289,128.433311,,,웨이트,1,1,0,0,0
C2441,,통영교육청 앞 녹지대 쉼터 체력단련시설,34.882440,128.415838,,,웨이트,1,1,0,0,0
C2442,,통영국민체육센터수영장,34.803207,128.397914,,,수영,0,1,1,1,0
C2443,,통영산양스포츠파크테니스장,34.800911,128.399926,,,테니스,0,0,0,1,1
C2444,,통영수영장,34.858678,128.413320,,,수영,0,1,1,1,0
C2445,,통영시립테니스장,34.882149,128.459709,,,테니스,0,0,0,1,1
C2446,,통영여고 앞 체력단련시설,34.839394,128.411825,,,웨이트,1,1,0,0,0
C2447,,통영여중 뒤편 체력단련시설,34.841478,128.410194,,,웨이트,1,1,0,0,0
C2448,,통영중학교 옆 체력단련시설,34.828664,128.417736,,,웨이트,1,1,0,0,0
C2449,,통영체육관,34.856956,128.397614,,,생활체육,1,1,0,0,0
C2450,,통영체육청소년센터,34.874722,128.421278,,,수영,0,1,1,1,0
C2451,,통영향교 앞 체력단련시설,34.878831,128.408133,,,웨이트,1,1,0,0,0
C2452,,평림체육공원입구(1) 체력단련시설,34.862066,128.401041,,,웨이트,1,1,0,0,0
C2453,,평림체육공원입구(2) 체력단련시설,34.859203,128.398814,,,웨이트,1,1,0,0,0
C2454,,평인노을길 체력단련시설,34.860033,128.410336,,,웨이트,1,1,0,0,0
C2455,,평인일주도로변 체력단련시설,34.862376,128.395085,,,웨이트,1,1,0,0,0
C2456,,평촌마을 체력단련시설,34.936674,128.351858,,,웨이트,1,1,0,0,0
C2457,,하리마을 체력단련시설,34.666720,128.245573,,,웨이트,1,1,0,0,0
C2458,,하소리 보건지소 옆 체력단련시설,34.767348,128.508137,,,웨이트,1,1,0,0,0
C2459,,하포마을 체력단련시설,34.761324,128.476661,,,웨이트,1,1,0,0,0
C2460,,학림소공원 체력단련시설,34.747205,128.407301,,,웨이트,1,1,0,0,0
C2461,,한목마을 체력단련시설,34.644646,128.362683,,,웨이트,1,1,0,0,0
C2462,,한실아파트 체력단련시설,34.840467,128.399145,,,웨이트,1,1,0,0,0
C2463,,한진아파트 옆 체력단련시설,34.863732,128.421286,,,웨이트,1,1,0,0,0
C2464,,한퇴마을회관 체력단련시설,34.907176,128.392065,,,웨이트,1,1,0,0,0
C2465,,해미당 체력단련시설,34.853576,128.429753,,,웨이트,1,1,0,0,0
C2466,,해평해안도로변 쉼터 체력단련시설,34.833760,128.416368,,,웨이트,1,1,0,0,0
C2467,,헬기장 위편(1) 체력단련시설,34.851681,128.414589,,,웨이트,1,1,0,0,0
C2468,,헬기장 위편(2) 체력단련시설,34.851681,128.414589,,,웨이트,1,1,0,0,0
C2469,,헬기장 위편(3) 체력단련시설,34.851681,128.414589,,,웨이트,1,1,0,0,0
C2470,,호두마을 쉼터 체력단련시설,34.739495,128.502839,,,웨이트,1,1,0,0,0
C2471,,호암마을 체력단련시설,34.939590,128.417371,,,웨이트,1,1,0,0,0
C2472,,혼곡마을 체력단련시설,34.625451,128.259541,,,웨이트,1,1,0,0,0
C2473,,홀리마을 체력단련시설,34.886088,128.400329,,,웨이트,1,1,0,0,0
C2474,,고전 파크골프장,34.996843,127.784295,,,파크골프,0,0,1,0,0
C2475,,금남다목적체육관,34.949605,127.858786,,,생활체육,1,1,0,0,0
C2476,,금성다목적체육관,34.962234,127.792208,,,생활체육,1,1,0,0,0
C2477,,금성정,34.942481,127.794322,,,국궁,1,0,1,0,0
C2478,,금오정,34.949181,127.853098,,,국궁,1,0,1,0,0
C2479,,농어촌복합체육시설,35.063663,127.777875,,,생활체육,1,1,0,0,0
C2480,,수변공원(섬진강) 그라운드골프장,35.058505,127.754808,,,골프,0,0,1,0,1
C2481,,스포츠파크 실내테니스장,35.062948,127.778265,,,테니스,0,0,0,1,1
C2482,,옥산정,35.175148,127.881007,,,국궁,1,0,1,0,0
C2483,,옥종다목적생활공원 실내테니스장,35.186293,127.878954,,,테니스,0,0,0,1,1
C2484,,옥종다목적생활체육관,35.187120,127.877640,,,생활체육,1,1,0,0,0
C2485,,용산정,35.159090,127.712622,,,국궁,1,0,1,0,0
C2486,,이명정,35.014758,127.920617,,,국궁,1,0,1,0,0
C2487,,진교 파크골프장,35.018357,127.913720,,,파크골프,0,0,1,0,0
C2488,,청학정,35.238089,127.721319,,,국궁,1,0,1,0,0
C2489,,하동 반다비체육관,35.062948,127.778265,,,생활체육,1,1,0,0,0
C2490,,하동국민체육센터,35.062643,127.778890,,,생활체육,1,1,0,0,0
C2491,,하동체육관,35.063863,127.777541,,,생활체육,1,1,0,0,0
C2492,,하상정,35.057625,127.779956,,,국궁,1,0,1,0,0
C2493,,화개 다목적체육관,35.195196,127.628169,,,생활체육,1,1,0,0,0
C2494,,화개정,35.183563,127.627611,,,국궁,1,0,1,0,0
C2495,,횡강정,35.109653,127.808628,,,국궁,1,0,1,0,0
C2496,,횡천 배드민턴장,35.109578,127.808132,,,배드민턴,0,0,0,1,1
C2497,,횡천 파크골프장,35.115670,127.813607,,,파크골프,0,0,1,0,0
C2498,,가야그라운드골프장,35.283201,128.401468,,,골프,0,0,1,0,1
C2499,,가야정,35.281496,128.402710,,,국궁,1,0,1,0,0
C2500,,강나루 파크골프장,35.391275,128.513115,,,파크골프,0,0,1,0,0
C2501,,군북 그라운드골프장,35.264220,128.342886,,,골프,0,0,1,0,1
C2502,,군북 파크골프장,35.297027,128.318262,,,파크골프,0,0,1,0,0
C2503,,군북3ㆍ1기념체육관,35.265751,128.348319,,,생활체육,1,1,0,0,0
C2504,,대산 그라운드골프장,35.355724,128.432565,,,골프,0,0,1,0,1
C2505,,마륜정,35.312464,128.347123,,,국궁,1,0,1,0,0
C2506,,백이정,35.274124,128.350926,,,국궁,1,0,1,0,0
C2507,,법수 그라운드골프장,35.312312,128.347354,,,골프,0,0,1,0,1
C2508,,여항산 파크골프장,35.214209,128.436961,,,파크골프,0,0,1,0,0
C2509,,와룡정,35.301157,128.299717,,,국궁,1,0,1,0,0
C2510,,칠서 테니스장,35.363432,128.488947,,,테니스,0,0,0,1,1
C2511,,칠서이룡체육관,35.388001,128.503519,,,생활체육,1,1,0,0,0
C2512,,칠원 테니스장,35.311272,128.513395,,,테니스,0,0,0,1,1
C2513,,칠원읍 다목적실내체육관,35.284944,128.511470,,,생활체육,1,1,0,0,0
C2514,,함안 파크골프장,35.334108,128.367932,,,파크골프,0,0,1,0,0
C2515,,함안국민체육센터(함안군국민체육센터),35.309921,128.516047,,,생활체육,1,1,0,0,0
C2516,,함안군환경기초시설테니스장,36.497877,127.265434,,,테니스,0,0,0,1,1
C2517,,함안삼칠탁구장,35.311271,128.513395,,,탁구,0,0,0,1,1
C2518,,함안씨름장,35.282268,128.396520,,,씨름,1,0,0,0,1
C2519,,함안체육관,35.280408,128.397596,,,생활체육,1,1,0,0,0
C2520,,함안테니스장,35.283299,128.401231,,,테니스,0,0,0,1,1
C2521,,관덕정,35.620955,127.812123,,,국궁,1,0,1,0,0
C2522,,백전면 파크골프장,35.549505,127.637491,,,파크골프,0,0,1,0,0
C2523,,서하체육공원 골프연습장,35.647623,127.695430,,,골프,0,0,1,0,1
C2524,,안의생활체육공원 테니스장,35.628713,127.818525,,,테니스,0,0,0,1,1
C2525,,연암체육관,35.628888,127.817701,,,생활체육,1,1,0,0,0
C2526,,유림어울림체육관,35.466753,127.792634,,,생활체육,1,1,0,0,0
C2527,,지곡면다목적체육관,35.566608,127.772354,,,생활체육,1,1,0,0,0
C2528,,지덕정,35.397205,127.672138,,,국궁,1,0,1,0,0
C2529,,함양국민체육센터,35.517492,127.714193,,,수영,0,1,1,1,0
C2530,,함양군체육회관,35.518412,127.715693,,,웨이트,1,1,0,0,0
C2531,,함양생활체육공원 테니스장,35.517200,127.716300,,,테니스,0,0,0,1,1
C2532,,함양스포츠파크 체육관,35.516695,127.713874,,,생활체육,1,1,0,0,0
C2533,,함양실내테니스장,35.517200,127.716300,,,테니스,0,0,0,1,1
C2534,,함양탁구회관,35.520189,127.715994,,,탁구,0,0,0,1,1
C2535,,호연정,35.520653,127.717348,,,국궁,1,0,1,0,0
C2536,,휴천그라운드골프장,35.478400,127.745536,,,골프,0,0,1,0,1
C2537,,가야국민체육센터,35.768030,128.134770,,,생활체육,1,1,0,0,0
C2538,,가야테니스장,35.757177,128.136513,,,테니스,0,0,0,1,1
C2539,,군민생활체육공원테니스장,35.564028,128.151451,,,테니스,0,0,0,1,1
C2540,,남부권 골프연습장,35.408597,128.123504,,,골프,0,0,1,0,1
C2541,,농구장(야로중학교 내),35.704424,128.166631,,,농구,0,0,0,1,1
C2542,,다목적체육관,35.560661,128.153083,,,생활체육,1,1,0,0,0
C2543,,대병테니스장,35.522216,128.018222,,,테니스,0,0,0,1,1
C2544,,대양국민체육센터,35.518589,128.172901,,,생활체육,1,1,0,0,0
C2545,,동부권 골프연습장,35.557049,128.265561,,,골프,0,0,1,0,1
C2546,,배드민턴(야로체육관 내),35.704440,128.167228,,,배드민턴,0,0,0,1,1
C2547,,북부권 골프연습장,35.704191,128.165732,,,골프,0,0,1,0,1
C2548,,야로테니스장(야로중학교내),35.704980,128.167280,,,테니스,0,0,0,1,1
C2549,,율곡국민체육센터,35.574721,128.217137,,,생활체육,1,1,0,0,0
C2550,,의룡정,35.543001,128.092374,,,국궁,1,0,1,0,0
C2551,,죽죽정,35.560649,128.165990,,,국궁,1,0,1,0,0
C2552,,청덕체육관,35.557533,128.319125,,,생활체육,1,1,0,0,0
C2553,,초계테니스장,35.557046,128.266119,,,테니스,0,0,0,1,1
C2554,,초팔정,35.542961,128.261095,,,국궁,1,0,1,0,0
C2555,,함벽루체육공원테니스장,35.563440,128.170824,,,테니스,0,0,0,1,1
C2556,,합천군스포츠센터,35.562331,128.150719,,,생활체육,1,1,0,0,0
C2557,,합천실내수영장,35.561545,128.153346,,,수영,0,1,1,1,0
C2558,,합천인라인스케이트장,35.562411,128.170037,,,롤러,0,0,0,1,1
C2559,,합천체육관,35.561545,128.153346,,,생활체육,1,1,0,0,0
C2560,,경산국민체육센터,35.871573,128.817428,,,생활체육,1,1,0,0,0
C2561,,경산국제클라이밍파크,35.801688,128.796612,,,클라이밍,1,0,1,0,0
C2562,,경산그라운드골프장,35.832852,128.733488,,,골프,0,0,1,0,1
C2563,,경산생활체육공원 럭비구장,35.821117,128.743773,,,웨이트,1,1,0,0,0
C2564,,경산생활체육공원농구장,35.821117,128.743773,,,농구,0,0,0,1,1
C2565,,경산생활체육공원인라인스케이트장,35.821117,128.743775,,,롤러,0,0,0,1,1
C2566,,경산생활체육공원테니스장,35.821117,128.743775,,,테니스,0,0,0,1,1
C2567,,경산수영장,35.820862,128.747260,,,수영,0,1,1,1,0
C2568,,경산시 문화회관,35.911523,128.812804,,,생활체육,1,1,0,0,0
C2569,,경산실내체육관,35.821117,128.743775,,,생활체육,1,1,0,0,0
C2570,,경산청년지식놀이터,35.841274,128.760003,,,생활체육,1,1,0,0,0
C2571,,경산파크골프장,35.841364,128.727888,,,파크골프,0,0,1,0,0
C2572,,금락5어린이공원(농구장),35.908608,128.817877,,,농구,0,0,0,1,1
C2573,,금호강 둔치01(농구장),35.906555,128.818365,,,농구,0,0,0,1,1
C2574,,남천 둔치02(농구장),35.827003,128.731271,,,농구,0,0,0,1,1
C2575,,대평2어린이공원(농구장),35.836340,128.733239,,,농구,0,0,0,1,1
C2576,,물빛파크골프장,35.892469,128.792327,,,파크골프,0,0,1,0,0
C2577,,백천제2어린이공원-3(배드민턴장),35.801901,128.739874,,,배드민턴,0,0,0,1,1
C2578,,삼성현역사문화공원 국궁장,35.801688,128.796612,,,국궁,1,0,1,0,0
C2579,,상방어린이공원-2(롤러스케이트장),35.812004,128.742237,,,롤러,0,0,0,1,1
C2580,,성암생활체육관,35.817485,128.727549,,,생활체육,1,1,0,0,0
C2581,,신대부적2어린이공원-3(배드민턴장),35.840869,128.763411,,,배드민턴,0,0,0,1,1
C2582,,신상3어린이공원-2(농구장),35.873035,128.820501,,,농구,0,0,0,1,1
C2583,,옥산5어린이공원-6(배드민턴장),35.831441,128.725066,,,배드민턴,0,0,0,1,1
C2584,,임당근린공원-5(배드민턴장),35.842671,128.752452,,,배드민턴,0,0,0,1,1
C2585,,자인테니스장,35.826430,128.827523,,,테니스,0,0,0,1,1
C2586,,정평1어린이공원-4(농구장),35.835867,128.727406,,,농구,0,0,0,1,1
C2587,,조산천 둔치01(농구장 - 하양생활체육공원),35.911225,128.828592,,,농구,0,0,0,1,1
C2588,,중산근린공원-4(농구장),35.828541,128.726712,,,농구,0,0,0,1,1
C2589,,중산근린공원-5(배드민턴장),35.828541,128.726712,,,배드민턴,0,0,0,1,1
C2590,,지식9근린공원-2(농구장),35.932499,128.825332,,,농구,0,0,0,1,1
C2591,,진량근린공원-4(농구장),35.872865,128.814208,,,농구,0,0,0,1,1
C2592,,하양체육공원 정구장,35.911778,128.831116,,,테니스,0,0,0,1,1
C2593,,하양파크골프장,35.910281,128.834267,,,파크골프,0,0,1,0,0
C2594,,현창소공원-2(농구장),35.864062,128.766972,,,농구,0,0,0,1,1
C2595,,협석리 등산로 체력단련장,35.794602,128.737151,,,웨이트,1,1,0,0,0
C2596,,감포그라운드골프장,35.791688,129.490300,,,골프,0,0,1,0,1
C2597,,건천생활체육공원 테니스장,35.842403,129.094745,,,테니스,0,0,0,1,1
C2598,,경주국민체육센터,35.879045,129.217090,,,생활체육,1,1,0,0,0
C2599,,경주국민체육센터수영장,35.879045,129.217090,,,수영,0,1,1,1,0
C2600,,경주베이스볼파크 인공암벽장,35.864796,129.281298,,,클라이밍,1,0,1,0,0
C2601,,경주실내체육관,35.860645,129.209117,,,생활체육,1,1,0,0,0
C2602,,경주파크골프장,35.857208,129.200080,,,파크골프,0,0,1,0,0
C2603,,내남파크골프장,35.755104,129.203784,,,파크골프,0,0,1,0,0
C2604,,북경주파크골프장,35.971358,129.235137,,,파크골프,0,0,1,0,0
C2605,,북천그라운드골프1구장,35.846115,129.227604,,,골프,0,0,1,0,1
C2606,,북천그라운드골프2구장,35.846858,129.226106,,,골프,0,0,1,0,1
C2607,,북천생활체육공원 강변테니스장,35.844930,129.227153,,,테니스,0,0,0,1,1
C2608,,북천생활체육공원 시민테니스장,35.846191,129.227534,,,테니스,0,0,0,1,1
C2609,,불국체육센터,35.784498,129.324556,,,생활체육,1,1,0,0,0
C2610,,서경주실내체육관,35.841000,129.092675,,,생활체육,1,1,0,0,0
C2611,,서경주파크골프장,35.841338,129.092897,,,파크골프,0,0,1,0,0
C2612,,알천파크골프장,35.840734,129.243361,,,파크골프,0,0,1,0,0
C2613,,외동생활체육공원 테니스장,35.721922,129.336317,,,테니스,0,0,0,1,1
C2614,,황성공원국궁장(호림정),35.857362,129.215746,,,국궁,1,0,1,0,0
C2615,,황성공원롤러스케이트장,35.859740,129.210517,,,롤러,0,0,0,1,1
C2616,,황성공원씨름장,35.859397,129.214262,,,씨름,1,0,0,0,1
C2617,,고령국민체육센터,35.723576,128.263094,,,수영,0,1,1,1,0
C2618,,고령군민체육관,35.737148,128.272117,,,생활체육,1,1,0,0,0
C2619,,고령테니스장,35.727181,128.280809,,,테니스,0,0,0,1,1
C2620,,그라운드골프장,35.743083,128.267555,,,골프,0,0,1,0,1
C2621,,쌍림국민체육센터,35.678647,128.241948,,,웨이트,1,1,0,0,0
C2622,,주산체육관,35.729111,128.262802,,,생활체육,1,1,0,0,0
C2623,,파크골프장 내  야외운동기구,35.726675,128.276854,,,파크골프,0,0,1,0,0
C2624,,강동(구미)국민체육센터,36.103603,128.428131,,,생활체육,1,1,0,0,0
C2625,,고아시니어스포츠파크,36.209255,128.324843,,,생활체육,1,1,0,0,0
C2626,,구미 올림픽기념국민생활관,36.123534,128.328938,,,생활체육,1,1,0,0,0
C2627,,구미 올림픽기념국민생활관수영장,36.123468,128.328678,,,수영,0,1,1,1,0
C2628,,구미근로자종합복지회관수영장,36.105024,128.384007,,,수영,0,1,1,1,0
C2629,,구미시 궁도장,36.101715,128.401040,,,국궁,1,0,1,0,0
C2630,,구미시근로자문화센타수영장,36.134814,128.429587,,,수영,0,1,1,1,0
C2631,,구미천 그라운드골프장,36.126196,128.356725,,,골프,0,0,1,0,1
C2632,,구미천 장애인파크골프장,36.129511,128.341172,,,파크골프,0,0,1,0,0
C2633,,구미파크골프장,36.158221,128.384833,,,파크골프,0,0,1,0,0
C2634,,구평동 농구장 체육시설,36.093953,128.435972,,,농구,0,0,0,1,1
C2635,,도개파크골프장,36.299616,128.324499,,,파크골프,0,0,1,0,0
C2636,,도봉국민체육센터,36.145101,128.322486,,,생활체육,1,1,0,0,0
C2637,,동락파크골프장,36.094110,128.399860,,,파크골프,0,0,1,0,0
C2638,,들성생활체육센터,36.157238,128.340395,,,생활체육,1,1,0,0,0
C2639,,박정희체육관,36.110493,128.353993,,,생활체육,1,1,0,0,0
C2640,,비산나루터 체육공원,36.123987,128.384048,,,웨이트,1,1,0,0,0
C2641,,사곡동 씨름연습장,36.098197,128.353827,,,씨름,1,0,0,0,1
C2642,,선산체육관,36.257909,128.290495,,,생활체육,1,1,0,0,0
C2643,,선산파크골프장,36.222619,128.349329,,,파크골프,0,0,1,0,0
C2644,,양포파크골프장,36.126004,128.385104,,,파크골프,0,0,1,0,0
C2645,,용산리 배드민턴장,36.326981,128.306882,,,배드민턴,0,0,0,1,1
C2646,,원리 농구장,36.247397,128.207144,,,농구,0,0,0,1,1
C2647,,월림리 체력단련장,36.312768,128.327532,,,웨이트,1,1,0,0,0
C2648,,주아리 테니스장,36.295305,128.278721,,,테니스,0,0,0,1,1
C2649,,해평파크골프장,36.241890,128.345513,,,파크골프,0,0,1,0,0
C2650,,군위생활체육공원,36.242798,128.561677,,,씨름,1,0,0,0,1
C2651,,[감문면] 보광리 테니스장,36.210558,128.173920,,,테니스,0,0,0,1,1
C2652,,그라운드골프장,36.497877,127.265434,,,골프,0,0,1,0,1
C2653,,김천국민체육센터,36.144924,128.088088,,,생활체육,1,1,0,0,0
C2654,,김천국제실내테니스장,36.144924,128.088088,,,테니스,0,0,0,1,1
C2655,,김천실내수영장,36.144924,128.088088,,,수영,0,1,1,1,0
C2656,,김천실내체육관,36.144924,128.088088,,,생활체육,1,1,0,0,0
C2657,,김천율곡테니스장,36.127150,128.197085,,,테니스,0,0,0,1,1
C2658,,김천인공암벽장,36.139694,128.086502,,,클라이밍,1,0,1,0,0
C2659,,김천인라인롤러경기장,36.144924,128.088088,,,롤러,0,0,0,1,1
C2660,,김천테니스장,36.144924,128.088088,,,테니스,0,0,0,1,1
C2661,,김천파크골프장,36.127685,128.136637,,,파크골프,0,0,1,0,0
C2662,,수영(다이빙)지상훈련장,36.144924,128.088088,,,수영,0,1,1,1,0
C2663,,종합경기장궁도장,36.144924,128.088088,,,국궁,1,0,1,0,0
C2664,,중왕리 테니스장,36.180912,128.113066,,,테니스,0,0,0,1,1
C2665,,체력단련장[감문 삼성보건진료소],36.229638,128.171163,,,웨이트,1,1,0,0,0
C2666,,체력단련장[아포보건소],36.158806,128.260422,,,웨이트,1,1,0,0,0
C2667,,체력단련장[어모면 보건지소],36.179961,128.117433,,,웨이트,1,1,0,0,0
C2668,,가은 청솔공원 파크골프장,36.615822,128.039282,,,파크골프,0,0,1,0,0
C2669,,농암 대정 파크골프장,36.593860,128.004580,,,파크골프,0,0,1,0,0
C2670,,동로 파크골프장,36.772703,128.314952,,,파크골프,0,0,1,0,0
C2671,,라지볼탁구장,36.600393,128.219137,,,탁구,0,0,0,1,1
C2672,,모전공원 농구장,36.587832,128.187100,,,농구,0,0,0,1,1
C2673,,모전근린공원테니스장,36.590630,128.184206,,,테니스,0,0,0,1,1
C2674,,문경국궁장,36.642982,128.129996,,,국궁,1,0,1,0,0
C2675,,문경국제소프트테니스장,36.595482,128.186256,,,테니스,0,0,0,1,1
C2676,,문경국제클라이밍센터,36.602947,128.212178,,,클라이밍,1,0,1,0,0
C2677,,문경문화체육센터,36.737941,128.102410,,,생활체육,1,1,0,0,0
C2678,,문경배드민턴경기장,36.595832,128.186231,,,배드민턴,0,0,0,1,1
C2679,,문경시국민체육센터,36.595462,128.185411,,,수영,0,1,1,1,0
C2680,,문경실내체육관,36.596120,128.187013,,,생활체육,1,1,0,0,0
C2681,,문경온누리스포츠센터,36.594429,128.185579,,,생활체육,1,1,0,0,0
C2682,,문경천하장사씨름장,36.704789,128.118631,,,씨름,1,0,0,0,1
C2683,,영강천변파크골프장,36.614170,128.209578,,,파크골프,0,0,1,0,0
C2684,,영강체육공원인라인스케이트장,36.603127,128.212348,,,롤러,0,0,0,1,1
C2685,,영강체육공원테니스장,36.603088,128.212373,,,테니스,0,0,0,1,1
C2686,,하리 그라운드골프장,36.731137,128.106827,,,골프,0,0,1,0,1
C2687,,내성천생활체육공원 농구장2,36.890263,128.737860,,,농구,0,0,0,1,1
C2688,,내성천생활체육공원 테니스장,36.890263,128.737860,,,테니스,0,0,0,1,1
C2689,,명호면 행정복지센터 체력단련장,36.858661,128.900458,,,웨이트,1,1,0,0,0
C2690,,법전1리 체력단련장,36.912011,128.876461,,,웨이트,1,1,0,0,0
C2691,,복합스포츠단지 테니스장,36.895584,128.728937,,,테니스,0,0,0,1,1
C2692,,봉성면 테니스장,36.882077,128.817181,,,테니스,0,0,0,1,1
C2693,,봉화국민체육센터 생활체육관,36.896123,128.728183,,,생활체육,1,1,0,0,0
C2694,,봉화국민체육센터 탁구장,36.896096,128.728331,,,탁구,0,0,0,1,1
C2695,,봉화국민체육센터 헬스장,36.896096,128.728331,,,웨이트,1,1,0,0,0
C2696,,봉화국민체육센터(봉화국민체육센터 수영장),36.896123,128.728183,,,수영,0,1,1,1,0
C2697,,봉화군민체육관,36.888325,128.742893,,,생활체육,1,1,0,0,0
C2698,,봉화궁도장(청량정),36.913098,128.836008,,,국궁,1,0,1,0,0
C2699,,봉화내성천 농구장,36.887716,128.731930,,,농구,0,0,0,1,1
C2700,,봉화내성천 인라인장,36.887716,128.731930,,,롤러,0,0,0,1,1
C2701,,봉화내성천 파크골프장,36.887716,128.731930,,,파크골프,0,0,1,0,0
C2702,,봉화복합스포츠단지 농구장,36.895118,128.727707,,,농구,0,0,0,1,1
C2703,,봉화복합스포츠단지 실내 테니스장,36.895118,128.727707,,,테니스,0,0,0,1,1
C2704,,봉화복합스포츠단지 씨름장,36.895118,128.727707,,,씨름,1,0,0,0,1
C2705,,상운면 농구장,36.836400,128.755566,,,농구,0,0,0,1,1
C2706,,상운면테니스장,36.836045,128.755827,,,테니스,0,0,0,1,1
C2707,,석포면주민쉼터공원 테니스장,37.046035,129.065790,,,테니스,0,0,0,1,1
C2708,,석포주민종합체육센터 실내체육관,37.043907,129.065289,,,생활체육,1,1,0,0,0
C2709,,석포주민종합체육센터 인라인스케이트장,37.043907,129.065289,,,롤러,0,0,0,1,1
C2710,,석포테니스장,37.045716,129.067249,,,테니스,0,0,0,1,1
C2711,,소천테니스장,36.943535,129.005043,,,테니스,0,0,0,1,1
C2712,,은어송이테마공원 그라운드골프장,36.888013,128.725514,,,골프,0,0,1,0,1
C2713,,인라인장 옆,36.887718,128.731923,,,롤러,0,0,0,1,1
C2714,,청량산캠핑장 야외체육공간(농구장),36.787437,128.892680,,,농구,0,0,0,1,1
C2715,,청소년센터 체력단련장,36.887888,128.739064,,,웨이트,1,1,0,0,0
C2716,,춘양체육관,36.937069,128.919285,,,생활체육,1,1,0,0,0
C2717,,테니스장 옆,36.888851,128.731105,,,테니스,0,0,0,1,1
C2718,,다목적 생활체육관,36.432394,128.162834,,,생활체육,1,1,0,0,0
C2719,,상주국민체육센터,36.422492,128.184092,,,생활체육,1,1,0,0,0
C2720,,상주국민체육센터수영장,36.422492,128.184092,,,수영,0,1,1,1,0
C2721,,상주시민운동장씨름경기장,36.432394,128.162836,,,씨름,1,0,0,0,1
C2722,,상주시민테니스장,36.432394,128.162836,,,테니스,0,0,0,1,1
C2723,,상주시복싱체육관,36.432394,128.162836,,,생활체육,1,1,0,0,0
C2724,,상주시생활체육공원인라인롤러경기장,36.422492,128.184092,,,롤러,0,0,0,1,1
C2725,,상주시생활체육공원테니스장,36.422492,128.184092,,,테니스,0,0,0,1,1
C2726,,상주시실내체육관(구관),36.432394,128.162836,,,생활체육,1,1,0,0,0
C2727,,상주시실내체육관(신관),36.432394,128.162836,,,생활체육,1,1,0,0,0
C2728,,상주인공암벽장,36.429812,128.162788,,,클라이밍,1,0,1,0,0
C2729,,이소리 동네체육시설(골프연습장),36.388477,127.958729,,,골프,0,0,1,0,1
C2730,,함창읍 신흥체육공원 농구장,36.497877,127.265434,,,농구,0,0,0,1,1
C2731,,화서면 달천리 동네체육시설(골프장),36.442219,127.945767,,,골프,0,0,1,0,1
C2732,,가암2리 마을회관,35.938781,128.245106,,,웨이트,1,1,0,0,0
C2733,,경산리(1) 체육시설,35.918025,128.287289,,,웨이트,1,1,0,0,0
C2734,,경산리(2)체육시설,35.914412,128.286144,,,웨이트,1,1,0,0,0
C2735,,계정리(1) 체육시설,35.804272,128.224688,,,웨이트,1,1,0,0,0
C2736,,관화리 체육시설,35.908421,128.352879,,,웨이트,1,1,0,0,0
C2737,,관화리(2) 체육시설,35.901069,128.349219,,,웨이트,1,1,0,0,0
C2738,,광산리(2) 체육시설,35.914335,128.173121,,,웨이트,1,1,0,0,0
C2739,,금산리(1) 체육시설,35.948301,128.280346,,,웨이트,1,1,0,0,0
C2740,,금산리(2) 체육시설,35.944092,128.284947,,,웨이트,1,1,0,0,0
C2741,,금산리(3) 체육시설,35.940378,128.289941,,,웨이트,1,1,0,0,0
C2742,,금산리(4) 체육시설,35.938565,128.288143,,,웨이트,1,1,0,0,0
C2743,,기산2리 야외운동기구,35.855621,128.351970,,,웨이트,1,1,0,0,0
C2744,,대산리(1) 체육시설,35.945210,128.325856,,,웨이트,1,1,0,0,0
C2745,,대장리 체육시설,35.973347,128.264852,,,웨이트,1,1,0,0,0
C2746,,대장리(1) 체육시설,35.981038,128.264946,,,웨이트,1,1,0,0,0
C2747,,대장리(2) 체육시설,35.980351,128.254383,,,웨이트,1,1,0,0,0
C2748,,대장리(3) 야외운동기구,35.977076,128.264101,,,웨이트,1,1,0,0,0
C2749,,대천리 체육시설,35.881067,128.184529,,,웨이트,1,1,0,0,0
C2750,,대천리(2) 체육시설,35.882207,128.181771,,,웨이트,1,1,0,0,0
C2751,,대황리(1)체육시설,35.902640,128.278314,,,웨이트,1,1,0,0,0
C2752,,대황리(2)체육시설,35.904135,128.256294,,,웨이트,1,1,0,0,0
C2753,,대황리(3) 체육시설,35.903748,128.265456,,,웨이트,1,1,0,0,0
C2754,,대황리(4) 체육시설,35.908182,128.274996,,,웨이트,1,1,0,0,0
C2755,,대흥리(1) 체육시설,35.913266,128.256330,,,웨이트,1,1,0,0,0
C2756,,대흥리(2) 체육시설,35.918324,128.263917,,,웨이트,1,1,0,0,0
C2757,,도남리 체육시설,35.900283,128.185036,,,웨이트,1,1,0,0,0
C2758,,도남리(2) 체육시설,35.890827,128.182481,,,웨이트,1,1,0,0,0
C2759,,도성2길(1) 체육시설,35.885838,128.364221,,,웨이트,1,1,0,0,0
C2760,,도성리(마안골) 마을회관,35.892345,128.372392,,,웨이트,1,1,0,0,0
C2761,,도흥리(1) 체육시설,35.900925,128.388351,,,웨이트,1,1,0,0,0
C2762,,도흥리(2) 체육시설,35.904472,128.376080,,,웨이트,1,1,0,0,0
C2763,,동암1리 사정골 쉼터 야외운동기구,35.892276,128.347144,,,웨이트,1,1,0,0,0
C2764,,동원리 체육시설,35.859413,128.165473,,,웨이트,1,1,0,0,0
C2765,,동포리 체육시설,35.985451,128.257652,,,웨이트,1,1,0,0,0
C2766,,마수리(1) 체육시설,35.855795,128.141237,,,웨이트,1,1,0,0,0
C2767,,마월리(1) 체육시설,35.853936,128.293843,,,웨이트,1,1,0,0,0
C2768,,매수리(1) 체육시설,35.935980,128.201039,,,웨이트,1,1,0,0,0
C2769,,매수리(2) 체육시설,35.938043,128.194084,,,웨이트,1,1,0,0,0
C2770,,명천리(1) 체육시설,35.915802,128.205262,,,웨이트,1,1,0,0,0
C2771,,명포리(1) 체육시설,35.870019,128.307347,,,웨이트,1,1,0,0,0
C2772,,명포리(2) 체육시설,35.880308,128.321197,,,웨이트,1,1,0,0,0
C2773,,명포리(3) 체육시설,35.875473,128.315635,,,웨이트,1,1,0,0,0
C2774,,무학리 체육시설,35.926042,128.098054,,,웨이트,1,1,0,0,0
C2775,,문명6길 체육시설,35.872810,128.363319,,,웨이트,1,1,0,0,0
C2776,,백운리 체육시설,35.802866,128.147543,,,웨이트,1,1,0,0,0
C2777,,백운리(2)체육시설,35.796557,128.148557,,,웨이트,1,1,0,0,0
C2778,,법전리(1) 체육시설,35.860788,128.130440,,,웨이트,1,1,0,0,0
C2779,,벽봉로 체육시설,35.963434,128.200332,,,웨이트,1,1,0,0,0
C2780,,벽봉로(2) 체육시설,36.020763,128.182773,,,웨이트,1,1,0,0,0
C2781,,보암리(1) 체육시설,35.958957,128.291234,,,웨이트,1,1,0,0,0
C2782,,보월리 야외운동기구,35.803458,128.267473,,,웨이트,1,1,0,0,0
C2783,,본리3길 체육시설,35.848092,128.323503,,,웨이트,1,1,0,0,0
C2784,,본리리 체육시설,35.837053,128.324234,,,웨이트,1,1,0,0,0
C2785,,본리리(2) 체육시설,35.838632,128.323290,,,웨이트,1,1,0,0,0
C2786,,봉계길 체육시설,35.925811,128.231797,,,웨이트,1,1,0,0,0
C2787,,봉계리(1) 체육시설,35.940835,128.221691,,,웨이트,1,1,0,0,0
C2788,,봉정리 체육시설,35.998503,128.258952,,,웨이트,1,1,0,0,0
C2789,,봉정리(2) 체육시설,36.001733,128.259965,,,웨이트,1,1,0,0,0
C2790,,봉학리 야외운동기구,35.976010,128.181420,,,웨이트,1,1,0,0,0
C2791,,삼산리(1) 체육시설,35.921620,128.300232,,,웨이트,1,1,0,0,0
C2792,,삼산리(2) 체육시설,35.933647,128.298806,,,웨이트,1,1,0,0,0
C2793,,삼산리(3) 체육시설,35.933528,128.299298,,,웨이트,1,1,0,0,0
C2794,,상언리 체육시설,35.846585,128.340413,,,웨이트,1,1,0,0,0
C2795,,상언리(2) 체육시설,35.835626,128.333963,,,웨이트,1,1,0,0,0
C2796,,선남파크골프장,35.901492,128.346605,,,파크골프,0,0,1,0,0
C2797,,선원1리 야외운동기구,35.867196,128.378755,,,웨이트,1,1,0,0,0
C2798,,선원리(2) 체육시설,35.882717,128.386282,,,웨이트,1,1,0,0,0
C2799,,선원리(3) 체육시설,35.868066,128.379938,,,웨이트,1,1,0,0,0
C2800,,성리 야외운동기구,35.826592,128.198818,,,웨이트,1,1,0,0,0
C2801,,성산리 운동기구(성산2리 마을회관),35.901294,128.293018,,,웨이트,1,1,0,0,0
C2802,,성산리(1) 체육시설,35.896860,128.281366,,,웨이트,1,1,0,0,0
C2803,,성산리(3) 체육시설,35.915235,128.289271,,,웨이트,1,1,0,0,0
C2804,,성산리(4) 체육시설,35.917497,128.290230,,,웨이트,1,1,0,0,0
C2805,,성원리 체육시설,35.920249,128.316528,,,웨이트,1,1,0,0,0
C2806,,성주국민체육센터,35.919561,128.294083,,,수영,0,1,1,1,0
C2807,,성주반다비체육센터,35.899537,128.352413,,,생활체육,1,1,0,0,0
C2808,,성주별고을체육관,35.913078,128.255222,,,생활체육,1,1,0,0,0
C2809,,성주생활체육공원정구장,35.910783,128.283906,,,테니스,0,0,0,1,1
C2810,,성주생활체육공원테니스장,35.910819,128.283951,,,테니스,0,0,0,1,1
C2811,,성주체육관,35.918241,128.290175,,,생활체육,1,1,0,0,0
C2812,,소성리 체육시설,36.036141,128.239859,,,웨이트,1,1,0,0,0
C2813,,송계리 야외운동기구,35.879989,128.204121,,,웨이트,1,1,0,0,0
C2814,,수륜리(1)체육시설,35.827695,128.214499,,,웨이트,1,1,0,0,0
C2815,,수성리(1) 체육시설,35.862572,128.194429,,,웨이트,1,1,0,0,0
C2816,,수죽리 체육시설,35.983012,128.305373,,,웨이트,1,1,0,0,0
C2817,,수촌리 체육시설,35.945364,128.216505,,,웨이트,1,1,0,0,0
C2818,,수촌리(2) 체육시설,35.948673,128.216942,,,웨이트,1,1,0,0,0
C2819,,수촌리(3) 체육시설,35.947278,128.216942,,,웨이트,1,1,0,0,0
C2820,,수촌리(4)체육시설,35.961758,128.209060,,,웨이트,1,1,0,0,0
C2821,,수촌리(5)체육시설,35.948826,128.220239,,,웨이트,1,1,0,0,0
C2822,,신부길 체육시설,35.895766,128.325606,,,웨이트,1,1,0,0,0
C2823,,신정리(1) 체육시설,35.854184,128.192800,,,웨이트,1,1,0,0,0
C2824,,신파리 체육시설,35.832922,128.193314,,,웨이트,1,1,0,0,0
C2825,,신파리(2) 체육시설,35.830291,128.194230,,,웨이트,1,1,0,0,0
C2826,,신파리(3)체육시설,35.831746,128.191726,,,웨이트,1,1,0,0,0
C2827,,안포5리 안무실 야외운동기구,35.946177,128.316745,,,웨이트,1,1,0,0,0
C2828,,안포리 166-2 야외운동기구,35.943815,128.313604,,,웨이트,1,1,0,0,0
C2829,,안포리 678 야외운동기구,35.941558,128.316233,,,웨이트,1,1,0,0,0
C2830,,안포리 957-1 야외운동기구,35.951554,128.310579,,,웨이트,1,1,0,0,0
C2831,,안포리(7)체육시설,35.952398,128.314625,,,웨이트,1,1,0,0,0
C2832,,어산리(1) 체육시설,35.994268,128.271050,,,웨이트,1,1,0,0,0
C2833,,어은1길 체육시설,35.930661,128.179991,,,웨이트,1,1,0,0,0
C2834,,어은리(2) 체육시설,35.927739,128.172220,,,웨이트,1,1,0,0,0
C2835,,영천리(1) 체육시설,35.916116,128.071180,,,웨이트,1,1,0,0,0
C2836,,예산리(1) 체육시설,35.923080,128.283884,,,웨이트,1,1,0,0,0
C2837,,예산리(2) 체육시설,35.926340,128.289253,,,웨이트,1,1,0,0,0
C2838,,예산리(3) 체육시설,35.925849,128.285924,,,웨이트,1,1,0,0,0
C2839,,예산리(4) 체육시설,35.921899,128.290057,,,웨이트,1,1,0,0,0
C2840,,예산리(5) 체육시설,35.922142,128.283656,,,웨이트,1,1,0,0,0
C2841,,오도리,35.915684,128.354485,,,웨이트,1,1,0,0,0
C2842,,오천4길 체육시설,35.819343,128.216060,,,웨이트,1,1,0,0,0
C2843,,오천리(1) 체육시설,35.816133,128.229838,,,웨이트,1,1,0,0,0
C2844,,옥련리(2) 체육시설,35.911498,128.213519,,,웨이트,1,1,0,0,0
C2845,,옥련리(3) 체육시설,35.903895,128.214492,,,웨이트,1,1,0,0,0
C2846,,옥련리(4) 체육시설,35.911881,128.213486,,,웨이트,1,1,0,0,0
C2847,,옥성리(1) 체육시설,35.907651,128.247481,,,웨이트,1,1,0,0,0
C2848,,옥성리(2) 체육시설,35.909678,128.229365,,,웨이트,1,1,0,0,0
C2849,,옥화2길 체육시설,35.891593,128.189309,,,웨이트,1,1,0,0,0
C2850,,용각1리 마을회관 야외운동기구,35.967536,128.302988,,,웨이트,1,1,0,0,0
C2851,,용각2리 죽관 야외운동기구,35.961201,128.307961,,,웨이트,1,1,0,0,0
C2852,,용각리(3) 체육시설,35.962416,128.302348,,,웨이트,1,1,0,0,0
C2853,,용계리 체육시설,35.812405,128.364540,,,웨이트,1,1,0,0,0
C2854,,용계리 체육시설(2),35.808557,128.361592,,,웨이트,1,1,0,0,0
C2855,,용봉리 체육시설,36.024760,128.262001,,,웨이트,1,1,0,0,0
C2856,,용봉리(2) 체육시설,36.018517,128.271303,,,웨이트,1,1,0,0,0
C2857,,용봉리(3)체육시설,36.025325,128.274166,,,웨이트,1,1,0,0,0
C2858,,용사리(1) 체육시설,35.860066,128.107120,,,웨이트,1,1,0,0,0
C2859,,용산리(1) 체육시설,35.928774,128.263244,,,웨이트,1,1,0,0,0
C2860,,용산리(2) 체육시설,35.934044,128.258939,,,웨이트,1,1,0,0,0
C2861,,용성리(2) 체육시설,35.947535,128.265050,,,웨이트,1,1,0,0,0
C2862,,용성리(3) 야외운동기구,35.942488,128.267324,,,웨이트,1,1,0,0,0
C2863,,용성리(4) 야외운동기구,35.946698,128.252635,,,웨이트,1,1,0,0,0
C2864,,용신리(1) 체육시설,35.912155,128.394313,,,웨이트,1,1,0,0,0
C2865,,용정리(1) 체육시설,35.821208,128.335714,,,웨이트,1,1,0,0,0
C2866,,용흥1리 야외운동기구,35.923186,128.249664,,,웨이트,1,1,0,0,0
C2867,,운정길 체육시설,35.956606,128.229022,,,웨이트,1,1,0,0,0
C2868,,운정리 체육시설,35.948916,128.229097,,,웨이트,1,1,0,0,0
C2869,,월곡리(1)체육시설,36.032740,128.211666,,,웨이트,1,1,0,0,0
C2870,,유서리(1) 체육시설,35.884444,128.350309,,,웨이트,1,1,0,0,0
C2871,,유월1길 체육시설,35.954162,128.334743,,,웨이트,1,1,0,0,0
C2872,,유월2길체육시설,35.966307,128.335680,,,웨이트,1,1,0,0,0
C2873,,인촌리(1)체육시설,36.001561,128.294400,,,웨이트,1,1,0,0,0
C2874,,자양리 체육시설,35.977788,128.245621,,,웨이트,1,1,0,0,0
C2875,,장산리 체육시설,35.971580,128.284715,,,웨이트,1,1,0,0,0
C2876,,장산리(3)체육시설,35.974906,128.272309,,,웨이트,1,1,0,0,0
C2877,,장산리(4)야외운동기구,35.974875,128.284994,,,웨이트,1,1,0,0,0
C2878,,장학1길 체육시설,35.886007,128.302063,,,웨이트,1,1,0,0,0
C2879,,창천길 체육시설,35.882889,128.165774,,,웨이트,1,1,0,0,0
C2880,,창천리(1) 체육시설,35.886542,128.166563,,,웨이트,1,1,0,0,0
C2881,,창천리(2) 체육시설,35.884111,128.166444,,,웨이트,1,1,0,0,0
C2882,,창천리(3) 체육시설,35.883923,128.171721,,,웨이트,1,1,0,0,0
C2883,,취곡리(2) 체육시설,35.888981,128.324646,,,웨이트,1,1,0,0,0
C2884,,칠봉리 야외운동기구,35.906406,128.245391,,,웨이트,1,1,0,0,0
C2885,,칠봉리(2) 야외운동기구,35.898717,128.230841,,,웨이트,1,1,0,0,0
C2886,,칠선리 운하공원 옆 야외운동기구,35.969918,128.261435,,,웨이트,1,1,0,0,0
C2887,,칠선리(2) 체육시설,35.968809,128.263098,,,웨이트,1,1,0,0,0
C2888,,칠선리(3) 야외운동기구,35.954601,128.272894,,,웨이트,1,1,0,0,0
C2889,,학산리(1) 체육시설,35.940668,128.290692,,,웨이트,1,1,0,0,0
C2890,,학산리(2) 체육시설,35.938813,128.297269,,,웨이트,1,1,0,0,0
C2891,,화죽리 경노당 야외운동기구,35.869697,128.169687,,,웨이트,1,1,0,0,0
C2892,,후평리,35.935966,128.145617,,,웨이트,1,1,0,0,0
C2893,,흥산리 체육시설,35.920022,128.219327,,,웨이트,1,1,0,0,0
C2894,,흥산리(2) 체육시설,35.920092,128.219325,,,웨이트,1,1,0,0,0
C2895,,강남 파크골프장,36.551406,128.750487,,,파크골프,0,0,1,0,0
C2896,,강변 그라운드골프장,36.556847,128.720087,,,골프,0,0,1,0,1
C2897,,강변 인라인장,36.557108,128.720848,,,롤러,0,0,0,1,1
C2898,,강변농구장,36.554355,128.707694,,,농구,0,0,0,1,1
C2899,,다목적체육관,36.550597,128.759096,,,생활체육,1,1,0,0,0
C2900,,반다비체육센터,36.547544,128.727745,,,생활체육,1,1,0,0,0
C2901,,성곡동 테니스장,36.571013,128.774619,,,테니스,0,0,0,1,1
C2902,,안동 궁도장,36.586245,128.749505,,,국궁,1,0,1,0,0
C2903,,안동 롤러경기장,36.541437,128.797564,,,롤러,0,0,0,1,1
C2904,,안동 시민테니스장,36.547462,128.724425,,,테니스,0,0,0,1,1
C2905,,안동 청소년수련관 수영장,36.559056,128.722726,,,수영,0,1,1,1,0
C2906,,안동댐 파크골프장,36.575525,128.777178,,,파크골프,0,0,1,0,0
C2907,,안동체육관,36.559892,128.728467,,,생활체육,1,1,0,0,0
C2908,,안동클라이밍장,36.558775,128.721442,,,클라이밍,1,0,1,0,0
C2909,,안동탁구전용체육관,36.551876,128.754999,,,탁구,0,0,0,1,1
C2910,,옥동파크골프장,36.555660,128.682199,,,파크골프,0,0,1,0,0
C2911,,용상 제1농구장,36.561196,128.743983,,,농구,0,0,0,1,1
C2912,,용상 제2농구장,36.554973,128.748658,,,농구,0,0,0,1,1
C2913,,용상 파크골프장,36.561196,128.743983,,,파크골프,0,0,1,0,0
C2914,,철우파크골프장,36.563442,128.735842,,,파크골프,0,0,1,0,0
C2915,,강구건강활력센터,36.361444,129.379577,,,생활체육,1,1,0,0,0
C2916,,강구금호리 체력단련시설,36.377179,129.379645,,,웨이트,1,1,0,0,0
C2917,,강구삼사리 체력단련시설,36.351844,129.385327,,,웨이트,1,1,0,0,0
C2918,,강구오포리 체력단련시설,36.351058,129.376415,,,웨이트,1,1,0,0,0
C2919,,강구화전리 체력단련시설,36.362210,129.356514,,,웨이트,1,1,0,0,0
C2920,,고래불스포츠센터,36.600235,129.409472,,,생활체육,1,1,0,0,0
C2921,,남정부흥리 체력단련시설,36.291053,129.371499,,,웨이트,1,1,0,0,0
C2922,,병곡금곡리 체력단련시설,36.641485,129.420100,,,웨이트,1,1,0,0,0
C2923,,병곡백석리 체력단련시설,36.626500,129.413551,,,웨이트,1,1,0,0,0
C2924,,병곡병곡리 체력단련시설,36.596193,129.409601,,,웨이트,1,1,0,0,0
C2925,,병곡신평리 체력단련시설,36.549903,129.399810,,,웨이트,1,1,0,0,0
C2926,,영덕국민체육센터,36.417744,129.365480,,,생활체육,1,1,0,0,0
C2927,,영덕군민탁구장,36.420335,129.363743,,,탁구,0,0,0,1,1
C2928,,영덕군민테니스장,36.418200,129.366276,,,테니스,0,0,0,1,1
C2929,,영덕궁도장(화림정),36.425293,129.357907,,,국궁,1,0,1,0,0
C2930,,영덕남석리삼각주 체력단련시설,36.405446,129.371346,,,웨이트,1,1,0,0,0
C2931,,영덕문화체육센터,36.420034,129.362078,,,생활체육,1,1,0,0,0
C2932,,영덕문화체육센터수영장,36.420034,129.362078,,,수영,0,1,1,1,0
C2933,,영덕우곡리 체력단련시설,36.405222,129.376470,,,웨이트,1,1,0,0,0
C2934,,영덕천전리 체력단련시설,36.407206,129.357797,,,웨이트,1,1,0,0,0
C2935,,영해격기체육관,36.541728,129.405377,,,생활체육,1,1,0,0,0
C2936,,영해사진리 체력단련시설,36.539273,129.438396,,,웨이트,1,1,0,0,0
C2937,,예주행복드림센터,36.541823,129.409573,,,생활체육,1,1,0,0,0
C2938,,오십천 파크골프장,36.416857,129.360394,,,파크골프,0,0,1,0,0
C2939,,지품면 눌곡리 체력단련시설,36.438066,129.288355,,,웨이트,1,1,0,0,0
C2940,,지품신안리 체력단련시설,36.448185,129.282468,,,웨이트,1,1,0,0,0
C2941,,창수면 가산1리 체력단련시설,36.552878,129.345342,,,웨이트,1,1,0,0,0
C2942,,창수면 가산2리 체력단련시설,36.561044,129.337606,,,웨이트,1,1,0,0,0
C2943,,창수면 신기리 체력단련시설,36.546628,129.347194,,,웨이트,1,1,0,0,0
C2944,,창수면 오촌1리 체력단련시설,36.611989,129.322376,,,웨이트,1,1,0,0,0
C2945,,창수인량리 체력단련시설,36.551458,129.367770,,,웨이트,1,1,0,0,0
C2946,,축산경정리 체력단련시설,36.472778,129.432143,,,웨이트,1,1,0,0,0
C2947,,축산축산리 체력단련시설,36.508326,129.449839,,,웨이트,1,1,0,0,0
C2948,,공설운동장 야외농구장,36.658946,129.116879,,,농구,0,0,0,1,1
C2949,,복합체육시설,36.658946,129.116879,,,생활체육,1,1,0,0,0
C2950,,수련원농구장,36.838395,129.269422,,,농구,0,0,0,1,1
C2951,,영양국민체육센터,36.658944,129.116877,,,생활체육,1,1,0,0,0
C2952,,영양군민테니스장,36.659481,129.115923,,,테니스,0,0,0,1,1
C2953,,영양군민회관체육관,36.660070,129.117070,,,생활체육,1,1,0,0,0
C2954,,영양군청소년수련관수영장,36.661469,129.118779,,,수영,0,1,1,1,0
C2955,,청기면다목적체육관,36.659070,129.062813,,,생활체육,1,1,0,0,0
C2956,,광복공원테니스장,36.878452,128.538737,,,테니스,0,0,0,1,1
C2957,,대한복싱훈련장,36.808457,128.607720,,,생활체육,1,1,0,0,0
C2958,,문수면 적동리 문수교회 농구장,36.772715,128.632898,,,농구,0,0,0,1,1
C2959,,순흥면 태장리 167 체력단련장,36.917101,128.557237,,,웨이트,1,1,0,0,0
C2960,,영주2동 영주시민탁구장 앞,36.814491,128.616105,,,탁구,0,0,0,1,1
C2961,,영주국민체육센터,36.806852,128.606950,,,생활체육,1,1,0,0,0
C2962,,영주생활체육관,36.808825,128.606552,,,생활체육,1,1,0,0,0
C2963,,영주시민탁구장,36.816681,128.617107,,,탁구,0,0,0,1,1
C2964,,영주시민테니스장,36.809049,128.605644,,,테니스,0,0,0,1,1
C2965,,영주시씨름연습장,36.808825,128.606552,,,씨름,1,0,0,0,1
C2966,,영주시투기체육관,36.816566,128.617005,,,생활체육,1,1,0,0,0
C2967,,영주실내수영장,36.810068,128.607673,,,수영,0,1,1,1,0
C2968,,영주인라인롤러경기장,36.812087,128.614123,,,롤러,0,0,0,1,1
C2969,,충무정,36.816993,128.648585,,,국궁,1,0,1,0,0
C2970,,풍기읍 원룸촌 쉼터 체력단련장,36.882250,128.528451,,,웨이트,1,1,0,0,0
C2971,,풍기체육회관,36.878452,128.538789,,,생활체육,1,1,0,0,0
C2972,,고경면민 소규모체육관,36.000126,129.046314,,,생활체육,1,1,0,0,0
C2973,,북안종합복지회관 체력단련실,35.919305,129.007732,,,웨이트,1,1,0,0,0
C2974,,생활체육관,35.967824,128.923579,,,생활체육,1,1,0,0,0
C2975,,영천금호체육관,35.935117,128.879587,,,생활체육,1,1,0,0,0
C2976,,영천시민궁도장,35.971151,128.924054,,,국궁,1,0,1,0,0
C2977,,영천시민테니스장,35.971196,128.924370,,,테니스,0,0,0,1,1
C2978,,영천장애인파크골프장,35.971926,128.966760,,,파크골프,0,0,1,0,0
C2979,,영천체육관,35.967931,128.924814,,,생활체육,1,1,0,0,0
C2980,,오수파크골프장,35.955281,128.919467,,,파크골프,0,0,1,0,0
C2981,,조교파크골프장,35.968080,128.965972,,,파크골프,0,0,1,0,0
C2982,,종합스포츠센터수영장,35.971000,128.923093,,,수영,0,1,1,1,0
C2983,,체육시설사업소,35.967389,128.924216,,,씨름,1,0,0,0,1
C2984,,최무선관,35.970312,128.922176,,,생활체육,1,1,0,0,0
C2985,,무학정,36.634632,128.468367,,,국궁,1,0,1,0,0
C2986,,예천국민체육센터,36.646911,128.437369,,,생활체육,1,1,0,0,0
C2987,,예천군 진호국제양궁장,36.634769,128.468371,,,양궁,1,0,1,0,0
C2988,,예천군공설테니스장,36.656724,128.462610,,,테니스,0,0,0,1,1
C2989,,예천군문화체육센터,36.634628,128.468391,,,생활체육,1,1,0,0,0
C2990,,예천군민탁구장,36.655338,128.461913,,,탁구,0,0,0,1,1
C2991,,예천군실내테니스장,36.656724,128.462610,,,테니스,0,0,0,1,1
C2992,,예천진호국제양궁장,36.634628,128.468391,,,양궁,1,0,1,0,0
C2993,,예천청소년수련관,36.656488,128.463315,,,수영,0,1,1,1,0
C2994,,패밀리파크파크골프장,36.570957,128.490668,,,파크골프,0,0,1,0,0
C2995,,한천그라운드골프장,36.649711,128.449822,,,골프,0,0,1,0,1
C2996,,한천파크골프장 1구장,36.642557,128.446425,,,파크골프,0,0,1,0,0
C2997,,한천파크골프장 2구장,36.639511,128.441169,,,파크골프,0,0,1,0,0
C2998,,남양궁도장(성무정),37.468124,130.840368,,,국궁,1,0,1,0,0
C2999,,남양테니스장,37.472199,130.834778,,,테니스,0,0,0,1,1
C3000,,도동헬스장,37.484080,130.903728,,,웨이트,1,1,0,0,0
C3001,,사동테니스장,37.482538,130.892823,,,테니스,0,0,0,1,1
C3002,,서면 체력단련실,37.467714,130.838119,,,웨이트,1,1,0,0,0
C3003,,약수배드민턴장,37.482562,130.901222,,,배드민턴,0,0,0,1,1
C3004,,울릉국민체육센터,37.537831,130.871216,,,생활체육,1,1,0,0,0
C3005,,저동궁도장(무릉정),37.498128,130.890351,,,국궁,1,0,1,0,0
C3006,,저동헬스장,37.491722,130.910203,,,웨이트,1,1,0,0,0
C3007,,천부 체력단련실,37.541174,130.873840,,,웨이트,1,1,0,0,0
C3008,,현포 배드민턴장,37.525313,130.827451,,,배드민턴,0,0,0,1,1
C3009,,현포 체력단련실,37.525358,130.825196,,,웨이트,1,1,0,0,0
C3010,,마을단위 체력단련시설,36.970286,129.321393,,,웨이트,1,1,0,0,0
C3011,,연호생활체육공원 테니스장,36.990913,129.406626,,,테니스,0,0,0,1,1
C3012,,온정생활체육공원 테니스장,36.719988,129.347221,,,테니스,0,0,0,1,1
C3013,,울진 그라운드 골프장,36.966964,129.397260,,,골프,0,0,1,0,1
C3014,,울진국민체육센터,36.990913,129.406626,,,수영,0,1,1,1,0
C3015,,울진군민체육관,36.994688,129.406462,,,생활체육,1,1,0,0,0
C3016,,울진종합운동장테니스장,36.956992,129.374345,,,테니스,0,0,0,1,1
C3017,,울진파크골프장,36.966606,129.401143,,,파크골프,0,0,1,0,0
C3018,,제동관,36.963186,129.395391,,,생활체육,1,1,0,0,0
C3019,,죽변운동장테니스장,37.053258,129.407281,,,테니스,0,0,0,1,1
C3020,,평해생활체육공원 테니스장,36.729291,129.446190,,,테니스,0,0,0,1,1
C3021,,후포생활체육공원테니스장,36.690170,129.457823,,,테니스,0,0,0,1,1
C3022,,흥부생활체육공원 흥부체육관,37.096537,129.356839,,,생활체육,1,1,0,0,0
C3023,,가음체육관,36.232845,128.728971,,,생활체육,1,1,0,0,0
C3024,,구봉산파크골프연습장,36.337314,128.696716,,,파크골프,0,0,1,0,0
C3025,,금성온누리터국민체육센터,36.260740,128.679915,,,생활체육,1,1,0,0,0
C3026,,다인온누리터국민체육센터,36.450521,128.355338,,,생활체육,1,1,0,0,0
C3027,,비안테니스장,36.325690,128.495937,,,테니스,0,0,0,1,1
C3028,,비안파크골프장,36.334355,128.499497,,,파크골프,0,0,1,0,0
C3029,,사곡면국민체육센터,36.306413,128.790004,,,생활체육,1,1,0,0,0
C3030,,사곡파크골프연습장,36.306014,128.789521,,,파크골프,0,0,1,0,0
C3031,,서의성탁구장,36.391394,128.428287,,,탁구,0,0,0,1,1
C3032,,안계위천파크골프장(단북방면),36.368357,128.424246,,,파크골프,0,0,1,0,0
C3033,,안평면실내체육관,36.380716,128.581597,,,생활체육,1,1,0,0,0
C3034,,안평인도어골프연습장,36.380578,128.580908,,,골프,0,0,1,0,1
C3035,,안평테니스장,36.380578,128.580908,,,테니스,0,0,0,1,1
C3036,,옥산면탁구장,36.398201,128.804880,,,탁구,0,0,0,1,1
C3037,,의성국민체육센터,36.392181,128.428709,,,수영,0,1,1,1,0
C3038,,의성군민테니스장,36.355483,128.702788,,,테니스,0,0,0,1,1
C3039,,의성군씨름훈련장,36.361768,128.708445,,,씨름,1,0,0,0,1
C3040,,의성군청소년센터,36.355225,128.705180,,,수영,0,1,1,1,0
C3041,,의성궁도장,36.347652,128.703423,,,국궁,1,0,1,0,0
C3042,,의성그라운드골프장,36.353037,128.692554,,,골프,0,0,1,0,1
C3043,,의성생활체육공원,36.391508,128.429276,,,테니스,0,0,0,1,1
C3044,,의성여성전용헬스장,36.356609,128.701747,,,웨이트,1,1,0,0,0
C3045,,의성정구장,36.355351,128.704223,,,테니스,0,0,0,1,1
C3046,,의성종합체육관,36.361965,128.710927,,,생활체육,1,1,0,0,0
C3047,,의성컬링센터,36.354999,128.702822,,,빙상,0,0,0,1,1
C3048,,점곡체육회관,36.426142,128.766394,,,생활체육,1,1,0,0,0
C3049,,춘산실내체육관,36.238077,128.813999,,,생활체육,1,1,0,0,0
C3050,,춘산테니스장,36.237794,128.814012,,,테니스,0,0,0,1,1
C3051,,각남면농어촌복합체육시설,35.643179,128.659242,,,생활체육,1,1,0,0,0
C3052,,각북면 바우행북문화센터 체육시설,35.690698,128.589072,,,생활체육,1,1,0,0,0
C3053,,국민체육센터테니스장,35.648387,128.718682,,,테니스,0,0,0,1,1
C3054,,매전면복합체육시설,35.665180,128.854508,,,생활체육,1,1,0,0,0
C3055,,산동파크골프장,35.685450,128.897963,,,파크골프,0,0,1,0,0
C3056,,운문면 달빛어울촌 헬스장,35.718064,128.914873,,,웨이트,1,1,0,0,0
C3057,,유천복합체육센터,35.570140,128.775294,,,생활체육,1,1,0,0,0
C3058,,이서면 복합체육시설,35.662366,128.671000,,,생활체육,1,1,0,0,0
C3059,,청도국민체육센터 배드민턴장,35.648352,128.718693,,,배드민턴,0,0,0,1,1
C3060,,청도국민체육센터 생활체육관,35.648352,128.718693,,,테니스,0,0,0,1,1
C3061,,청도국민체육센터 실외테니스장,35.648352,128.718693,,,테니스,0,0,0,1,1
C3062,,청도군건강증진센터수영장,35.648625,128.737261,,,수영,0,1,1,1,0
C3063,,청도군국민체육센터,35.648352,128.718693,,,생활체육,1,1,0,0,0
C3064,,청도군국민체육센터(청도국민체육센터),35.648387,128.718682,,,생활체육,1,1,0,0,0
C3065,,청도군파크골프장,35.611541,128.770332,,,파크골프,0,0,1,0,0
C3066,,종합문화복지타운,36.429938,129.058938,,,수영,0,1,1,1,0
C3067,,진보문화체육센터,36.529816,129.051891,,,생활체육,1,1,0,0,0
C3068,,청송군체육관,36.428138,129.057548,,,생활체육,1,1,0,0,0
C3069,,청송클라이밍아카데미인공암벽장,36.319204,129.206535,,,클라이밍,1,0,1,0,0
C3070,,청송파크골프장,36.385968,129.086153,,,파크골프,0,0,1,0,0
C3071,,가산면민운동장테니스장,36.103347,128.519970,,,테니스,0,0,0,1,1
C3072,,강나루체육공원 체육시설(기산파크골프장 옆),35.987969,128.390328,,,파크골프,0,0,1,0,0
C3073,,기산면 봉산리 봉산2리 체력단련시설,35.991666,128.339963,,,웨이트,1,1,0,0,0
C3074,,기산면 영리 기산농공단지 체력단련시설,35.974483,128.370635,,,웨이트,1,1,0,0,0
C3075,,기산면 영리 영1리 체력단련시설,35.975143,128.366966,,,웨이트,1,1,0,0,0
C3076,,기산면 죽전리 죽전2리 체력단련시설,35.986449,128.384451,,,웨이트,1,1,0,0,0
C3077,,기산면 죽전리 죽전3리 체력단련시설(월드피아아파트 놀이터),35.986308,128.379608,,,웨이트,1,1,0,0,0
C3078,,"기산면 죽전리 죽전3리 체력단련시설(월드피아아파트, 101동 앞)",35.985903,128.379524,,,웨이트,1,1,0,0,0
C3079,,기산면 평복리 평복2리 체력단련시설,35.999962,128.366800,,,웨이트,1,1,0,0,0
C3080,,북삼국민체육센터,36.072503,128.340167,,,생활체육,1,1,0,0,0
C3081,,북삼읍 인평리 북삼테니스장,36.071465,128.346334,,,테니스,0,0,0,1,1
C3082,,석적국민체육센터,36.066142,128.401078,,,생활체육,1,1,0,0,0
C3083,,약목면 남계리 남계테니스장,36.030341,128.362183,,,테니스,0,0,0,1,1
C3084,,왜관읍 달오파크골프장,35.973712,128.395311,,,파크골프,0,0,1,0,0
C3085,,왜관읍 왜관리 달오그라운드(파크)골프장,35.973050,128.394856,,,골프,0,0,1,0,1
C3086,,칠곡교육문화회관수영장,35.992000,128.417300,,,수영,0,1,1,1,0
C3087,,칠곡국민체육센터,36.007248,128.408616,,,생활체육,1,1,0,0,0
C3088,,칠곡궁도장(호국정),35.954776,128.411984,,,국궁,1,0,1,0,0
C3089,,칠곡수영장,35.991884,128.418148,,,수영,0,1,1,1,0
C3090,,칠곡종합운동장테니스장,35.999610,128.423638,,,테니스,0,0,0,1,1
C3091,,공단1근린공원 농구장,35.957083,129.388268,,,농구,0,0,0,1,1
C3092,,국궁장(권무정),36.117936,129.336859,,,국궁,1,0,1,0,0
C3093,,동해테니스장,35.990645,129.441156,,,테니스,0,0,0,1,1
C3094,,만인당(다목적체육관),36.006472,129.361512,,,생활체육,1,1,0,0,0
C3095,,문덕테니스장,35.956088,129.400898,,,테니스,0,0,0,1,1
C3096,,뱃머리테니스장,36.004925,129.353504,,,테니스,0,0,0,1,1
C3097,,블루밸리체육공원 농구장,35.964655,129.494576,,,농구,0,0,0,1,1
C3098,,야외운동기구(연일 농구장),36.000400,129.347382,,,농구,0,0,0,1,1
C3099,,양덕체육공원 테니스장,36.080989,129.404629,,,테니스,0,0,0,1,1
C3100,,연일읍민실내체육관,35.977680,129.331651,,,생활체육,1,1,0,0,0
C3101,,연일테니스장,35.994544,129.347319,,,테니스,0,0,0,1,1
C3102,,우현4어린이공원 배드민턴장,36.055654,129.357394,,,배드민턴,0,0,0,1,1
C3103,,원동11근린공원 농구장,35.965301,129.402379,,,농구,0,0,0,1,1
C3104,,유강3어린이공원 농구장,36.004340,129.320062,,,농구,0,0,0,1,1
C3105,,이동3어린이공원 배드민턴장,36.027057,129.339514,,,배드민턴,0,0,0,1,1
C3106,,장량1근린공원 배드민턴장,36.091795,129.381008,,,배드민턴,0,0,0,1,1
C3107,,장량2근린공원 배드민턴장,36.090170,129.396135,,,배드민턴,0,0,0,1,1
C3108,,장량3어린이공원 배드민턴장,36.088860,129.389517,,,배드민턴,0,0,0,1,1
C3109,,장량테니스장,36.069897,129.379865,,,테니스,0,0,0,1,1
C3110,,장성동 1364번지(장성테니스장 내) 체육시설,36.070167,129.379896,,,테니스,0,0,0,1,1
C3111,,지곡4어린이공원 인라인장,36.033344,129.313452,,,롤러,0,0,0,1,1
C3112,,지곡라근린공원 농구장,36.033003,129.321149,,,농구,0,0,0,1,1
C3113,,지곡라근린공원 인라인장,36.033003,129.321149,,,롤러,0,0,0,1,1
C3114,,지곡라근린공원 테니스장,36.033003,129.321149,,,테니스,0,0,0,1,1
C3115,,초곡공원 농구장,36.094611,129.336502,,,농구,0,0,0,1,1
C3116,,초곡공원 배드민턴장,36.094611,129.336502,,,배드민턴,0,0,0,1,1
C3117,,포항국궁장(송학정),36.007022,129.363236,,,국궁,1,0,1,0,0
C3118,,포항국민체육센터,36.035578,129.341464,,,생활체육,1,1,0,0,0
C3119,,포항실내수영장,36.007444,129.361497,,,수영,0,1,1,1,0
C3120,,포항실내체육관,36.008618,129.360855,,,생활체육,1,1,0,0,0
C3121,,해맞이정구장,36.069795,129.384779,,,테니스,0,0,0,1,1
C3122,,형산강파크골프장,36.013288,129.372594,,,파크골프,0,0,1,0,0
C3123,,흥해 곡강천 파크골프장,36.118562,129.333462,,,파크골프,0,0,1,0,0
C3124,,흥해옥성테니스장,36.099319,129.337044,,,테니스,0,0,0,1,1
C3125,,국궁장(일출정),35.990672,129.564490,,,국궁,1,0,1,0,0
C3126,,다원복합센터,35.980234,129.405084,,,웨이트,1,1,0,0,0
C3127,,다원복합센터 수영장,35.980234,129.405084,,,수영,0,1,1,1,0
C3128,,덕업관어린이수영장,36.005634,129.357032,,,수영,0,1,1,1,0
C3129,,동해다목적체육관,35.990476,129.447659,,,생활체육,1,1,0,0,0
C3130,,송도국민체육센터,36.036250,129.378339,,,웨이트,1,1,0,0,0
C3131,,송도국민체육센터 수영장,36.036250,129.378339,,,수영,0,1,1,1,0
C3132,,연일다목적체육관,35.991120,129.343120,,,생활체육,1,1,0,0,0
C3133,,포은체육관,35.946176,129.400066,,,생활체육,1,1,0,0,0
C3134,,포항국제클라이밍센터,36.005758,129.360513,,,클라이밍,1,0,1,0,0
C3135,,포항시청 농구장,36.018780,129.343947,,,농구,0,0,0,1,1
C3136,,포항시청 테니스장,36.018780,129.343947,,,테니스,0,0,0,1,1
C3137,,포항인라인롤러경기장,36.006319,129.359556,,,롤러,0,0,0,1,1
C3138,,기계면농어촌복합체육시설,36.068010,129.200468,,,생활체육,1,1,0,0,0
C3139,,양덕체육공원 농구장,36.081053,129.404205,,,농구,0,0,0,1,1
C3140,,양덕한마음체육관,36.077833,129.406581,,,생활체육,1,1,0,0,0
C3141,,여성문화관수영장,36.056393,129.362247,,,수영,0,1,1,1,0
C3142,,장량국민체육센터,36.082080,129.386504,,,생활체육,1,1,0,0,0
C3143,,장량다목적재난구호소,36.091078,129.396687,,,생활체육,1,1,0,0,0
C3144,,장량체육국민센터 수영장,36.082080,129.386504,,,수영,0,1,1,1,0
C3145,,장애인형국민체육센터,36.079971,129.410700,,,생활체육,1,1,0,0,0
C3146,,장애인형국민체육센터 수영장,36.079971,129.410700,,,수영,0,1,1,1,0
C3147,,청하면 농구장(유계리 마을회관),36.194028,129.304959,,,농구,0,0,0,1,1
C3148,,청하테니스장,36.193868,129.363942,,,테니스,0,0,0,1,1
C3149,,흥해복합커뮤니티센터,36.108619,129.349212,,,생활체육,1,1,0,0,0
C3150,,흥해복합커뮤니티센터 수영장,36.108619,129.349212,,,수영,0,1,1,1,0
C3151,,군위 파크골프장,36.249793,128.556795,,,파크골프,0,0,1,0,0
C3152,,군위국민체육센터,36.237712,128.574022,,,생활체육,1,1,0,0,0
C3153,,군위국민체육센터 수영장,36.237712,128.574022,,,수영,0,1,1,1,0
C3154,,군위양궁연습장,36.233453,128.583519,,,양궁,1,0,1,0,0
C3155,,군위종합테니스장,36.237712,128.574022,,,테니스,0,0,0,1,1
C3156,,군위파크골프장(2),36.249793,128.556795,,,파크골프,0,0,1,0,0
C3157,,동부스포츠센터 체육관,36.154038,128.740235,,,생활체육,1,1,0,0,0
C3158,,삼국유사 파크골프장,36.174079,128.853361,,,파크골프,0,0,1,0,0
C3159,,삼국유사교육문화회관실내골프연습장,36.237294,128.574882,,,골프,0,0,1,0,1
C3160,,소보 파크골프장,36.263415,128.489360,,,파크골프,0,0,1,0,0
C3161,,우보 파크골프장,36.175007,128.666672,,,파크골프,0,0,1,0,0
C3162,,의흥 파크골프장,36.178684,128.686827,,,파크골프,0,0,1,0,0
C3163,,종합운동장 농구장,36.246923,128.555026,,,농구,0,0,0,1,1
C3164,,효령 위천수변테마파크 파크골프장,36.176339,128.585743,,,파크골프,0,0,1,0,0
C3165,,효령 파크골프장,36.242913,128.572815,,,파크골프,0,0,1,0,0
C3166,,강당골체육공원 테니스장,35.830844,128.597130,,,테니스,0,0,0,1,1
C3167,,강당골체육공원 파크골프장,35.831911,128.596829,,,파크골프,0,0,1,0,0
C3168,,대구국궁장,35.827558,128.562248,,,국궁,1,0,1,0,0
C3169,,대구남구국민체육센터,35.832978,128.600090,,,생활체육,1,1,0,0,0
C3170,,앞산양궁훈련장,35.825679,128.563096,,,양궁,1,0,1,0,0
C3171,,근로자종합복지회관수영장,35.844132,128.487221,,,수영,0,1,1,1,0
C3172,,달서강창 체육시설,35.845965,128.472052,,,골프,0,0,1,0,1
C3173,,달서구청소년수련관수영장,35.807199,128.559446,,,수영,0,1,1,1,0
C3174,,달서구청소년수련관체육관,35.807199,128.559446,,,생활체육,1,1,0,0,0
C3175,,달서아트센터수영장,35.843422,128.522826,,,수영,0,1,1,1,0
C3176,,대구광역시달구벌재활스포츠센터수영장,35.853547,128.525459,,,수영,0,1,1,1,0
C3177,,대구광역시달구벌재활스포츠센터체육관,35.853547,128.525459,,,생활체육,1,1,0,0,0
C3178,,대구청소년수련원체육관,35.820243,128.553408,,,생활체육,1,1,0,0,0
C3179,,대구학생문화센터수영장,35.853131,128.529533,,,수영,0,1,1,1,0
C3180,,대명천 수림지 파크골프장,36.497877,127.265434,,,파크골프,0,0,1,0,0
C3181,,대천동 수림지 파크골프장,35.817366,128.502390,,,파크골프,0,0,1,0,0
C3182,,두류수영장,35.846969,128.561628,,,수영,0,1,1,1,0
C3183,,두류테니스장,35.852481,128.557193,,,테니스,0,0,0,1,1
C3184,,성서국민체육센터,35.861563,128.505854,,,수영,0,1,1,1,0
C3185,,성서산업단지체육시설내다목적체육관,35.832436,128.495556,,,생활체육,1,1,0,0,0
C3186,,성서산업단지체육시설내테니스장,35.832436,128.495556,,,테니스,0,0,0,1,1
C3187,,성서이곡운동장테니스장,35.861564,128.505853,,,테니스,0,0,0,1,1
C3188,,안병근올림픽기념유도관,35.845264,128.561665,,,생활체육,1,1,0,0,0
C3189,,올림픽기념국민생활관,35.833144,128.540557,,,생활체육,1,1,0,0,0
C3190,,올림픽기념국민생활관수영장,35.833148,128.540738,,,수영,0,1,1,1,0
C3191,,유니버시아드테니스장(B동),35.850003,128.563702,,,테니스,0,0,0,1,1
C3192,,가창 파크골프장,35.752565,128.651422,,,파크골프,0,0,1,0,0
C3193,,가창체육공원테니스장,35.767521,128.650295,,,테니스,0,0,0,1,1
C3194,,구지 평촌 파크골프장,35.644400,128.458334,,,파크골프,0,0,1,0,0
C3195,,논공 달성보 파크골프장,35.735033,128.422045,,,파크골프,0,0,1,0,0
C3196,,논공 북리 인라인스케이트장,35.727775,128.448147,,,롤러,0,0,0,1,1
C3197,,논공 위천 파크골프장,35.751472,128.393999,,,파크골프,0,0,1,0,0
C3198,,논공테니스장,35.723504,128.455894,,,테니스,0,0,0,1,1
C3199,,다사 강창 파크골프장,35.855278,128.470654,,,파크골프,0,0,1,0,0
C3200,,다사 세천 파크골프장,35.867031,128.465833,,,파크골프,0,0,1,0,0
C3201,,다사체육공원테니스장,35.890119,128.477947,,,테니스,0,0,0,1,1
C3202,,다사테니스장,35.860453,128.454653,,,테니스,0,0,0,1,1
C3203,,달성국민체육센터(구: 달성군국민체육센터),35.701690,128.441819,,,수영,0,1,1,1,0
C3204,,달성군민운동장테니스장,35.729013,128.450463,,,테니스,0,0,0,1,1
C3205,,달성군민체육관,35.700455,128.441112,,,생활체육,1,1,0,0,0
C3206,,달성군청소년센터체육관,35.723818,128.454927,,,생활체육,1,1,0,0,0
C3207,,달성문화센터수영장,35.865551,128.460807,,,수영,0,1,1,1,0
C3208,,달성종합스포츠파크씨름장,35.701773,128.443341,,,씨름,1,0,0,0,1
C3209,,달성종합스포츠파크테니스장,35.701773,128.443341,,,테니스,0,0,0,1,1
C3210,,달성테크노스포츠센터,35.684397,128.464482,,,수영,0,1,1,1,0
C3211,,명곡테니스장(화원테니스장),35.794014,128.505516,,,테니스,0,0,0,1,1
C3212,,서재문화체육센터,35.884287,128.503201,,,생활체육,1,1,0,0,0
C3213,,서재문화체육센터 배드민턴장,35.884287,128.503201,,,배드민턴,0,0,0,1,1
C3214,,서재문화체육센터 수영장,35.884287,128.503201,,,수영,0,1,1,1,0
C3215,,여성문화복지센터수영장,35.798523,128.487930,,,수영,0,1,1,1,0
C3216,,옥포파크골프장,35.807650,128.470266,,,파크골프,0,0,1,0,0
C3217,,유가 한정 파크골프장,35.642389,128.460230,,,파크골프,0,0,1,0,0
C3218,,현풍 원오 파크골프장,35.690912,128.419745,,,파크골프,0,0,1,0,0
C3219,,현풍테니스장,35.696677,128.436288,,,테니스,0,0,0,1,1
C3220,,화원 진천천 파크골프장,35.817456,128.500118,,,파크골프,0,0,1,0,0
C3221,,화원인라인스케이트장,35.797647,128.503948,,,롤러,0,0,0,1,1
C3222,,환경자원사업소인라인스케이트장,35.882534,128.509347,,,롤러,0,0,0,1,1
C3223,,환경자원사업소테니스장,35.882534,128.509347,,,테니스,0,0,0,1,1
C3224,,환경자원사업소파크골프장,35.882534,128.509347,,,파크골프,0,0,1,0,0
C3225,,강동문화체육센터,35.889980,128.650299,,,생활체육,1,1,0,0,0
C3226,,대구제2빙상장,35.877689,128.716695,,,빙상,0,0,0,1,1
C3227,,대구혁신도시 복합문화센터,35.878213,128.716884,,,수영,0,1,1,1,0
C3228,,도동 테니스장,35.924004,128.666988,,,테니스,0,0,0,1,1
C3229,,도평 파크골프장,35.922978,128.667361,,,파크골프,0,0,1,0,0
C3230,,동부여성문화회관실내수영장,35.890414,128.622331,,,수영,0,1,1,1,0
C3231,,봉무 파크골프장,35.926140,128.632652,,,파크골프,0,0,1,0,0
C3232,,봉무공원 테니스장,35.921959,128.650180,,,테니스,0,0,0,1,1
C3233,,불로파크골프장,35.902210,128.628489,,,파크골프,0,0,1,0,0
C3234,,사복 파크골프장,35.874550,128.755679,,,파크골프,0,0,1,0,0
C3235,,상매 파크골프장,35.889949,128.707805,,,파크골프,0,0,1,0,0
C3236,,숙천조경지 숙천파크골프장,35.874843,128.756452,,,파크골프,0,0,1,0,0
C3237,,아양아트센터실내수영장,35.879565,128.651935,,,수영,0,1,1,1,0
C3238,,아양아트센터체육관,35.879565,128.651935,,,생활체육,1,1,0,0,0
C3239,,율암동 프리테니스장(율암동 524-174번지 하부),35.881238,128.701795,,,테니스,0,0,0,1,1
C3240,,율하 테니스장,35.859875,128.693562,,,테니스,0,0,0,1,1
C3241,,중앙교육연수원 농구장,35.883612,128.732718,,,농구,0,0,0,1,1
C3242,,중앙교육연수원 체력단련장,35.883612,128.732718,,,웨이트,1,1,0,0,0
C3243,,중앙교육연수원 테니스장,35.883612,128.732718,,,테니스,0,0,0,1,1
C3244,,팔공산인공암벽장,35.991004,128.697348,,,클라이밍,1,0,1,0,0
C3245,,팔공산인라인스케이트장,35.990220,128.697991,,,롤러,0,0,0,1,1
C3246,,강변파크골프장,36.497877,127.265434,,,파크골프,0,0,1,0,0
C3247,,거동교(프리테니스장),35.948482,128.556211,,,테니스,0,0,0,1,1
C3248,,검단(파크골프장),35.924738,128.620601,,,파크골프,0,0,1,0,0
C3249,,검단동 다목적운동장(농구장),35.919538,128.613017,,,농구,0,0,0,1,1
C3250,,검단동(프리테니스장),35.916987,128.629015,,,테니스,0,0,0,1,1
C3251,,관음근린공원(농구장),35.935015,128.546507,,,농구,0,0,0,1,1
C3252,,관음근린공원(배드민턴장),35.935015,128.546507,,,배드민턴,0,0,0,1,1
C3253,,구암(테니스장),35.941006,128.573058,,,테니스,0,0,0,1,1
C3254,,구암근린공원(배드민턴장),35.928388,128.556766,,,배드민턴,0,0,0,1,1
C3255,,금호근린공원(농구장),35.895756,128.520347,,,농구,0,0,0,1,1
C3256,,내곡근린공원(농구장),35.902934,128.513349,,,농구,0,0,0,1,1
C3257,,노곡동 동네체육시설(농구장),35.911182,128.562884,,,농구,0,0,0,1,1
C3258,,노곡동 동네체육시설(배드민턴장),35.911182,128.562884,,,배드민턴,0,0,0,1,1
C3259,,다목적체육관,35.883019,128.586154,,,생활체육,1,1,0,0,0
C3260,,대구스쿼시장,35.882196,128.586767,,,생활체육,1,1,0,0,0
C3261,,대구시민체육관,35.882903,128.586803,,,생활체육,1,1,0,0,0
C3262,,대구체육관,35.893756,128.603009,,,생활체육,1,1,0,0,0
C3263,,대구체육관부속검도장,35.893756,128.603009,,,생활체육,1,1,0,0,0
C3264,,대구체육관역도장,35.893756,128.603009,,,생활체육,1,1,0,0,0
C3265,,대구체육관유도장,35.893756,128.603009,,,생활체육,1,1,0,0,0
C3266,,대불근린공원(배드민턴장),35.903594,128.614432,,,배드민턴,0,0,0,1,1
C3267,,대불스포츠센터,35.904476,128.611316,,,생활체육,1,1,0,0,0
C3268,,도담한공원(농구장),35.909891,128.546113,,,농구,0,0,0,1,1
C3269,,동변근린공원(농구장),35.919234,128.602251,,,농구,0,0,0,1,1
C3270,,동변근린공원(배드민턴장),35.919234,128.602251,,,배드민턴,0,0,0,1,1
C3271,,매천근린공원(배드민턴장),35.909310,128.544777,,,배드민턴,0,0,0,1,1
C3272,,매천대교(프리테니스장),35.894888,128.542021,,,테니스,0,0,0,1,1
C3273,,무태(파크골프장),35.909754,128.599767,,,파크골프,0,0,1,0,0
C3274,,미리내공원(농구장),35.945341,128.571171,,,농구,0,0,0,1,1
C3275,,미소공원(농구장),35.945887,128.561740,,,농구,0,0,0,1,1
C3276,,반딧불이공원(농구장),35.940024,128.558638,,,농구,0,0,0,1,1
C3277,,북구청소년회관실내수영장,35.905779,128.616052,,,수영,0,1,1,1,0
C3278,,신천하수처리장테니스장,36.497877,127.265434,,,테니스,0,0,0,1,1
C3279,,연암근린공원(농구장),35.898715,128.603041,,,농구,0,0,0,1,1
C3280,,연암근린공원(배드민턴장),35.900784,128.604134,,,배드민턴,0,0,0,1,1
C3281,,연암테니스장,35.900539,128.604905,,,테니스,0,0,0,1,1
C3282,,침산2동 동네체육시설(농구장),35.888156,128.600136,,,농구,0,0,0,1,1
C3283,,침산근린공원(배드민턴장),35.893333,128.583551,,,배드민턴,0,0,0,1,1
C3284,,태전(테니스장),35.932490,128.546091,,,테니스,0,0,0,1,1
C3285,,태전근린공원(농구장),35.932490,128.546091,,,농구,0,0,0,1,1
C3286,,태전근린공원(배드민턴장),35.932490,128.546091,,,배드민턴,0,0,0,1,1
C3287,,태전동 배드민턴장(야외운동기구),35.922326,128.550519,,,배드민턴,0,0,0,1,1
C3288,,팔거천 구수교(배드민턴장),35.943569,128.554408,,,배드민턴,0,0,0,1,1
C3289,,팔달동(프리테니스장),35.897082,128.549987,,,테니스,0,0,0,1,1
C3290,,학정공원(농구장),35.950015,128.568021,,,농구,0,0,0,1,1
C3291,,한강근린공원(농구장),35.899231,128.512893,,,농구,0,0,0,1,1
C3292,,함지근린공원(농구장),35.941833,128.568527,,,농구,0,0,0,1,1
C3293,,함지근린공원(배드민턴장),35.941833,128.568527,,,배드민턴,0,0,0,1,1
C3294,,감삼테니스장,35.858644,128.552182,,,테니스,0,0,0,1,1
C3295,,경부선철로변완충녹지(배드민턴장),35.880527,128.553719,,,배드민턴,0,0,0,1,1
C3296,,"비산파크골프장(A,B구장)",35.889678,128.539042,,,파크골프,0,0,1,0,0
C3297,,상리양궁장,35.862792,128.533159,,,양궁,1,0,1,0,0
C3298,,상리테니스장,35.862792,128.533159,,,테니스,0,0,0,1,1
C3299,,서구국민체육센터,35.873478,128.541098,,,생활체육,1,1,0,0,0
C3300,,서구청소년수련관실내수영장,35.873625,128.545477,,,수영,0,1,1,1,0
C3301,,서구체육센터,35.876065,128.568812,,,생활체육,1,1,0,0,0
C3302,,서대구공단완충녹지 2BL(배드민턴장),35.876194,128.546674,,,배드민턴,0,0,0,1,1
C3303,,이현공원(배드민턴장),35.872469,128.541781,,,배드민턴,0,0,0,1,1
C3304,,제2비산파크골프장,35.889678,128.539042,,,파크골프,0,0,1,0,0
C3305,,제3비산파크골프장,35.891633,128.543705,,,파크골프,0,0,1,0,0
C3306,,중리그라운드골프장,35.859182,128.535578,,,골프,0,0,1,0,1
C3307,,평리공원(배드민턴장),35.872287,128.558064,,,배드민턴,0,0,0,1,1
C3308,,구민테니스장,35.851847,128.630503,,,테니스,0,0,0,1,1
C3309,,대구스포츠단훈련센터,35.825243,128.683903,,,생활체육,1,1,0,0,0
C3310,,대구시체육회관,35.825081,128.684599,,,생활체육,1,1,0,0,0
C3311,,대구장애인국민체육센터(장애인형 국민체육센터),35.825249,128.684995,,,생활체육,1,1,0,0,0
C3312,,대구장애인종합복지관 체육관,35.826047,128.606765,,,생활체육,1,1,0,0,0
C3313,,대구체육공원 씨름장,35.829768,128.690164,,,씨름,1,0,0,0,1
C3314,,만촌롤러스케이트장,35.872904,128.658254,,,롤러,0,0,0,1,1
C3315,,매호공원 농구장,35.844959,128.703244,,,농구,0,0,0,1,1
C3316,,무열대 남문테니스장,35.865228,128.651292,,,테니스,0,0,0,1,1
C3317,,범어공원 파크골프연습장,35.849376,128.630694,,,파크골프,0,0,1,0,0
C3318,,범어궁도장,35.848709,128.628752,,,국궁,1,0,1,0,0
C3319,,성동파크골프 임시구장,35.854731,128.716044,,,파크골프,0,0,1,0,0
C3320,,수성구청소년수련관체육관,35.844679,128.631183,,,생활체육,1,1,0,0,0
C3321,,수성국민체육센터,35.847833,128.630720,,,생활체육,1,1,0,0,0
C3322,,수성리틀파크골프연습장,35.870113,128.673814,,,파크골프,0,0,1,0,0
C3323,,수성못 상화동산 농구장,35.828791,128.619779,,,농구,0,0,0,1,1
C3324,,수성반다비체육센터,35.855587,128.649184,,,수영,0,1,1,1,0
C3325,,수성파크골프장,35.871623,128.668364,,,파크골프,0,0,1,0,0
C3326,,수성패밀리파크 농구장,35.869797,128.674005,,,농구,0,0,0,1,1
C3327,,수성패밀리파크 인라인스케이트장,35.869588,128.674831,,,롤러,0,0,0,1,1
C3328,,수성패밀리파크 정구장,35.869273,128.674116,,,테니스,0,0,0,1,1
C3329,,수성패밀리파크 파크골프연습장,35.870113,128.673814,,,파크골프,0,0,1,0,0
C3330,,시민생활스포츠센터,35.826177,128.679026,,,생활체육,1,1,0,0,0
C3331,,시지교 프리테니스장,35.841807,128.689472,,,테니스,0,0,0,1,1
C3332,,용두골 배드민턴장,35.809252,128.607337,,,배드민턴,0,0,0,1,1
C3333,,용지봉체육시설-배드민턴장,35.810186,128.638980,,,배드민턴,0,0,0,1,1
C3334,,욱수골 프리테니스장,35.823605,128.706063,,,테니스,0,0,0,1,1
C3335,,인공암벽등반장,35.824406,128.684561,,,클라이밍,1,0,1,0,0
C3336,,진밭골체육센터,35.814102,128.650953,,,테니스,0,0,0,1,1
C3337,,팔현파크골프장,35.869111,128.675146,,,파크골프,0,0,1,0,0
C3338,,화랑공원 배드민턴장,35.871411,128.640681,,,배드민턴,0,0,0,1,1
C3339,,화랑공원 테니스장,35.870774,128.640413,,,테니스,0,0,0,1,1
C3340,,달성공원테니스장,35.873399,128.575920,,,테니스,0,0,0,1,1
C3341,,중구청라국민체육센터,35.857070,128.603074,,,생활체육,1,1,0,0,0
C3342,,대덕구청소년수련관 수영장,36.364280,127.434303,,,수영,0,1,1,1,0
C3343,,대덕국민체육센터,36.445528,127.413594,,,생활체육,1,1,0,0,0
C3344,,대덕국민체육센터수영장,36.445435,127.413522,,,수영,0,1,1,1,0
C3345,,대덕문화체육관,36.445417,127.415328,,,생활체육,1,1,0,0,0
C3346,,석봉국민체육센터,36.450795,127.423214,,,생활체육,1,1,0,0,0
C3347,,송촌생활체육공원테니스장,36.369540,127.442966,,,테니스,0,0,0,1,1
C3348,,중리근린공원국민체육센터,36.363166,127.427971,,,생활체육,1,1,0,0,0
C3349,,지수체육공원궁도장(회덕정),36.425730,127.414533,,,국궁,1,0,1,0,0
C3350,,청소년수련관체육관,36.364280,127.434303,,,생활체육,1,1,0,0,0
C3351,,한국수자원공사,36.396936,127.426829,,,테니스,0,0,0,1,1
C3352,,동구국민,36.339470,127.438148,,,생활체육,1,1,0,0,0
C3353,,동구국민체육센터,36.339495,127.438095,,,생활체육,1,1,0,0,0
C3354,,성남다목적체육관,36.342650,127.430802,,,생활체육,1,1,0,0,0
C3355,,어진마을아파트 헬스장옆,36.311770,127.454807,,,웨이트,1,1,0,0,0
C3356,,용운국제수영장,36.324517,127.466735,,,수영,0,1,1,1,0
C3357,,인동국민체육센터,36.319753,127.437909,,,생활체육,1,1,0,0,0
C3358,,인동생활체육관,36.319770,127.437905,,,생활체육,1,1,0,0,0
C3359,,갈마체육관,36.348269,127.371291,,,생활체육,1,1,0,0,0
C3360,,관저다목적체육관,36.292990,127.335204,,,생활체육,1,1,0,0,0
C3361,,관저테니스장,36.292641,127.334033,,,테니스,0,0,0,1,1
C3362,,남선공원 빙상장,36.346230,127.397991,,,빙상,0,0,0,1,1
C3363,,남선공원종합체육관,36.346400,127.398178,,,생활체육,1,1,0,0,0
C3364,,대전서구국민체육센터(서구국민체육센터),36.303881,127.362928,,,생활체육,1,1,0,0,0
C3365,,도마실국민체육센터,36.312191,127.385212,,,생활체육,1,1,0,0,0
C3366,,도솔다목적체육관,36.324773,127.367981,,,생활체육,1,1,0,0,0
C3367,,백운체육관,36.340139,127.373623,,,생활체육,1,1,0,0,0
C3368,,오량실내테니스장,36.304736,127.379786,,,테니스,0,0,0,1,1
C3369,,올림픽기념국민생활관,36.354829,127.373280,,,생활체육,1,1,0,0,0
C3370,,월평궁도장,36.337672,127.362561,,,국궁,1,0,1,0,0
C3371,,월평양궁장,36.337657,127.362566,,,양궁,1,0,1,0,0
C3372,,유등천 파크골프장,36.367078,127.395136,,,파크골프,0,0,1,0,0
C3373,,은평공원테니스장,36.359470,127.363505,,,테니스,0,0,0,1,1
C3374,,정림테니스장,36.303779,127.362890,,,테니스,0,0,0,1,1
C3375,,탄방탁구장,36.341346,127.394606,,,탁구,0,0,0,1,1
C3376,,갑천1 파크골프장,36.419143,127.414917,,,파크골프,0,0,1,0,0
C3377,,갑천2 파크골프장,36.424575,127.408258,,,파크골프,0,0,1,0,0
C3378,,갑천마레트골프장,36.353124,127.350044,,,골프,0,0,1,0,1
C3379,,구즉국민체육센터,36.435010,127.384101,,,생활체육,1,1,0,0,0
C3380,,구즉국민체육센터 수영장,36.435011,127.384100,,,수영,0,1,1,1,0
C3381,,국제지식재산연수원 농구장,36.378093,127.364027,,,농구,0,0,0,1,1
C3382,,국제지식재산연수원 체력단련장,36.378093,127.364027,,,웨이트,1,1,0,0,0
C3383,,국제지식재산연수원 테니스장,36.378093,127.364027,,,테니스,0,0,0,1,1
C3384,,그라운드골프장,36.353124,127.350044,,,골프,0,0,1,0,1
C3385,,대전광역시장애인체육센터 (구: 장애인체육센터),36.353622,127.307457,,,생활체육,1,1,0,0,0
C3386,,송강실내테니스장,36.431512,127.386751,,,테니스,0,0,0,1,1
C3387,,엑스포테니스장앞 도로변,36.403515,127.405040,,,테니스,0,0,0,1,1
C3388,,월드컵인라인롤러장,36.367631,127.324445,,,롤러,0,0,0,1,1
C3389,,유성궁도장,36.352919,127.307147,,,국궁,1,0,1,0,0
C3390,,유성반다비체육센터,36.378562,127.344305,,,생활체육,1,1,0,0,0
C3391,,유성종합스포츠센터,36.378562,127.344305,,,생활체육,1,1,0,0,0
C3392,,인공암벽장,36.364564,127.324196,,,클라이밍,1,0,1,0,0
C3393,,진잠다목적체육관,36.295410,127.320601,,,생활체육,1,1,0,0,0
C3394,,파크골프 제1클럽하우스 일원,36.424066,127.406132,,,파크골프,0,0,1,0,0
C3395,,파크골프 제2클럽하우스 일원,36.415325,127.415742,,,파크골프,0,0,1,0,0
C3396,,한국수력원자력(주),36.400132,127.365464,,,테니스,0,0,0,1,1
C3397,,한국원자력안전기술원,36.374485,127.368879,,,테니스,0,0,0,1,1
C3398,,한국전력공사(한전전력연구원),36.391194,127.391018,,,테니스,0,0,0,1,1
C3399,,대전중구국민체육센터(중구국민체육센터),36.329962,127.417304,,,생활체육,1,1,0,0,0
C3400,,뿌리공원궁도장,36.283959,127.383965,,,국궁,1,0,1,0,0
C3401,,사정인라인스케이트장,36.297532,127.406582,,,롤러,0,0,0,1,1
C3402,,산성생활체육관,36.308162,127.391472,,,생활체육,1,1,0,0,0
C3403,,중구국민체육센터,36.329962,127.417304,,,수영,0,1,1,1,0
C3404,,중구그라운드골프장,36.313909,127.386797,,,골프,0,0,1,0,1
C3405,,중구파크골프장,36.326325,127.389647,,,파크골프,0,0,1,0,0
C3406,,충무체육관,36.317337,127.428014,,,생활체육,1,1,0,0,0
C3407,,한마음생활체육관,36.318455,127.386454,,,생활체육,1,1,0,0,0
C3408,,한밭문화체육센터,36.308748,127.409151,,,생활체육,1,1,0,0,0
C3409,,한밭수영장,36.316336,127.430634,,,수영,0,1,1,1,0
C3410,,한밭체육관,36.317337,127.428014,,,생활체육,1,1,0,0,0
C3411,,강서체육공원실내수영장,35.210957,128.972213,,,수영,0,1,1,1,0
C3412,,강서체육공원실내체육관,35.210957,128.972213,,,생활체육,1,1,0,0,0
C3413,,강서체육공원양궁경기장,35.210957,128.972213,,,양궁,1,0,1,0,0
C3414,,강서체육공원테니스장,35.210957,128.972213,,,테니스,0,0,0,1,1
C3415,,대저생태공원농구장8면,35.209849,128.984556,,,농구,0,0,0,1,1
C3416,,대저생태공원인라인스케이트장,35.209849,128.984556,,,롤러,0,0,0,1,1
C3417,,대저생태공원파크골프장,35.215848,128.991446,,,파크골프,0,0,1,0,0
C3418,,덕두테니스장,35.169957,128.959399,,,테니스,0,0,0,1,1
C3419,,맥도생태공원농구장2면,35.152309,128.954900,,,농구,0,0,0,1,1
C3420,,맥도생태공원배드민턴장3면,35.152309,128.954900,,,배드민턴,0,0,0,1,1
C3421,,맥도생태공원인라인스케이트장,35.152309,128.954900,,,롤러,0,0,0,1,1
C3422,,맥도생태공원테니스장,35.198683,128.973519,,,테니스,0,0,0,1,1
C3423,,명지동75호광장테니스장,35.090999,128.917952,,,테니스,0,0,0,1,1
C3424,,서부사업소 테니스장,35.196329,128.930518,,,테니스,0,0,0,1,1
C3425,,신호공원파크골프장,35.082171,128.870864,,,파크골프,0,0,1,0,0
C3426,,금양중테니스장,35.233788,129.095500,,,테니스,0,0,0,1,1
C3427,,금정구국민체육센터수영장,35.193939,129.064153,,,수영,0,1,1,1,0
C3428,,금정구민체육관,35.247108,129.098481,,,테니스,0,0,0,1,1
C3429,,금정구청앞동네체육시설,35.242531,129.092759,,,테니스,0,0,0,1,1
C3430,,금정구테니스장,35.285462,129.105205,,,테니스,0,0,0,1,1
C3431,,금정국민체육센터(구: 금정구국민체육센터),35.219447,129.096142,,,테니스,0,0,0,1,1
C3432,,남산동 파크골프장,35.267523,129.082108,,,파크골프,0,0,1,0,0
C3433,,남산배수지배드민턴장,35.267180,129.081109,,,배드민턴,0,0,0,1,1
C3434,,부산교통공사노포차량기지테니스장,35.284687,129.095480,,,테니스,0,0,0,1,1
C3435,,부산시설공단골프연습장,35.289122,129.107042,,,골프,0,0,1,0,1
C3436,,부산시설공단실내체육관,35.289122,129.107042,,,생활체육,1,1,0,0,0
C3437,,부산시설공단실내체육관수영장,35.289122,129.107042,,,수영,0,1,1,1,0
C3438,,부산시설공단테니스장,35.289122,129.107042,,,테니스,0,0,0,1,1
C3439,,수영강상류동네체육시설,35.290197,129.101844,,,수영,0,1,1,1,0
C3440,,수영강하류동네체육시설,35.226198,129.121464,,,수영,0,1,1,1,0
C3441,,오륜동 파크골프장,35.251377,129.103050,,,파크골프,0,0,1,0,0
C3442,,참샘골배드민턴장,35.245618,129.081618,,,배드민턴,0,0,0,1,1
C3443,,한물교 파크골프 연습장,35.288147,129.103678,,,파크골프,0,0,1,0,0
C3444,,한물교 파크골프장,35.291742,129.101932,,,파크골프,0,0,1,0,0
C3445,,강변공원 농구장,35.320230,129.195168,,,농구,0,0,0,1,1
C3446,,강변공원 배드민턴장,35.320230,129.195168,,,배드민턴,0,0,0,1,1
C3447,,군민체육공원인라인스케이트장,35.304975,129.242850,,,롤러,0,0,0,1,1
C3448,,기장군국민체육센터,35.304996,129.243047,,,생활체육,1,1,0,0,0
C3449,,기장군국민체육센터수영장,35.304975,129.242850,,,수영,0,1,1,1,0
C3450,,기장생활체육센터,35.243652,129.208201,,,생활체육,1,1,0,0,0
C3451,,기장생활체육센터수영장,35.243652,129.208201,,,수영,0,1,1,1,0
C3452,,기장체육관,35.252081,129.223459,,,생활체육,1,1,0,0,0
C3453,,기장하수처리장 농구장,35.244875,129.223659,,,농구,0,0,0,1,1
C3454,,기장하수처리장 배드민턴장,35.244875,129.223659,,,배드민턴,0,0,0,1,1
C3455,,기장환경공원 인라인스케이트장,35.244875,129.223659,,,롤러,0,0,0,1,1
C3456,,기장환경공원 테니스장,35.244875,129.223659,,,테니스,0,0,0,1,1
C3457,,꽃내음마당공원 배드민턴장,35.201930,129.206915,,,배드민턴,0,0,0,1,1
C3458,,나래울공원 농구장,35.320859,129.184711,,,농구,0,0,0,1,1
C3459,,동그라미공원 배드민턴장,35.326326,129.175069,,,배드민턴,0,0,0,1,1
C3460,,동부근린공원 농구장,35.249683,129.217305,,,농구,0,0,0,1,1
C3461,,물너울공원 농구장,35.320239,129.172959,,,농구,0,0,0,1,1
C3462,,물너울공원 배드민턴장,35.320239,129.172959,,,배드민턴,0,0,0,1,1
C3463,,물빛공원 배드민턴장,35.340932,129.166505,,,배드민턴,0,0,0,1,1
C3464,,민들레공원 농구장,35.235775,129.212031,,,농구,0,0,0,1,1
C3465,,민들레공원 배드민턴장,35.235775,129.212031,,,배드민턴,0,0,0,1,1
C3466,,바람개비공원 배드민턴장,35.339745,129.158748,,,배드민턴,0,0,0,1,1
C3467,,뵤뵤공원 배드민턴장,35.320038,129.182956,,,배드민턴,0,0,0,1,1
C3468,,비둘기공원 농구장,35.247356,129.214996,,,농구,0,0,0,1,1
C3469,,산골공원 배드민턴장,35.329511,129.181253,,,배드민턴,0,0,0,1,1
C3470,,소두방공원 농구장,35.325291,129.181731,,,농구,0,0,0,1,1
C3471,,소두방공원 배드민턴장,35.325291,129.181731,,,배드민턴,0,0,0,1,1
C3472,,솔마루공원 배드민턴장,35.336345,129.164780,,,배드민턴,0,0,0,1,1
C3473,,솔바람언덕공원 농구장,35.208562,129.204956,,,농구,0,0,0,1,1
C3474,,솔바람언덕공원 배드민턴장,35.208562,129.204956,,,배드민턴,0,0,0,1,1
C3475,,솔빛공원 배드민턴장,35.342369,129.162766,,,배드민턴,0,0,0,1,1
C3476,,애솔공원 배드민턴장,35.318791,129.182621,,,배드민턴,0,0,0,1,1
C3477,,얼레공원 농구장,35.322511,129.171205,,,농구,0,0,0,1,1
C3478,,우정공원 배드민턴장,35.253428,129.216518,,,배드민턴,0,0,0,1,1
C3479,,월드컵빌리지,35.304975,129.242850,,,테니스,0,0,0,1,1
C3480,,정관스포츠힐링파크 파크골프장,35.341902,129.165363,,,파크골프,0,0,1,0,0
C3481,,정관아쿠아드림파크,35.341321,129.163151,,,수영,0,1,1,1,0
C3482,,정관체육시설테니스장,35.328537,129.183892,,,테니스,0,0,0,1,1
C3483,,정관하수처리장 테니스장,35.321796,129.214518,,,테니스,0,0,0,1,1
C3484,,죽향공원 배드민턴장,35.333192,129.169680,,,배드민턴,0,0,0,1,1
C3485,,중앙공원 농구장,35.322188,129.181896,,,농구,0,0,0,1,1
C3486,,철마체육시설테니스장,35.273050,129.155695,,,테니스,0,0,0,1,1
C3487,,해바라기공원 배드민턴장,35.236175,129.215336,,,배드민턴,0,0,0,1,1
C3488,,남구 빙상장,35.104156,129.110078,,,빙상,0,0,0,1,1
C3489,,남구 빙상장(청사),35.103883,129.108373,,,빙상,0,0,0,1,1
C3490,,남구국민체육센터 1관(실내체육관),35.103883,129.108373,,,생활체육,1,1,0,0,0
C3491,,남구국민체육센터 1관(체력단련장),35.103883,129.108202,,,웨이트,1,1,0,0,0
C3492,,남구국민체육센터2관(수영장),35.103869,129.109343,,,수영,0,1,1,1,0
C3493,,남구국민체육센터2관(실내체육관),35.103869,129.109343,,,생활체육,1,1,0,0,0
C3494,,남국국민체육센터 1관(골프연습장),35.103883,129.108373,,,골프,0,0,1,0,1
C3495,,남국국민체육센터 1관(수영장),35.103883,129.108373,,,수영,0,1,1,1,0
C3496,,남부환경공단 농구장,36.497877,127.265434,,,농구,0,0,0,1,1
C3497,,남부환경공원 그라운드골프장,35.125800,129.116415,,,골프,0,0,1,0,1
C3498,,남부환경공원 테니스장,35.125800,129.116415,,,테니스,0,0,0,1,1
C3499,,백운포체육공원 (테니스장),35.103291,129.110503,,,테니스,0,0,0,1,1
C3500,,백운포체육공원 그라운드골프장,35.103869,129.109343,,,골프,0,0,1,0,1
C3501,,분포문화체육센터 (체력단련장),35.132057,129.115221,,,웨이트,1,1,0,0,0
C3502,,동구국민체육문예센터,35.128953,129.044674,,,생활체육,1,1,0,0,0
C3503,,수정5동 간이배드민턴장,35.135042,129.038968,,,배드민턴,0,0,0,1,1
C3504,,수정5동테니스장,35.134916,129.039917,,,테니스,0,0,0,1,1
C3505,,수정산가족체육공원 실내체육관,35.132945,129.037934,,,생활체육,1,1,0,0,0
C3506,,이바구국민체육센터,35.121701,129.040516,,,생활체육,1,1,0,0,0
C3507,,좌천미니파크골프장,35.135374,129.048790,,,파크골프,0,0,1,0,0
C3508,,증산공원 다목적체력단련장,35.137404,129.050407,,,웨이트,1,1,0,0,0
C3509,,국민체육센터,35.203610,129.069830,,,생활체육,1,1,0,0,0
C3510,,동래구국민체육센터실내수영장,35.204534,129.069709,,,수영,0,1,1,1,0
C3511,,명장공원 체력단련장,35.208825,129.106994,,,웨이트,1,1,0,0,0
C3512,,부산종합운동장 실내수영장,35.193068,129.062378,,,수영,0,1,1,1,0
C3513,,부산종합운동장 실내체육관,35.192312,129.060681,,,생활체육,1,1,0,0,0
C3514,,사직실내테니스장,35.194309,129.063299,,,테니스,0,0,0,1,1
C3515,,수영강 바둑장기쉼터,35.196851,129.113944,,,수영,0,1,1,1,0
C3516,,수영강변 간이운동시설(군집체육시설),35.199547,129.115328,,,수영,0,1,1,1,0
C3517,,수영환경공원 농구장,35.189006,129.111533,,,수영,0,1,1,1,0
C3518,,수영환경공원 배드민턴장,35.189006,129.111533,,,수영,0,1,1,1,0
C3519,,수영환경공원 테니스장,35.187489,129.113908,,,수영,0,1,1,1,0
C3520,,낙민정 성지배드민턴 체육시설,35.182505,129.046693,,,배드민턴,0,0,0,1,1
C3521,,부산진구 국민체육센터,35.155387,129.073773,,,생활체육,1,1,0,0,0
C3522,,부산진구생활체육센터,35.156915,129.076007,,,생활체육,1,1,0,0,0
C3523,,샘터배드민턴장 내 체육시설,35.150839,129.043441,,,배드민턴,0,0,0,1,1
C3524,,석천약수터 배드민턴장 체육시설,35.172312,129.017189,,,배드민턴,0,0,0,1,1
C3525,,수정산터널배수지 간이 배드민턴장 내 체육시설,35.143988,129.029704,,,배드민턴,0,0,0,1,1
C3526,,엄광산 숲속체력단련장(부처약수터 밑),35.141178,129.026702,,,웨이트,1,1,0,0,0
C3527,,옥세정약수터 체육공원(심신배드민턴장),35.159938,129.076904,,,배드민턴,0,0,0,1,1
C3528,,청산배드민턴장(전포2동네 체육시설),35.160853,129.073988,,,배드민턴,0,0,0,1,1
C3529,,초연근린공원 체육관,35.178292,129.050551,,,생활체육,1,1,0,0,0
C3530,,화지산 숲속 체력단련장,35.183276,129.056351,,,웨이트,1,1,0,0,0
C3531,,황령산 금련헬스장,35.158677,129.077287,,,웨이트,1,1,0,0,0
C3532,,황령산 야외헬스장,35.158447,129.077784,,,웨이트,1,1,0,0,0
C3533,,황령산금련헬스장 밑 산림체육시설(1),35.156631,129.078207,,,웨이트,1,1,0,0,0
C3534,,황령산금련헬스장 밑 산림체육시설(2),35.156631,129.078207,,,웨이트,1,1,0,0,0
C3535,,황령산금련헬스장 밑 산림체육시설(3),35.156631,129.078207,,,웨이트,1,1,0,0,0
C3536,,황령산레포츠공원 내(영화배드민턴장),35.157291,129.077307,,,배드민턴,0,0,0,1,1
C3537,,황령산레포츠공원 내(우리들배드민턴장),35.157291,129.077307,,,배드민턴,0,0,0,1,1
C3538,,황령산레포츠공원(배드민턴장),35.157029,129.075383,,,배드민턴,0,0,0,1,1
C3539,,황령산레포츠공원(전포배드민턴장),35.157029,129.075383,,,배드민턴,0,0,0,1,1
C3540,,황령산레포츠공원내(청조체력단련장),35.157029,129.075383,,,웨이트,1,1,0,0,0
C3541,,황령산레포츠공원테니스장,35.156915,129.076007,,,테니스,0,0,0,1,1
C3542,,대저생태공원테니스장,35.133387,128.950027,,,테니스,0,0,0,1,1
C3543,,덕천2동 문화 빙상센터 입구,35.213478,129.005475,,,빙상,0,0,0,1,1
C3544,,만덕1동 상학산 배드민턴장,35.218475,129.040562,,,배드민턴,0,0,0,1,1
C3545,,백양생활체육관,35.206160,129.035564,,,생활체육,1,1,0,0,0
C3546,,부산북구국민체육센터(북구국민체육센터),35.230916,129.017485,,,생활체육,1,1,0,0,0
C3547,,부산인재개발원 테니스장,35.268166,129.021061,,,테니스,0,0,0,1,1
C3548,,북구문화빙상센터-부산실내빙상장,35.213438,129.005751,,,빙상,0,0,0,1,1
C3549,,화명강변공원인라인스케이트장,35.240099,129.006032,,,롤러,0,0,0,1,1
C3550,,화명생태공원그라운드골프장,35.238913,129.005772,,,골프,0,0,1,0,1
C3551,,화명생태공원농구장4면,35.231083,129.003891,,,농구,0,0,0,1,1
C3552,,화명생태공원테니스장,35.238019,129.005365,,,테니스,0,0,0,1,1
C3553,,화명생태공원파크골프장(18홀),35.238019,129.005365,,,파크골프,0,0,1,0,0
C3554,,화명생태공원파크골프장(24홀),35.233599,129.004521,,,파크골프,0,0,1,0,0
C3555,,모라3동네(테니스장) 체육시설,35.184897,128.995442,,,테니스,0,0,0,1,1
C3556,,사상구국민체육센터,35.147446,128.994874,,,생활체육,1,1,0,0,0
C3557,,사상구국민체육센터수영장,35.147446,128.994874,,,수영,0,1,1,1,0
C3558,,삼락생태공원 체력단련장,35.170094,128.974053,,,웨이트,1,1,0,0,0
C3559,,삼락생태공원(문화광장인라인스케이트장),35.170013,128.976570,,,롤러,0,0,0,1,1
C3560,,삼락생태공원(수관교인라인스케이트장),35.170013,128.976570,,,롤러,0,0,0,1,1
C3561,,삼락생태공원(중앙광장인라인스케이트장),35.170013,128.976570,,,롤러,0,0,0,1,1
C3562,,삼락생태공원국궁장,35.169134,128.973188,,,국궁,1,0,1,0,0
C3563,,삼락생태공원그라운드골프장,35.169134,128.973186,,,골프,0,0,1,0,1
C3564,,삼락생태공원농구장2면,35.190839,128.977988,,,농구,0,0,0,1,1
C3565,,삼락생태공원테니스장12면,35.164705,128.973273,,,테니스,0,0,0,1,1
C3566,,삼락생태공원테니스장3면(수관교),35.190839,128.977988,,,테니스,0,0,0,1,1
C3567,,삼락생태공원파크골프장(27홀),35.170904,128.972593,,,파크골프,0,0,1,0,0
C3568,,삼락생태공원파크골프장(36홀),35.177359,128.970087,,,파크골프,0,0,1,0,0
C3569,,삼락생태공원파크골프장(9홀),35.163042,128.972029,,,파크골프,0,0,1,0,0
C3570,,승록배드민턴 체육시설,35.142720,129.014105,,,배드민턴,0,0,0,1,1
C3571,,승학배드민턴 체육시설,35.143508,128.996439,,,배드민턴,0,0,0,1,1
C3572,,엄궁유수지 테니스장,35.132136,128.969827,,,테니스,0,0,0,1,1
C3573,,위생환경공원 테니스장,35.137101,128.968642,,,테니스,0,0,0,1,1
C3574,,강변환경공원 배드민턴장,35.083343,128.956595,,,배드민턴,0,0,0,1,1
C3575,,강변환경공원 파크골프장,35.083343,128.956595,,,파크골프,0,0,1,0,0
C3576,,사하구국민체육센터,35.089435,128.998876,,,생활체육,1,1,0,0,0
C3577,,사하구국민체육센터골프연습장,35.089435,128.998878,,,골프,0,0,1,0,1
C3578,,사하구국민체육센터수영장,35.089435,128.998876,,,수영,0,1,1,1,0
C3579,,서부산권장애인스포츠센터,35.109420,128.946942,,,수영,0,1,1,1,0
C3580,,신평레포츠공원테니스장,35.093399,128.959838,,,테니스,0,0,0,1,1
C3581,,신평장림체육관 수영장,35.093080,128.960190,,,수영,0,1,1,1,0
C3582,,신평장림체육관 체력단련장,35.093080,128.960190,,,웨이트,1,1,0,0,0
C3583,,을숙도다목적실내생활체육관,35.110088,128.944678,,,테니스,0,0,0,1,1
C3584,,을숙도롤러스케이트장,35.110804,128.947945,,,롤러,0,0,0,1,1
C3585,,구덕정,35.128725,129.016544,,,국궁,1,0,1,0,0
C3586,,부산국민체육센터,35.117326,129.015772,,,생활체육,1,1,0,0,0
C3587,,부산국민체육센터수영장,35.117326,129.015772,,,수영,0,1,1,1,0
C3588,,부산시씨름장,35.126231,129.007611,,,씨름,1,0,0,0,1
C3589,,송도스포츠센터,35.078077,129.020111,,,생활체육,1,1,0,0,0
C3590,,송도스포츠센터수영장,35.078077,129.020111,,,수영,0,1,1,1,0
C3591,,송도해양레포츠센터,35.073943,129.016345,,,수영,0,1,1,1,0
C3592,,중앙환경공원 테니스장,35.054625,129.012967,,,테니스,0,0,0,1,1
C3593,,동수영중 뒤  체육시설(망미1동),35.179053,129.113586,,,수영,0,1,1,1,0
C3594,,동수영중학교 옆 갈림길,35.164620,129.104695,,,수영,0,1,1,1,0
C3595,,동수영중학교 체육시설,35.164570,129.103662,,,수영,0,1,1,1,0
C3596,,수영sk뷰 체육시설,35.177304,129.101358,,,수영,0,1,1,1,0
C3597,,수영강변체육시설,35.182780,129.116921,,,수영,0,1,1,1,0
C3598,,수영구 국민체육센터,35.152769,129.107326,,,수영,0,1,1,1,0
C3599,,수영구 스포츠클럽,35.160948,129.126942,,,수영,0,1,1,1,0
C3600,,수영사적공원,35.170787,129.114239,,,수영,0,1,1,1,0
C3601,,수영정,35.155077,129.107280,,,수영,0,1,1,1,0
C3602,,사직종합운동장궁도장,35.191691,129.057230,,,국궁,1,0,1,0,0
C3603,,연제구 거제국민체육센터,35.189511,129.074290,,,생활체육,1,1,0,0,0
C3604,,연제구국민체육센터,35.184340,129.088102,,,생활체육,1,1,0,0,0
C3605,,연제행복체육관,35.179254,129.078446,,,생활체육,1,1,0,0,0
C3606,,종합운동장실내훈련장,35.187763,129.070323,,,생활체육,1,1,0,0,0
C3607,,종합운동장체조체육관,35.187763,129.070323,,,생활체육,1,1,0,0,0
C3608,,구민테니스장,35.082285,129.077328,,,테니스,0,0,0,1,1
C3609,,영도국민체육센터(구 영도구국민체육센터),35.075265,129.066859,,,생활체육,1,1,0,0,0
C3610,,영도실내체육관,35.074487,129.065938,,,생활체육,1,1,0,0,0
C3611,,영도청학조내기 테니스장,35.088094,129.058261,,,테니스,0,0,0,1,1
C3612,,영도환경공단 테니스장,36.497877,127.265434,,,테니스,0,0,0,1,1
C3613,,해돋이배수지테니스장,35.084776,129.058668,,,테니스,0,0,0,1,1
C3614,,영주동 가족체력단련장,35.114404,129.031803,,,웨이트,1,1,0,0,0
C3615,,용두산공원 체력단련장,35.100502,129.033365,,,웨이트,1,1,0,0,0
C3616,,중구민체력단련장,35.102619,129.032994,,,웨이트,1,1,0,0,0
C3617,,중구웰빙체육관,35.114808,129.031647,,,생활체육,1,1,0,0,0
C3618,,중앙공원 대청동 전망대 체력단련장,35.110047,129.027055,,,웨이트,1,1,0,0,0
C3619,,중앙공원 중앙도서관 방향 체력단련장1,35.110024,129.027069,,,웨이트,1,1,0,0,0
C3620,,중앙공원 중앙도서관 방향 체력단련장2,35.110024,129.027069,,,웨이트,1,1,0,0,0
C3621,,중앙공원 해군전승비 뒤 체력단련장(해통),35.110024,129.027069,,,웨이트,1,1,0,0,0
C3622,,누림공원 농구장,35.173112,129.184238,,,농구,0,0,0,1,1
C3623,,담안골공원 배드민턴장,35.227715,129.163414,,,배드민턴,0,0,0,1,1
C3624,,대천공원 농구장,35.179704,129.168615,,,농구,0,0,0,1,1
C3625,,동부환경공단 농구장,36.497877,127.265434,,,농구,0,0,0,1,1
C3626,,롯데아파트 뒤 배드민턴장,35.160750,129.150771,,,배드민턴,0,0,0,1,1
C3627,,롯데아파트 뒤 배드민턴장 아래,35.165694,129.150278,,,배드민턴,0,0,0,1,1
C3628,,미소공원 배드민턴장,35.161540,129.177674,,,배드민턴,0,0,0,1,1
C3629,,반송공원 테니스장,35.220241,129.159276,,,테니스,0,0,0,1,1
C3630,,반송테니스장,35.224365,129.152510,,,테니스,0,0,0,1,1
C3631,,부산 올림픽기념국민생활관,35.167427,129.137694,,,생활체육,1,1,0,0,0
C3632,,부산 올림픽기념국민생활관골프연습장,35.167427,129.137694,,,골프,0,0,1,0,1
C3633,,부산 올림픽기념국민생활관수영장,35.167427,129.137694,,,수영,0,1,1,1,0
C3634,,부산한마음스포츠센터,35.180398,129.176687,,,생활체육,1,1,0,0,0
C3635,,부산한마음스포츠센터수영장,35.180398,129.176687,,,수영,0,1,1,1,0
C3636,,부산한마음스포츠센터실내골프연습장,35.180398,129.176687,,,골프,0,0,1,0,1
C3637,,센텀테니스장,35.175397,129.123758,,,테니스,0,0,0,1,1
C3638,,송정 테니스파크,35.189819,129.202793,,,테니스,0,0,0,1,1
C3639,,수영강파크골프장,35.209749,129.120584,,,파크골프,0,0,1,0,0
C3640,,올림픽기념국민생활관,35.167427,129.137694,,,테니스,0,0,0,1,1
C3641,,좌동1배수지 테니스장,35.174407,129.165170,,,테니스,0,0,0,1,1
C3642,,좌동2배수지 파크골프장,36.497877,127.265434,,,파크골프,0,0,1,0,0
C3643,,좌동테니스장,35.163457,129.178475,,,테니스,0,0,0,1,1
C3644,,해운대수목원,35.224424,129.127967,,,테니스,0,0,0,1,1
C3645,,해운대수목원 농구장,35.225232,129.126981,,,농구,0,0,0,1,1
C3646,,해운대수목원 배드민턴장,35.223655,129.126911,,,배드민턴,0,0,0,1,1
C3647,,해운대씨름연습장,35.189819,129.202793,,,씨름,1,0,0,0,1
C3648,,해운대환경공원 테니스장,35.175826,129.184303,,,테니스,0,0,0,1,1
C3649,,금나래문화체육센터,37.458938,126.896113,,,생활체육,1,1,0,0,0
C3650,,금나래문화체육센터 수영장,37.458938,126.896113,,,수영,0,1,1,1,0
C3651,,뚝섬 한강공원 수영장,37.529797,127.067887,,,수영,0,1,1,1,0
C3652,,미양 배드민턴장 내 간이운동시설(삼양동),37.621813,127.010365,,,배드민턴,0,0,0,1,1
C3653,,백련 탁구회 내 간이운동시설(백련사길),37.644870,127.003660,,,탁구,0,0,0,1,1
C3654,,백암 배드민턴장 내 간이운동시설,37.627672,127.005772,,,배드민턴,0,0,0,1,1
C3655,,백운 배드민턴장 내 간이운동시설,37.644982,127.003830,,,배드민턴,0,0,0,1,1
C3656,,삼성 배드민턴장 내 간이운동시설(빨래골),37.628670,127.001699,,,배드민턴,0,0,0,1,1
C3657,,삼성배드민턴장,37.447201,126.910655,,,배드민턴,0,0,0,1,1
C3658,,삼양 배드민턴장 내 간이운동시설(삼양동),37.624971,127.010770,,,배드민턴,0,0,0,1,1
C3659,,삼화 배드민턴장 내 간이운동시설(빨래골),37.628368,127.006644,,,배드민턴,0,0,0,1,1
C3660,,송림 배드민턴장 내 간이운동시설(빨래골),37.628643,127.005834,,,배드민턴,0,0,0,1,1
C3661,,수심 배드민턴장 내 간이운동시설(빨래골),37.629751,127.002781,,,배드민턴,0,0,0,1,1
C3662,,수유 배드민턴장 내 간이운동시설(인수동),37.633950,127.001042,,,배드민턴,0,0,0,1,1
C3663,,아차산배수지체육공원테니스장,37.548962,127.096503,,,테니스,0,0,0,1,1
C3664,,아카데미 배드민턴장 내 간이운동시설(아카데미하우스),37.640023,127.001031,,,배드민턴,0,0,0,1,1
C3665,,안양천 파크골프장,37.472357,126.879731,,,파크골프,0,0,1,0,0
C3666,,안양천농구장1,37.438747,126.901211,,,농구,0,0,0,1,1
C3667,,안양천농구장2,37.452985,126.896151,,,농구,0,0,0,1,1
C3668,,안양천농구장3,37.453373,126.893803,,,농구,0,0,0,1,1
C3669,,안양천농구장4,37.459112,126.890159,,,농구,0,0,0,1,1
C3670,,안양천농구장5,37.485142,126.872216,,,농구,0,0,0,1,1
C3671,,약암 배드민턴장 내 간이운동시설(빨래골),37.627931,127.004129,,,배드민턴,0,0,0,1,1
C3672,,영원 배드민턴장 내 간이운동시설(아카데미 하우스 인근),37.644190,127.003821,,,배드민턴,0,0,0,1,1
C3673,,일심 배드민턴장 내 간이운동시설(빨래골),37.629986,127.002390,,,배드민턴,0,0,0,1,1
C3674,,장수 배드민턴장 내 간이운동시설(빨래골),37.625742,127.006434,,,배드민턴,0,0,0,1,1
C3675,,중랑천체육공원인라인스케이트장,37.564219,127.074975,,,롤러,0,0,0,1,1
C3676,,한강시민공원뚝섬지구테니스장,37.527310,127.077834,,,테니스,0,0,0,1,1
C3677,,강남구민체육관,37.477116,127.051886,,,생활체육,1,1,0,0,0
C3678,,강남구민회관 체육교실,37.493888,127.064272,,,생활체육,1,1,0,0,0
C3679,,강남세곡체육공원 테니스장,37.466783,127.113143,,,테니스,0,0,0,1,1
C3680,,강남스포츠문화센터골프연습장,37.488974,127.105339,,,골프,0,0,1,0,1
C3681,,강남스포츠문화센터수영장,37.488973,127.105340,,,수영,0,1,1,1,0
C3682,,강남스포츠문화센터체육관,37.489001,127.105281,,,생활체육,1,1,0,0,0
C3683,,강남주민편익시설,37.494157,127.093643,,,생활체육,1,1,0,0,0
C3684,,마루공원 테니스장,37.497781,127.082476,,,테니스,0,0,0,1,1
C3685,,마루공원농구장,37.497781,127.082476,,,농구,0,0,0,1,1
C3686,,매봉산실내배드민턴장,37.486138,127.042416,,,배드민턴,0,0,0,1,1
C3687,,복개공원 1단계 배드민턴장,37.497781,127.082476,,,배드민턴,0,0,0,1,1
C3688,,복개공원1단계 인라인스케이트장,37.497781,127.082476,,,롤러,0,0,0,1,1
C3689,,봉은테니스장,35.377572,129.080224,,,테니스,0,0,0,1,1
C3690,,수서청소년센터수영장,37.483591,127.088793,,,수영,0,1,1,1,0
C3691,,역삼청소년수련관수영장,37.484714,126.969612,,,수영,0,1,1,1,0
C3692,,역삼청소년수련관체육관,37.493974,127.040912,,,생활체육,1,1,0,0,0
C3693,,청담평생학습관골프연습장,37.519113,127.046437,,,골프,0,0,1,0,1
C3694,,탄천물재생센터 테니스장,37.497781,127.082476,,,테니스,0,0,0,1,1
C3695,,포이테니스장,37.475627,127.055399,,,테니스,0,0,0,1,1
C3696,,강일구민체육센터,37.566797,127.172633,,,웨이트,1,1,0,0,0
C3697,,강일테니스장,37.562922,127.129850,,,테니스,0,0,0,1,1
C3698,,고덕어울림수영장,37.557441,127.169679,,,수영,0,1,1,1,0
C3699,,광나루 한강공원 물놀이장,37.547241,127.120052,,,수영,0,1,1,1,0
C3700,,명일테니스장,37.544507,127.154014,,,테니스,0,0,0,1,1
C3701,,샘터배드민턴장,36.497877,127.265434,,,배드민턴,0,0,0,1,1
C3702,,온조대왕문화체육관,37.556725,127.157454,,,생활체육,1,1,0,0,0
C3703,,유소년스포츠센터,37.555286,127.174232,,,생활체육,1,1,0,0,0
C3704,,일자산제1체육관,37.533020,127.151356,,,생활체육,1,1,0,0,0
C3705,,일자산제2체육관,37.529360,127.149703,,,생활체육,1,1,0,0,0
C3706,,천호어울림수영장,37.542409,127.128320,,,수영,0,1,1,1,0
C3707,,해공체육문화센터,37.542094,127.129832,,,생활체육,1,1,0,0,0
C3708,,강북문화예술회관,37.640989,127.013877,,,생활체육,1,1,0,0,0
C3709,,강북문화예술회관 수영장,37.640989,127.013877,,,수영,0,1,1,1,0
C3710,,강북웰빙스포츠센터,37.630457,127.037770,,,생활체육,1,1,0,0,0
C3711,,강북웰빙스포츠센터수영장,37.630453,127.037789,,,수영,0,1,1,1,0
C3712,,강북종합체육센터,0.000000,0.000000,,,생활체육,1,1,0,0,0
C3713,,강북종합체육센터 수영장,37.619555,127.017722,,,수영,0,1,1,1,0
C3714,,강북청소년센터 수영장,37.645989,127.006406,,,수영,0,1,1,1,0
C3715,,북한산국제클라이밍센터,37.662304,127.007940,,,클라이밍,1,0,1,0,0
C3716,,시립강북청소년센터 수영장,37.645989,127.006406,,,수영,0,1,1,1,0
C3717,,오동골프연습장,37.622637,127.036343,,,골프,0,0,1,0,1
C3718,,오동근린공원 테니스장,37.622674,127.043467,,,테니스,0,0,0,1,1
C3719,,오동근린공원실내배드민턴장,37.633003,127.032206,,,배드민턴,0,0,0,1,1
C3720,,가양레포츠센터 대체육관,37.559552,126.864933,,,생활체육,1,1,0,0,0
C3721,,강서구민올림픽체육센터,37.559689,126.850570,,,생활체육,1,1,0,0,0
C3722,,강서구민올림픽체육센터수영장,37.559688,126.850571,,,수영,0,1,1,1,0
C3723,,강서다목적체육관,37.539705,126.855852,,,생활체육,1,1,0,0,0
C3724,,공항동문화체육센터수영장,37.558782,126.810073,,,수영,0,1,1,1,0
C3725,,구립테니스장,37.583781,126.815648,,,테니스,0,0,0,1,1
C3726,,구민올림픽체육센터골프연습장,37.559670,126.850585,,,골프,0,0,1,0,1
C3727,,궁산다목적체육관,37.572667,126.838365,,,생활체육,1,1,0,0,0
C3728,,내촌어린이공원 농구장,37.577571,126.801408,,,농구,0,0,0,1,1
C3729,,마곡레포츠센터,37.573142,126.832147,,,생활체육,1,1,0,0,0
C3730,,마곡레포츠센터수영장,37.573155,126.832149,,,수영,0,1,1,1,0
C3731,,마곡실내배드민턴장,37.573142,126.832147,,,배드민턴,0,0,0,1,1
C3732,,방화배드민턴장,0.000000,0.000000,,,배드민턴,0,0,0,1,1
C3733,,서남센터 탁구장,36.497877,127.265434,,,탁구,0,0,0,1,1
C3734,,서남센터 테니스장,36.497877,127.265434,,,테니스,0,0,0,1,1
C3735,,서남센터 파크골프장,36.497877,127.265434,,,파크골프,0,0,1,0,0
C3736,,수명산다목적체육관,37.550966,126.829893,,,생활체육,1,1,0,0,0
C3737,,쌈지어린이공원 농구장,37.571181,126.814997,,,농구,0,0,0,1,1
C3738,,염창다목적체육관,37.557947,126.867126,,,생활체육,1,1,0,0,0
C3739,,우장테니스장,37.550402,126.843555,,,테니스,0,0,0,1,1
C3740,,은하수어린이공원 농구장,37.570516,126.806501,,,농구,0,0,0,1,1
C3741,,채송화어린이공원 농구장,37.562762,126.846055,,,농구,0,0,0,1,1
C3742,,화곡배수지다목적체육관,37.539705,126.855852,,,생활체육,1,1,0,0,0
C3743,,강감찬관악체육센터,37.490162,126.947469,,,생활체육,1,1,0,0,0
C3744,,관악구민종합체육센터,37.473066,126.960315,,,생활체육,1,1,0,0,0
C3745,,관악구민종합체육센터수영장,37.473066,126.960315,,,수영,0,1,1,1,0
C3746,,관악구민체육센터골프연습장,37.473066,126.960315,,,골프,0,0,1,0,1
C3747,,관악정,37.458602,126.933780,,,국궁,1,0,1,0,0
C3748,,관악청소년센터수영장,37.470244,126.935243,,,수영,0,1,1,1,0
C3749,,관악파크골프장,37.467198,126.917928,,,파크골프,0,0,1,0,0
C3750,,구민테니스장,37.475123,126.957456,,,테니스,0,0,0,1,1
C3751,,국사봉체육관,37.491879,126.941430,,,생활체육,1,1,0,0,0
C3752,,까치산체육센터,37.481971,126.962472,,,골프,0,0,1,0,1
C3753,,미성체육관,37.477862,126.919361,,,생활체육,1,1,0,0,0
C3754,,선우체육관,37.467433,126.912612,,,생활체육,1,1,0,0,0
C3755,,신림체육센터,37.480071,126.916033,,,생활체육,1,1,0,0,0
C3756,,신림체육센터수영장,37.480071,126.916033,,,수영,0,1,1,1,0
C3757,,장군봉체육관,37.481467,126.934771,,,생활체육,1,1,0,0,0
C3758,,조원생활스포츠센터,37.483708,126.905433,,,생활체육,1,1,0,0,0
C3759,,청룡산체육관,37.474132,126.949416,,,생활체육,1,1,0,0,0
C3760,,광장동 실내배드민턴장,37.544426,127.100198,,,배드민턴,0,0,0,1,1
C3761,,광진구민체육센터,37.545999,127.106822,,,생활체육,1,1,0,0,0
C3762,,광진구민체육센터수영장,37.545999,127.106822,,,수영,0,1,1,1,0
C3763,,광진문화예술회관 골프연습장,37.537571,127.070576,,,골프,0,0,1,0,1
C3764,,광진문화예술회관수영장,37.537571,127.070576,,,수영,0,1,1,1,0
C3765,,서울시동부여성발전센터 수영장,37.539403,127.066718,,,수영,0,1,1,1,0
C3766,,서울시동부여성발전센터 헬스장,37.539403,127.066718,,,웨이트,1,1,0,0,0
C3767,,서울여성능력개발원수영장,37.539404,127.066717,,,수영,0,1,1,1,0
C3768,,어린이대공원테니스장,37.552011,127.078774,,,테니스,0,0,0,1,1
C3769,,중곡문화체육센터,37.567778,127.084803,,,생활체육,1,1,0,0,0
C3770,,중곡문화체육센터수영장,37.567778,127.084803,,,수영,0,1,1,1,0
C3771,,50+남부캠퍼스수영장,37.488425,126.841846,,,수영,0,1,1,1,0
C3772,,[06]안양천 제방(오금교~인라인스케이트장),37.509001,126.875609,,,롤러,0,0,0,1,1
C3773,,[10]동양미래대학교 앞 농구장,37.499939,126.870524,,,농구,0,0,0,1,1
C3774,,[15]도림천 농구장 제방위,37.510922,126.889848,,,농구,0,0,0,1,1
C3775,,[24]인라인스케이트장 우측,37.483471,126.854006,,,롤러,0,0,0,1,1
C3776,,[25]인라인스케이트장 좌측(지압코스 내부),37.482148,126.852309,,,롤러,0,0,0,1,1
C3777,,개웅산생활체육관,37.485307,126.849724,,,생활체육,1,1,0,0,0
C3778,,고척근린공원테니스장,37.505932,126.852008,,,테니스,0,0,0,1,1
C3779,,구로구민생활체육관,37.505230,126.892806,,,생활체육,1,1,0,0,0
C3780,,구로구민체육센터,37.506581,126.853276,,,생활체육,1,1,0,0,0
C3781,,구로누리배드민턴장,37.504707,126.892831,,,배드민턴,0,0,0,1,1
C3782,,구로청소년센터수영장,37.491320,126.883399,,,수영,0,1,1,1,0
C3783,,구일역하부 인라인스케이트장,37.493097,126.870334,,,롤러,0,0,0,1,1
C3784,,농구장(A구장),37.500904,126.874586,,,농구,0,0,0,1,1
C3785,,농구장(C구장),37.514322,126.881394,,,농구,0,0,0,1,1
C3786,,농구장(구일역),37.493098,126.870334,,,농구,0,0,0,1,1
C3787,,농구장(도림천),37.510495,126.889453,,,농구,0,0,0,1,1
C3788,,농구장(동양미래대 앞),37.500616,126.867720,,,농구,0,0,0,1,1
C3789,,농구장(오류고가하부),37.492247,126.832521,,,농구,0,0,0,1,1
C3790,,목감천 배드민턴장,37.491617,126.861624,,,배드민턴,0,0,0,1,1
C3791,,목감천 인라인스케이트장,37.482688,126.853320,,,롤러,0,0,0,1,1
C3792,,신도림생활체육관,37.513763,126.883234,,,생활체육,1,1,0,0,0
C3793,,안양천 파크골프장(우안),37.513661,126.880541,,,파크골프,0,0,1,0,0
C3794,,안양천 파크골프장(좌안),37.503831,126.869965,,,파크골프,0,0,1,0,0
C3795,,오금교하부 인라인스케이트장,37.508948,126.876311,,,롤러,0,0,0,1,1
C3796,,항동생활체육관,37.477088,126.822982,,,생활체육,1,1,0,0,0
C3797,,감로천배드민턴장,37.469493,126.908949,,,배드민턴,0,0,0,1,1
C3798,,궁도장 옆,37.455174,126.920240,,,국궁,1,0,1,0,0
C3799,,금천구민문화체육센터,37.470069,126.907340,,,생활체육,1,1,0,0,0
C3800,,금천구민문화체육센터수영장,37.470139,126.907263,,,수영,0,1,1,1,0
C3801,,금천베이스볼파크농구장,36.497877,127.265434,,,농구,0,0,0,1,1
C3802,,금천청소년센터수영장,37.448222,126.915691,,,수영,0,1,1,1,0
C3803,,금천체육공원농구장,36.497877,127.265434,,,농구,0,0,0,1,1
C3804,,금천체육공원배드민턴장,36.497877,127.265434,,,배드민턴,0,0,0,1,1
C3805,,금천탁구회관,36.497877,127.265434,,,탁구,0,0,0,1,1
C3806,,독산근린공원배드민턴장,37.463274,126.884934,,,배드민턴,0,0,0,1,1
C3807,,독산배드민턴체육관,37.467365,126.909969,,,배드민턴,0,0,0,1,1
C3808,,독산테니스장,37.474436,126.906946,,,테니스,0,0,0,1,1
C3809,,만수천배드민턴장,37.474826,126.908882,,,배드민턴,0,0,0,1,1
C3810,,산정배드민턴장,37.446590,126.911491,,,배드민턴,0,0,0,1,1
C3811,,상록배드민턴장,37.474826,126.908882,,,배드민턴,0,0,0,1,1
C3812,,아카시아배드민턴상부,37.469582,126.908740,,,배드민턴,0,0,0,1,1
C3813,,유호배드민턴장,37.463367,126.911912,,,배드민턴,0,0,0,1,1
C3814,,흥산배드민턴장,37.444552,126.909256,,,배드민턴,0,0,0,1,1
C3815,,공릉구민체육센터,37.624869,127.081535,,,생활체육,1,1,0,0,0
C3816,,공릉동미니골프장,37.620728,127.086336,,,골프,0,0,1,0,1
C3817,,공릉배수지 테니스장,37.638780,127.083239,,,테니스,0,0,0,1,1
C3818,,노원청소년수련관수영장,37.641477,127.058215,,,수영,0,1,1,1,0
C3819,,당고개 실내배드민턴장,37.668794,127.075890,,,배드민턴,0,0,0,1,1
C3820,,마들스타디움 테니스장,37.644384,127.059922,,,테니스,0,0,0,1,1
C3821,,상계구민체육센터,37.664246,127.076828,,,생활체육,1,1,0,0,0
C3822,,수락정,37.678366,127.088697,,,국궁,1,0,1,0,0
C3823,,월계구민체육센터,37.626632,127.054734,,,생활체육,1,1,0,0,0
C3824,,중랑천워터파크,37.643392,127.055996,,,수영,0,1,1,1,0
C3825,,초안산근린공원 테니스장,37.638362,127.051741,,,테니스,0,0,0,1,1
C3826,,태릉선수촌 국제스케이트장,37.638671,127.102978,,,빙상,0,0,0,1,1
C3827,,태릉선수촌 빙상장,37.637599,127.103214,,,빙상,0,0,0,1,1
C3828,,태릉선수촌 승리관,37.634780,127.101692,,,생활체육,1,1,0,0,0
C3829,,다락원체육공원 실내체육관(배드민턴장),37.691706,127.046808,,,배드민턴,0,0,0,1,1
C3830,,다락원체육공원 실내체육관(테니스장),37.691706,127.046808,,,테니스,0,0,0,1,1
C3831,,다락원체육공원 테니스장,37.691706,127.046808,,,테니스,0,0,0,1,1
C3832,,도봉동실내스포츠센터(별관),37.684346,127.049896,,,수영,0,1,1,1,0
C3833,,도봉동실내스포츠센터(본관),37.681415,127.050250,,,생활체육,1,1,0,0,0
C3834,,쌍문종합체육센터,37.654381,127.028370,,,생활체육,1,1,0,0,0
C3835,,창동문화체육센터,37.658116,127.050703,,,생활체육,1,1,0,0,0
C3836,,초안산실내배드민턴장,37.644486,127.040954,,,배드민턴,0,0,0,1,1
C3837,,동대문구민체육센타,37.566531,127.073474,,,생활체육,1,1,0,0,0
C3838,,동대문구민체육센터수영장,36.211247,127.337254,,,수영,0,1,1,1,0
C3839,,동대문구체육관,37.574392,127.039897,,,생활체육,1,1,0,0,0
C3840,,동대문청소년수련관수영장,37.587241,127.049827,,,수영,0,1,1,1,0
C3841,,이문체육문화센터,37.602244,127.068702,,,생활체육,1,1,0,0,0
C3842,,이문체육문화센터 테니스장,37.602309,127.069009,,,테니스,0,0,0,1,1
C3843,,장평근린공원테니스장,36.211247,127.337254,,,테니스,0,0,0,1,1
C3844,,노들나루공원 씨름훈련장,37.513238,126.953779,,,씨름,1,0,0,0,1
C3845,,노량진근린공원 테니스장,37.508439,126.927266,,,테니스,0,0,0,1,1
C3846,,노량진근린공원(고구동산) 배드민턴장,37.507469,126.954796,,,배드민턴,0,0,0,1,1
C3847,,노량진근린공원(대방) 농구장,37.510855,126.929589,,,농구,0,0,0,1,1
C3848,,동작구민체육센터,37.494722,126.916772,,,생활체육,1,1,0,0,0
C3849,,동작구민체육센터골프연습장,37.494722,126.916772,,,골프,0,0,1,0,1
C3850,,동작구민체육센터수영장,37.494722,126.916772,,,수영,0,1,1,1,0
C3851,,동작삼일수영장,37.487336,126.974411,,,수영,0,1,1,1,0
C3852,,동작주차공원 테니스장,37.503165,126.978010,,,테니스,0,0,0,1,1
C3853,,동작파크골프장,37.502870,126.980268,,,파크골프,0,0,1,0,0
C3854,,보라매공원 농구장,37.490409,126.917957,,,농구,0,0,0,1,1
C3855,,보라매공원 배드민턴장,37.490409,126.917957,,,배드민턴,0,0,0,1,1
C3856,,보라매공원 암벽등반장,37.490409,126.917957,,,클라이밍,1,0,1,0,0
C3857,,보라매공원 테니스장,37.490409,126.917957,,,테니스,0,0,0,1,1
C3858,,사당문화회관수영장,37.484717,126.969613,,,수영,0,1,1,1,0
C3859,,사당문화회관체육관,37.484717,126.969613,,,생활체육,1,1,0,0,0
C3860,,사당종합체육관,37.492806,126.969743,,,생활체육,1,1,0,0,0
C3861,,삼일공원 청소년농구장,37.485910,126.974625,,,농구,0,0,0,1,1
C3862,,서울여성프라자수영장,35.214108,128.709591,,,수영,0,1,1,1,0
C3863,,현충근린공원 테니스장,37.498319,126.958977,,,테니스,0,0,0,1,1
C3864,,흑석체육센터,37.510056,126.963472,,,생활체육,1,1,0,0,0
C3865,,흑석체육센터수영장,37.510056,126.963472,,,수영,0,1,1,1,0
C3866,,난지 한강공원 물놀이장,37.564060,126.879399,,,수영,0,1,1,1,0
C3867,,노고산동 배드민턴장,37.553736,126.940687,,,배드민턴,0,0,0,1,1
C3868,,마포365구민센터,37.544342,126.921825,,,생활체육,1,1,0,0,0
C3869,,마포구민체육센터,37.556765,126.896965,,,생활체육,1,1,0,0,0
C3870,,마포아트센터골프연습장,37.549906,126.945534,,,골프,0,0,1,0,1
C3871,,마포주민편익시설,37.576683,126.895384,,,생활체육,1,1,0,0,0
C3872,,마포푸르메스포츠센터,37.584647,126.880520,,,수영,0,1,1,1,0
C3873,,만리배수지 배드민턴장,37.554598,126.961479,,,배드민턴,0,0,0,1,1
C3874,,망원나들목체육관,37.552754,126.900819,,,생활체육,1,1,0,0,0
C3875,,망원동테니스장,37.554070,126.899044,,,테니스,0,0,0,1,1
C3876,,망원유수지 농구장,37.557785,126.897235,,,농구,0,0,0,1,1
C3877,,망원유수지 인라인트랙,37.557785,126.897235,,,롤러,0,0,0,1,1
C3878,,망원유수지 파크골프장,37.557785,126.897235,,,파크골프,0,0,1,0,0
C3879,,망원유수지소프트테니스장,37.556765,126.896965,,,테니스,0,0,0,1,1
C3880,,상암동 저류지 인라인트랙,37.584613,126.877442,,,롤러,0,0,0,1,1
C3881,,서울특별시산악문화체험센터,37.569376,126.879942,,,클라이밍,1,0,1,0,0
C3882,,연남동녹지대 배드민턴장,37.566249,126.921685,,,배드민턴,0,0,0,1,1
C3883,,염리생활체육관,37.541967,126.945232,,,생활체육,1,1,0,0,0
C3884,,와우산배드민턴장,37.551983,126.929840,,,배드민턴,0,0,0,1,1
C3885,,월드컵공원테니스장,37.563274,126.897908,,,테니스,0,0,0,1,1
C3886,,가좌테니스장,37.581816,126.930781,,,테니스,0,0,0,1,1
C3887,,농구골대,37.573120,126.922241,,,농구,0,0,0,1,1
C3888,,배드민턴장,37.573120,126.922241,,,배드민턴,0,0,0,1,1
C3889,,북아현문화체육센터,37.561840,126.955438,,,생활체육,1,1,0,0,0
C3890,,서대문구민체육회관골프연습장,37.580759,126.931557,,,골프,0,0,1,0,1
C3891,,서대문문화체육회관,37.580759,126.931557,,,생활체육,1,1,0,0,0
C3892,,서대문청소년센터수영장,37.578974,126.938345,,,수영,0,1,1,1,0
C3893,,서대문체육회관수영장,37.580820,126.931520,,,수영,0,1,1,1,0
C3894,,현저테니스장,37.574019,126.952777,,,테니스,0,0,0,1,1
C3895,,홍은테니스장,37.596960,126.940415,,,테니스,0,0,0,1,1
C3896,,홍제농구장,37.595018,126.949353,,,농구,0,0,0,1,1
C3897,,홍제배드민턴장,37.595018,126.949353,,,배드민턴,0,0,0,1,1
C3898,,내곡동체육시설,37.458484,127.082238,,,테니스,0,0,0,1,1
C3899,,말죽거리공원배드민턴장(1),37.482704,127.034089,,,배드민턴,0,0,0,1,1
C3900,,반포종합운동장 테니스장,37.500165,126.995840,,,테니스,0,0,0,1,1
C3901,,반포종합운동장체육센터,37.500539,126.994264,,,생활체육,1,1,0,0,0
C3902,,방배열린문화센터,37.489017,126.992275,,,골프,0,0,1,0,1
C3903,,서초구민체육센터,37.498834,126.991242,,,생활체육,1,1,0,0,0
C3904,,서초구민체육센터 골프연습장,37.498853,126.990516,,,골프,0,0,1,0,1
C3905,,서초구민체육센터 수영장,37.498853,126.990516,,,수영,0,1,1,1,0
C3906,,서초종합체육관,37.459021,127.041685,,,생활체육,1,1,0,0,0
C3907,,시민의숲테니스장,37.458215,127.038108,,,테니스,0,0,0,1,1
C3908,,양재천수영장,37.473270,127.035305,,,수영,0,1,1,1,0
C3909,,양재초교앞 농구장,37.474074,127.033345,,,농구,0,0,0,1,1
C3910,,언남문화체육센터,37.472910,127.043158,,,생활체육,1,1,0,0,0
C3911,,언남문화체육센터 수영장,37.472330,127.043005,,,수영,0,1,1,1,0
C3912,,잠원 한강공원 수영장,37.520751,127.012273,,,수영,0,1,1,1,0
C3913,,금호공원체육관,37.549404,127.018693,,,생활체육,1,1,0,0,0
C3914,,금호스포츠센터,36.497877,127.265434,,,생활체육,1,1,0,0,0
C3915,,대현산체육관,37.553961,127.030093,,,생활체육,1,1,0,0,0
C3916,,뚝섬서울숲테니스장,37.545046,127.040836,,,테니스,0,0,0,1,1
C3917,,마장국민체육센터,37.562139,127.040795,,,생활체육,1,1,0,0,0
C3918,,마장국민체육센터수영장,37.562139,127.040795,,,수영,0,1,1,1,0
C3919,,마장테니스장,37.564144,127.038941,,,테니스,0,0,0,1,1
C3920,,살곶이농구장,37.554255,127.049695,,,농구,0,0,0,1,1
C3921,,살곶이체육공원인라인스케이트장,37.554034,127.047706,,,롤러,0,0,0,1,1
C3922,,살곶이파크골프장,37.553976,127.050449,,,파크골프,0,0,1,0,0
C3923,,서울숲복합문화센터,0.000000,0.000000,,,생활체육,1,1,0,0,0
C3924,,서울숲복합문화체육센터 수영장,37.549163,127.041472,,,수영,0,1,1,1,0
C3925,,성동구립용답체육센터 수영장,37.561831,127.057057,,,수영,0,1,1,1,0
C3926,,성동구민종합체육센터,37.545842,127.044028,,,생활체육,1,1,0,0,0
C3927,,성동구민종합체육센터수영장,37.545046,127.040836,,,수영,0,1,1,1,0
C3928,,송정동우리동네작은체육관,37.551005,127.068566,,,웨이트,1,1,0,0,0
C3929,,열린금호교육문화관,37.551898,127.020753,,,생활체육,1,1,0,0,0
C3930,,열린금호교육문화관수영장,37.551898,127.020753,,,수영,0,1,1,1,0
C3931,,옥정교육문화관,37.542310,127.015785,,,생활체육,1,1,0,0,0
C3932,,옥정교육문화관 수영장,37.542310,127.015785,,,수영,0,1,1,1,0
C3933,,용답체육센터,37.561831,127.057057,,,생활체육,1,1,0,0,0
C3934,,응봉공원테니스장,36.497877,127.265434,,,테니스,0,0,0,1,1
C3935,,응봉산,37.548660,127.031018,,,클라이밍,1,0,1,0,0
C3936,,응봉테니스장,37.551592,127.036807,,,테니스,0,0,0,1,1
C3937,,중랑물재생센터배드민턴장,37.559858,127.062902,,,배드민턴,0,0,0,1,1
C3938,,중랑물재생센터테니스장,37.558118,127.063234,,,테니스,0,0,0,1,1
C3939,,중랑물재생센터파크골프장,37.557851,127.057132,,,파크골프,0,0,1,0,0
C3940,,개운산스포츠센터,37.596867,127.026239,,,생활체육,1,1,0,0,0
C3941,,북악골프연습장,37.602584,126.998035,,,골프,0,0,1,0,1
C3942,,성북 펜싱 체육관,37.601583,127.038160,,,생활체육,1,1,0,0,0
C3943,,성북구민체육관,37.608620,127.042284,,,생활체육,1,1,0,0,0
C3944,,성북종합레포츠타운골프연습장,37.610217,127.070051,,,골프,0,0,1,0,1
C3945,,성북종합레포츠타운수영장,37.610109,127.070015,,,수영,0,1,1,1,0
C3946,,성북종합레포츠타운체육관,37.610217,127.070051,,,생활체육,1,1,0,0,0
C3947,,성북청소년센터수영장,37.617639,127.055732,,,수영,0,1,1,1,0
C3948,,월곡배드민턴전용체육관,0.000000,0.000000,,,배드민턴,0,0,0,1,1
C3949,,월곡테니스장,37.608620,127.042284,,,테니스,0,0,0,1,1
C3950,,정릉북악간이체육시설,37.601583,127.038160,,,테니스,0,0,0,1,1
C3951,,해오름휘트니스센터,37.594473,127.012706,,,생활체육,1,1,0,0,0
C3952,,마천청소년수련관체육관,37.492333,127.156646,,,생활체육,1,1,0,0,0
C3953,,서울곰두리체육센터수영장,37.500490,127.135453,,,수영,0,1,1,1,0
C3954,,성내천변테니스장,36.497877,127.265434,,,테니스,0,0,0,1,1
C3955,,송파구배드민턴체육관,37.493710,127.138270,,,배드민턴,0,0,0,1,1
C3956,,송파구체육문화회관골프연습장,37.490726,127.142853,,,골프,0,0,1,0,1
C3957,,송파구체육문화회관수영장,37.490726,127.142853,,,수영,0,1,1,1,0
C3958,,송파구체육문화회관체육관,37.490726,127.142853,,,생활체육,1,1,0,0,0
C3959,,송파청소년수련관체육관,37.489704,127.111262,,,생활체육,1,1,0,0,0
C3960,,송파테니스장,37.504213,127.112422,,,테니스,0,0,0,1,1
C3961,,오금공원테니스장,37.505191,127.131653,,,테니스,0,0,0,1,1
C3962,,오륜테니스장,37.513001,127.140753,,,테니스,0,0,0,1,1
C3963,,올림픽공원 수영경기장,37.520988,127.126571,,,수영,0,1,1,1,0
C3964,,올림픽공원 실내테니스장,37.513697,127.128210,,,테니스,0,0,0,1,1
C3965,,올림픽공원 케이스포돔,37.519329,127.127372,,,생활체육,1,1,0,0,0
C3966,,올림픽공원 케이스포돔 골프교실,37.520341,127.115518,,,골프,0,0,1,0,1
C3967,,올림픽공원 테니스경기장,37.513652,127.128222,,,테니스,0,0,0,1,1
C3968,,올림픽공원 핸드볼경기장,37.517447,127.126249,,,생활체육,1,1,0,0,0
C3969,,잠실 자연형 물놀이장,37.517629,127.086737,,,수영,0,1,1,1,0
C3970,,잠실2동배드민턴장,37.516508,127.081496,,,배드민턴,0,0,0,1,1
C3971,,잠실7동배드민턴장,37.503606,127.074790,,,배드민턴,0,0,0,1,1
C3972,,잠실제1수영장,37.516200,127.075940,,,수영,0,1,1,1,0
C3973,,잠실제2수영장,37.516200,127.075940,,,수영,0,1,1,1,0
C3974,,풍납배드민턴장,37.530657,127.110312,,,배드민턴,0,0,0,1,1
C3975,,계남근린공원테니스장,37.511491,126.850292,,,테니스,0,0,0,1,1
C3976,,계남다목적체육관,37.513080,126.850508,,,생활체육,1,1,0,0,0
C3977,,목동문화체육센터,37.542808,126.869088,,,생활체육,1,1,0,0,0
C3978,,목동문화체육센터골프연습장,37.542808,126.869088,,,골프,0,0,1,0,1
C3979,,목동문화체육센터수영장,37.542808,126.869088,,,수영,0,1,1,1,0
C3980,,목동실내빙상장,37.530706,126.880868,,,빙상,0,0,0,1,1
C3981,,목동청소년수련관수영장,37.530719,126.875499,,,수영,0,1,1,1,0
C3982,,목동청소년수련관체육관,37.530719,126.875499,,,생활체육,1,1,0,0,0
C3983,,목동테니스장,37.729299,126.733649,,,테니스,0,0,0,1,1
C3984,,서부여성발전센터수영장,37.534263,126.829921,,,수영,0,1,1,1,0
C3985,,신월문화체육센터,37.519856,126.835065,,,생활체육,1,1,0,0,0
C3986,,신월문화체육센터수영장,37.519856,126.835065,,,수영,0,1,1,1,0
C3987,,양천구민체육센터,37.516476,126.864411,,,생활체육,1,1,0,0,0
C3988,,양천구민체육센터수영장,37.516395,126.864584,,,수영,0,1,1,1,0
C3989,,양천주민편익시설,36.497877,127.265434,,,생활체육,1,1,0,0,0
C3990,,당산 배드민턴장,37.535694,126.904790,,,배드민턴,0,0,0,1,1
C3991,,당산1동주민센터 체력단련장,37.524981,126.897366,,,웨이트,1,1,0,0,0
C3992,,당산2동주민센터 체력단련장,37.531010,126.897349,,,웨이트,1,1,0,0,0
C3993,,대림1동주민센터 실내파크골프장,37.495457,126.905842,,,파크골프,0,0,1,0,0
C3994,,대림운동장 테니스장,36.497877,127.265434,,,테니스,0,0,0,1,1
C3995,,도림2동 배드민턴장,37.507878,126.895992,,,배드민턴,0,0,0,1,1
C3996,,도림천 농구장,37.509493,126.895999,,,농구,0,0,0,1,1
C3997,,문래청소년센터수영장,37.518852,126.894115,,,수영,0,1,1,1,0
C3998,,신길3동주민센터 구청사 실내파크골프장,37.507299,126.907753,,,파크골프,0,0,1,0,0
C3999,,신길3동주민센터 신청사 실내파크골프장,37.506492,126.909808,,,파크골프,0,0,1,0,0
C4000,,신길3동주민센터 체력단련장,37.506492,126.909808,,,웨이트,1,1,0,0,0
C4001,,신길4동체력단련장,37.508451,126.911358,,,웨이트,1,1,0,0,0
C4002,,신길7동자치회관 체력단련실,37.506392,126.921514,,,웨이트,1,1,0,0,0
C4003,,신길종합복지관 수영장,37.511170,126.921441,,,수영,0,1,1,1,0
C4004,,신길책마루문화센터,37.504112,126.909750,,,생활체육,1,1,0,0,0
C4005,,신길책마루문화센터 수영장,37.504112,126.909750,,,수영,0,1,1,1,0
C4006,,신정교 농구장,37.514790,126.903814,,,농구,0,0,0,1,1
C4007,,양평2동 배드민턴장,37.542635,126.891875,,,배드민턴,0,0,0,1,1
C4008,,양평2동주민센터 체력단련장,37.539809,126.894658,,,웨이트,1,1,0,0,0
C4009,,양평누리체육공원 테니스장,37.545023,126.885760,,,테니스,0,0,0,1,1
C4010,,양화 한강공원 물놀이장,37.544284,126.892642,,,수영,0,1,1,1,0
C4011,,여의도 한강공원 수영장,37.533801,126.919077,,,수영,0,1,1,1,0
C4012,,여의동주민센터 체력단련장,37.517695,126.934614,,,웨이트,1,1,0,0,0
C4013,,영등포 다목적 배드민턴 체육관,37.505971,126.898200,,,배드민턴,0,0,0,1,1
C4014,,영등포본동자치회관 체력단련장,37.513080,126.916357,,,웨이트,1,1,0,0,0
C4015,,영등포본동주민센터 체력단련장,37.514666,126.909339,,,웨이트,1,1,0,0,0
C4016,,영등포스포츠클라이밍경기장,37.506082,126.897815,,,클라이밍,1,0,1,0,0
C4017,,영등포제1스포츠센터,37.500542,126.906307,,,생활체육,1,1,0,0,0
C4018,,영등포제1스포츠센터 골프연습장,37.500542,126.906307,,,골프,0,0,1,0,1
C4019,,영등포제1스포츠센터 수영장,37.500542,126.906307,,,수영,0,1,1,1,0
C4020,,영등포제1스포츠센터 실내파크골프장,37.500542,126.906305,,,파크골프,0,0,1,0,0
C4021,,영등포제2스포츠센터,37.526693,126.902731,,,생활체육,1,1,0,0,0
C4022,,영등포제2스포츠센터 수영장,37.526693,126.902731,,,수영,0,1,1,1,0
C4023,,영롱이인라인마당,37.513209,126.900423,,,롤러,0,0,0,1,1
C4024,,갈월종합사회복지관수영장,37.545774,126.974824,,,수영,0,1,1,1,0
C4025,,갈월종합사회복지관체육관,37.545774,126.974824,,,생활체육,1,1,0,0,0
C4026,,용산문화체육센터,37.537242,126.967627,,,생활체육,1,1,0,0,0
C4027,,용산문화체육센터수영장,37.537242,126.967627,,,수영,0,1,1,1,0
C4028,,용산어린이정원 테니스장,36.497877,127.265434,,,테니스,0,0,0,1,1
C4029,,용산청소년수련관,37.521357,126.973299,,,생활체육,1,1,0,0,0
C4030,,용산청소년수련관수영장,37.521357,126.973299,,,수영,0,1,1,1,0
C4031,,원효로 다목적 실내체육관,37.533159,126.957274,,,생활체육,1,1,0,0,0
C4032,,응봉근린공원한남테니스장,37.546427,127.003836,,,테니스,0,0,0,1,1
C4033,,이태원초등학교 수영장,37.536478,126.987673,,,수영,0,1,1,1,0
C4034,,종합행정타운 구민이용 체력단련실,37.532452,126.990479,,,웨이트,1,1,0,0,0
C4035,,한강로 소규모 체육센터,37.524548,126.960065,,,웨이트,1,1,0,0,0
C4036,,한강로 피트니스센터,37.526906,126.966566,,,웨이트,1,1,0,0,0
C4037,,효창 배드민턴장,37.546995,126.962060,,,배드민턴,0,0,0,1,1
C4038,,효창종합사회복지관수영장,37.541223,126.963017,,,수영,0,1,1,1,0
C4039,,효창종합사회복지관체육관,37.541223,126.963017,,,생활체육,1,1,0,0,0
C4040,,은평구민체육센터,37.630442,126.923581,,,생활체육,1,1,0,0,0
C4041,,은평구민체육센터골프연습장,37.630442,126.923581,,,골프,0,0,1,0,1
C4042,,은평구청 체력단련장,37.602457,126.928823,,,웨이트,1,1,0,0,0
C4043,,은평다목적체육관,37.631246,126.924872,,,생활체육,1,1,0,0,0
C4044,,은평인공암벽장,37.638839,126.917161,,,클라이밍,1,0,1,0,0
C4045,,은평청소년센터수영장,37.594216,126.924544,,,수영,0,1,1,1,0
C4046,,은평청여울수영장,37.613996,126.926500,,,수영,0,1,1,1,0
C4047,,은평통일로스포츠센터,37.635822,126.916447,,,수영,0,1,1,1,0
C4048,,무악농구장,37.575975,126.959224,,,농구,0,0,0,1,1
C4049,,무악배드민턴장,37.577867,126.958394,,,배드민턴,0,0,0,1,1
C4050,,삼청테니스장,37.588876,126.982808,,,테니스,0,0,0,1,1
C4051,,올림픽기념국민생활관,37.590459,126.998800,,,생활체육,1,1,0,0,0
C4052,,올림픽기념국민생활관수영장,37.590459,126.998800,,,수영,0,1,1,1,0
C4053,,와룡스포츠센터,37.588688,126.995538,,,웨이트,1,1,0,0,0
C4054,,인왕배드민턴장,37.577919,126.963946,,,배드민턴,0,0,0,1,1
C4055,,종로구립탁구전용구장,37.571914,126.961961,,,탁구,0,0,0,1,1
C4056,,종로구민회관,37.573502,127.014367,,,생활체육,1,1,0,0,0
C4057,,종로구민회관수영장,37.573502,127.014367,,,수영,0,1,1,1,0
C4058,,종로문화체육센터,37.574211,126.964663,,,생활체육,1,1,0,0,0
C4059,,종로문화체육센터수영장,37.574211,126.964663,,,수영,0,1,1,1,0
C4060,,중앙배드민턴장,37.577919,126.963946,,,배드민턴,0,0,0,1,1
C4061,,황학정,37.577919,126.963946,,,국궁,1,0,1,0,0
C4062,,남산타운문화체육센터,37.547151,127.005706,,,생활체육,1,1,0,0,0
C4063,,매봉산 배드민턴장,37.545366,127.006323,,,배드민턴,0,0,0,1,1
C4064,,무학봉체육관,37.562234,127.024575,,,생활체육,1,1,0,0,0
C4065,,손기정문화체육센터,37.555480,126.964816,,,생활체육,1,1,0,0,0
C4066,,응봉(한마음) 배드민턴장,37.551679,127.014522,,,배드민턴,0,0,0,1,1
C4067,,장충문화체육센터,37.559970,127.001326,,,생활체육,1,1,0,0,0
C4068,,장충테니스장,37.558160,127.006818,,,테니스,0,0,0,1,1
C4069,,중구회현체육센터,37.556032,126.981638,,,생활체육,1,1,0,0,0
C4070,,충무아트홀스포츠센터,37.565941,127.014791,,,생활체육,1,1,0,0,0
C4071,,충무아트홀스포츠센터골프연습장,37.565941,127.014791,,,골프,0,0,1,0,1
C4072,,충무아트홀스포츠센터수영장,37.565941,127.014791,,,수영,0,1,1,1,0
C4073,,훈련원공원종합체육관,37.566929,127.004389,,,생활체육,1,1,0,0,0
C4074,,망우청소년센터수영장,37.606221,127.108839,,,수영,0,1,1,1,0
C4075,,면목2동체육관,37.587945,127.080868,,,생활체육,1,1,0,0,0
C4076,,면목구립테니스장,37.574500,127.078838,,,테니스,0,0,0,1,1
C4077,,묵동다목적체육관,37.614457,127.084218,,,생활체육,1,1,0,0,0
C4078,,시립망우청소년센터,37.606221,127.108839,,,생활체육,1,1,0,0,0
C4079,,신내공원 다목적체육관,37.611253,127.089465,,,생활체육,1,1,0,0,0
C4080,,용마폭포공원 테니스장,37.573352,127.089122,,,테니스,0,0,0,1,1
C4081,,중랑구립테니스장,37.611837,127.113986,,,테니스,0,0,0,1,1
C4082,,중랑구립파크골프장,37.605245,127.072198,,,파크골프,0,0,1,0,0
C4083,,중랑구민체육센터,37.615182,127.087480,,,생활체육,1,1,0,0,0
C4084,,중랑구민체육센터 수영장,37.615182,127.087480,,,수영,0,1,1,1,0
C4085,,중랑문화체육관,37.579414,127.095762,,,생활체육,1,1,0,0,0
C4086,,중랑문화체육관 수영장,37.579302,127.095771,,,수영,0,1,1,1,0
C4087,,중랑스포츠클라이밍 경기장,37.573384,127.090943,,,클라이밍,1,0,1,0,0
C4088,,중랑청소년수련관골프연습장,37.573227,127.085973,,,골프,0,0,1,0,1
C4089,,2-3저류지(배드민턴장),36.471296,127.256810,,,배드민턴,0,0,0,1,1
C4090,,고려정,36.722804,127.150478,,,국궁,1,0,1,0,0
C4091,,고복 야외수영장,36.598654,127.227609,,,수영,0,1,1,1,0
C4092,,고운동 남측 복합커뮤니티센터 체육관,36.504974,127.235364,,,생활체육,1,1,0,0,0
C4093,,고운동 북측 복합커뮤니티센터 체육관,36.519724,127.236590,,,생활체육,1,1,0,0,0
C4094,,관운정,36.697063,127.201791,,,국궁,1,0,1,0,0
C4095,,금강 파크골프장,36.474651,127.271011,,,파크골프,0,0,1,0,0
C4096,,금강스포츠공원 1단계 그라운드골프장,36.477766,127.264844,,,골프,0,0,1,0,1
C4097,,금남면 행복누림터 체육관,0.000000,0.000000,,,생활체육,1,1,0,0,0
C4098,,금남생활체육공원 배드민턴장,36.463512,127.286669,,,배드민턴,0,0,0,1,1
C4099,,금남생활체육공원 테니스장,36.463512,127.286669,,,테니스,0,0,0,1,1
C4100,,기쁨뜰근린공원 농구장,36.522324,127.261379,,,농구,0,0,0,1,1
C4101,,기쁨뜰근린공원 배드민턴장,36.521451,127.264180,,,배드민턴,0,0,0,1,1
C4102,,나성동 복합커뮤니티센터 체육관,36.489072,127.264261,,,생활체육,1,1,0,0,0
C4103,,눈풀어린이공원 인라인스케이트장,36.501002,127.239023,,,롤러,0,0,0,1,1
C4104,,다정동 복합커뮤니티센터 체육관,36.494524,127.250343,,,생활체육,1,1,0,0,0
C4105,,다정동저류지 테니스장,36.496188,127.253172,,,테니스,0,0,0,1,1
C4106,,대평동 복합커뮤니티센터 체육관,36.470979,127.279315,,,생활체육,1,1,0,0,0
C4107,,도담동 복합커뮤니티센터 체육관,36.515407,127.261747,,,생활체육,1,1,0,0,0
C4108,,도담동 저류지 배드민턴장,36.522324,127.261379,,,배드민턴,0,0,0,1,1
C4109,,동운정,36.663256,127.238947,,,국궁,1,0,1,0,0
C4110,,모개뜰근린공원 농구장,36.494109,127.302628,,,농구,0,0,0,1,1
C4111,,모리근린공원 농구장,36.514660,127.263911,,,농구,0,0,0,1,1
C4112,,물빛광장문화공원 농구장,36.487635,127.295894,,,농구,0,0,0,1,1
C4113,,물빛광장문화공원 다목적트랙(인라인스케이트장),36.487635,127.295894,,,롤러,0,0,0,1,1
C4114,,반곡동 복합커뮤니티센터 다목적체육관,36.498683,127.310668,,,생활체육,1,1,0,0,0
C4115,,반다비 빙상장,36.500080,127.281720,,,빙상,0,0,0,1,1
C4116,,별뜰근린공원 농구장,36.499278,127.233288,,,농구,0,0,0,1,1
C4117,,별찌뜰근린공원 농구장,36.499333,127.238133,,,농구,0,0,0,1,1
C4118,,보람 근린생활형 국민체육센터 체육관,36.475522,127.294910,,,생활체육,1,1,0,0,0
C4119,,보람 수영장,36.478775,127.290614,,,수영,0,1,1,1,0
C4120,,보람동 복합커뮤니티센터 체육관,36.478747,127.290465,,,생활체육,1,1,0,0,0
C4121,,보람뜰근린공원 배드민턴장,36.476088,127.292612,,,배드민턴,0,0,0,1,1
C4122,,봄뜰근린공원 배드민턴장,36.493885,127.264742,,,배드민턴,0,0,0,1,1
C4123,,봄빛문화공원 농구장,36.493736,127.243116,,,농구,0,0,0,1,1
C4124,,부강 배드민턴장,36.497877,127.265434,,,배드민턴,0,0,0,1,1
C4125,,부강생활체육공원 농구장,36.513038,127.367602,,,농구,0,0,0,1,1
C4126,,부강생활체육공원 파크골프장,36.514553,127.367300,,,파크골프,0,0,1,0,0
C4127,,붓꽃수변공원 배드민턴장,36.470770,127.256422,,,배드민턴,0,0,0,1,1
C4128,,빛가람수변공원 농구장,36.490956,127.264968,,,농구,0,0,0,1,1
C4129,,빛가람수변공원 배드민턴장,36.490956,127.264968,,,배드민턴,0,0,0,1,1
C4130,,빛가람수변공원 인라인스케이트장,36.494667,127.258397,,,롤러,0,0,0,1,1
C4131,,새뜰근린공원 배드민턴장,36.501793,127.267497,,,배드민턴,0,0,0,1,1
C4132,,새롬동 복합커뮤니티센터 체육관,36.485230,127.251876,,,생활체육,1,1,0,0,0
C4133,,새샘뜰 근린공원 배드민턴장,36.479510,127.305560,,,배드민턴,0,0,0,1,1
C4134,,새숨뜰근린공원농구장,36.478915,127.291553,,,농구,0,0,0,1,1
C4135,,세종농어민문화 체육관,36.572287,127.284481,,,생활체육,1,1,0,0,0
C4136,,세종시민 체육관,36.595189,127.284376,,,생활체육,1,1,0,0,0
C4137,,세종시민스포츠센터 수영장,36.670860,127.300289,,,수영,0,1,1,1,0
C4138,,세종시민체육관 보조경기장 체육관,36.595191,127.284377,,,생활체육,1,1,0,0,0
C4139,,세종장애인형국민체육센터 수영장,36.494665,127.319257,,,수영,0,1,1,1,0
C4140,,세종장애인형국민체육센터 체육관,36.494665,127.319257,,,생활체육,1,1,0,0,0
C4141,,세종중앙공원 농구장,36.491774,127.271737,,,농구,0,0,0,1,1
C4142,,세종중앙공원 익스트림장(인라인스케이트장),36.491774,127.271737,,,롤러,0,0,0,1,1
C4143,,세종중앙공원 테니스장,36.491774,127.271737,,,테니스,0,0,0,1,1
C4144,,세종중앙공원 파크골프장,36.491774,127.271737,,,파크골프,0,0,1,0,0
C4145,,소담동 복합커뮤니티센터(실내체육관),36.484074,127.300368,,,생활체육,1,1,0,0,0
C4146,,소정 테니스장,36.725219,127.150336,,,테니스,0,0,0,1,1
C4147,,솔뜰근린공원 농구장,36.510146,127.231710,,,농구,0,0,0,1,1
C4148,,솔바람수변공원 농구장,36.474031,127.290671,,,농구,0,0,0,1,1
C4149,,수질복원센터A 테니스장,36.464145,127.247437,,,테니스,0,0,0,1,1
C4150,,수질복원센터B 테니스장,36.468190,127.265801,,,테니스,0,0,0,1,1
C4151,,수질복원센터B 파크골프장,36.497877,127.265434,,,파크골프,0,0,1,0,0
C4152,,슬기샘어린이공원 농구장,36.487888,127.299698,,,농구,0,0,0,1,1
C4153,,시울문화공원 인라인스케이트장,36.496209,127.325139,,,롤러,0,0,0,1,1
C4154,,아름스포츠센터 수영장,36.512240,127.245710,,,수영,0,1,1,1,0
C4155,,아름스포츠센터 체육관,36.512238,127.245709,,,생활체육,1,1,0,0,0
C4156,,어루뜰 근린공원 배드민턴장,36.484446,127.323294,,,배드민턴,0,0,0,1,1
C4157,,어진동 복합커뮤니티센터 체육관,36.501904,127.256616,,,생활체육,1,1,0,0,0
C4158,,연동면 복합커뮤니티센터 체육관,36.555342,127.327328,,,생활체육,1,1,0,0,0
C4159,,오가낭뜰 숲속체육관,36.525277,127.259528,,,생활체육,1,1,0,0,0
C4160,,오가낭뜰근린공원 농구장,36.525277,127.259528,,,농구,0,0,0,1,1
C4161,,오가낭뜰근린공원 배드민턴장,36.525277,127.259528,,,배드민턴,0,0,0,1,1
C4162,,오가낭뜰근린공원 인라인스케이트장,36.525257,127.259440,,,롤러,0,0,0,1,1
C4163,,오가낭뜰근린공원 클라이밍장,36.523100,127.255015,,,클라이밍,1,0,1,0,0
C4164,,오가낭뜰근린공원 파크골프장,36.523100,127.255015,,,파크골프,0,0,1,0,0
C4165,,오래뜰근린공원 인라인스케이트장,36.498883,127.247011,,,롤러,0,0,0,1,1
C4166,,오롯뜰근린공원 배드민턴,36.491208,127.318475,,,배드민턴,0,0,0,1,1
C4167,,재께뜰근린공원 농구장,36.498545,127.311641,,,농구,0,0,0,1,1
C4168,,전동면 복합커뮤니티센터 체육관,36.655933,127.264118,,,생활체육,1,1,0,0,0
C4169,,전의면 복합커뮤니티센터 체육관,36.681094,127.195188,,,생활체육,1,1,0,0,0
C4170,,전의생활체육공원 그라운드골프장,36.497877,127.265434,,,골프,0,0,1,0,1
C4171,,전의생활체육공원 농구장,36.690589,127.202204,,,농구,0,0,0,1,1
C4172,,전의생활체육공원 테니스장,36.690589,127.202204,,,테니스,0,0,0,1,1
C4173,,정부세종청사 10동 체력단련실,36.502545,127.262110,,,웨이트,1,1,0,0,0
C4174,,정부세종청사 13동 다목적홀,36.499637,127.260164,,,생활체육,1,1,0,0,0
C4175,,정부세종청사 13동 체력단련실,36.499637,127.260164,,,웨이트,1,1,0,0,0
C4176,,정부세종청사 14동 체력단련실,36.499117,127.265539,,,웨이트,1,1,0,0,0
C4177,,정부세종청사 16동 다목적홀,36.485080,127.260306,,,생활체육,1,1,0,0,0
C4178,,정부세종청사 16동 체력단련실,36.485080,127.260306,,,웨이트,1,1,0,0,0
C4179,,정부세종청사 2동 다목적홀,36.504174,127.268973,,,생활체육,1,1,0,0,0
C4180,,정부세종청사 2동 체력단련실,0.000000,0.000000,,,웨이트,1,1,0,0,0
C4181,,정부세종청사 4동 체력단련실,36.506069,127.266441,,,웨이트,1,1,0,0,0
C4182,,정부세종청사 5동 체력단련실,36.504614,127.265022,,,웨이트,1,1,0,0,0
C4183,,정부세종청사 6동 다목적홀,36.504900,127.262258,,,생활체육,1,1,0,0,0
C4184,,정부세종청사 6동 체력단련실,36.504900,127.262258,,,웨이트,1,1,0,0,0
C4185,,정부세종청사 8동 다목적홀,0.000000,0.000000,,,생활체육,1,1,0,0,0
C4186,,정부세종청사 8동 체력단련실,36.504728,127.259204,,,웨이트,1,1,0,0,0
C4187,,정부세종청사 수영장,36.507147,127.263648,,,수영,0,1,1,1,0
C4188,,정부세종청사 스포츠센터 테니스장,0.000000,0.000000,,,테니스,0,0,0,1,1
C4189,,정부세종청사 실내체육관,36.507147,127.263648,,,생활체육,1,1,0,0,0
C4190,,정부세종청사 중앙동 체력단련실,36.501681,127.264421,,,웨이트,1,1,0,0,0
C4191,,제천뜰근린공원 제1 농구장,36.503596,127.247367,,,농구,0,0,0,1,1
C4192,,제천뜰근린공원 제2 농구장,36.503596,127.247367,,,농구,0,0,0,1,1
C4193,,조천변 그라운드골프장,36.605842,127.302491,,,골프,0,0,1,0,1
C4194,,조천변 인라인스케이트장,36.605818,127.302527,,,롤러,0,0,0,1,1
C4195,,조천변 파크골프장,36.605842,127.302491,,,파크골프,0,0,1,0,0
C4196,,조치원 배드민턴장,36.592382,127.300159,,,배드민턴,0,0,0,1,1
C4197,,조치원복합커뮤니티센터 수영장,36.595674,127.287935,,,수영,0,1,1,1,0
C4198,,조치원체육공원 테니스장,36.590206,127.301438,,,테니스,0,0,0,1,1
C4199,,종촌동 복합커뮤니티센터 체육관,36.504635,127.246869,,,생활체육,1,1,0,0,0
C4200,,참뜰근린공원 농구장,36.505262,127.236337,,,농구,0,0,0,1,1
C4201,,한솔 파크골프장,36.479014,127.245865,,,파크골프,0,0,1,0,0
C4202,,한솔동 복합커뮤니티센터 정음관 체육관,36.477509,127.255841,,,생활체육,1,1,0,0,0
C4203,,한솔동 저류지 배드민턴장,36.477625,127.261148,,,배드민턴,0,0,0,1,1
C4204,,한솔동 저류지 인라인스케이트장,36.477625,127.261148,,,롤러,0,0,0,1,1
C4205,,한솔뜰근린공원 배드민턴장,36.479067,127.255928,,,배드민턴,0,0,0,1,1
C4206,,한솔복컴 수영장,36.477509,127.255841,,,수영,0,1,1,1,0
C4207,,함뱅이뜰 근린공원 X게임장(인라인스케이트장),36.467848,127.264382,,,롤러,0,0,0,1,1
C4208,,해밀동 복합커뮤니티센터 체육관,36.526839,127.268185,,,생활체육,1,1,0,0,0
C4209,,해밀한빛공원 배드민턴장,36.526406,127.268907,,,배드민턴,0,0,0,1,1
C4210,,노동자종합복지회관수영장,35.546119,129.336456,,,수영,0,1,1,1,0
C4211,,대현체육관,35.527987,129.326838,,,생활체육,1,1,0,0,0
C4212,,두왕테니스장,35.498021,129.304064,,,테니스,0,0,0,1,1
C4213,,문수국제양궁장,35.532329,129.271102,,,양궁,1,0,1,0,0
C4214,,문수스쿼시경기장,35.535267,129.259532,,,생활체육,1,1,0,0,0
C4215,,문수실내수영장,35.535267,129.259532,,,수영,0,1,1,1,0
C4216,,문수인라인ㆍ롤러스케이트장,35.535267,129.259532,,,롤러,0,0,0,1,1
C4217,,문수체육관,35.534581,129.252848,,,생활체육,1,1,0,0,0
C4218,,문수테니스장,35.535267,129.259532,,,테니스,0,0,0,1,1
C4219,,시립문수궁도장,35.521606,129.300921,,,국궁,1,0,1,0,0
C4220,,야음테니스장,35.527522,129.337315,,,테니스,0,0,0,1,1
C4221,,울산남구국민체육센터(구: 남구국민체육센터),35.522839,129.337963,,,생활체육,1,1,0,0,0
C4222,,울산대공원 아쿠아시스 수영장,35.531058,129.293846,,,수영,0,1,1,1,0
C4223,,울산세관 테니스장,35.528933,129.325798,,,테니스,0,0,0,1,1
C4224,,울산인공암벽센터,35.513229,129.323001,,,클라이밍,1,0,1,0,0
C4225,,종하이노베이션센터,35.536225,129.309252,,,생활체육,1,1,0,0,0
C4226,,꽃바위체육센터,35.483143,129.413103,,,생활체육,1,1,0,0,0
C4227,,동부체육센터,35.541378,129.429613,,,생활체육,1,1,0,0,0
C4228,,명덕호수공원배드민턴장,35.516764,129.419646,,,배드민턴,0,0,0,1,1
C4229,,쇠평파크골프장,35.552952,129.427593,,,파크골프,0,0,1,0,0
C4230,,울산동구국민체육센터(구: 동구국민체육센터),35.503744,129.416481,,,생활체육,1,1,0,0,0
C4231,,전하체육센터,35.512101,129.422109,,,생활체육,1,1,0,0,0
C4232,,화정체육관,35.495772,129.422632,,,생활체육,1,1,0,0,0
C4233,,무룡정,35.606814,129.360131,,,국궁,1,0,1,0,0
C4234,,북구국민체육센터,35.642766,129.347012,,,생활체육,1,1,0,0,0
C4235,,북구국민체육센터수영장,35.642766,129.347012,,,수영,0,1,1,1,0
C4236,,상안테니스장,35.624529,129.344870,,,테니스,0,0,0,1,1
C4237,,쇠부리체육센터,35.636292,129.334608,,,생활체육,1,1,0,0,0
C4238,,쇠부리체육센터수영장,35.636292,129.334608,,,수영,0,1,1,1,0
C4239,,연암 배드민턴장,35.577214,129.372891,,,배드민턴,0,0,0,1,1
C4240,,오토밸리복지센터,35.584329,129.360399,,,생활체육,1,1,0,0,0
C4241,,오토밸리복지센터수영장,35.584329,129.360399,,,수영,0,1,1,1,0
C4242,,진장파크골프장,35.568655,129.353205,,,파크골프,0,0,1,0,0
C4243,,호계문화체육센터 수영장,35.621494,129.360588,,,수영,0,1,1,1,0
C4244,,고헌정,35.543538,129.185147,,,국궁,1,0,1,0,0
C4245,,범서천상테니스장,35.566201,129.223958,,,테니스,0,0,0,1,1
C4246,,언양어음테니스장,35.559363,129.133749,,,테니스,0,0,0,1,1
C4247,,온산문화체육센터,35.438504,129.315314,,,생활체육,1,1,0,0,0
C4248,,울주군국민체육센터,35.574862,129.244756,,,생활체육,1,1,0,0,0
C4249,,울주군민학생체육관,35.555440,129.183678,,,생활체육,1,1,0,0,0
C4250,,청량파크골프장,35.483807,129.301970,,,파크골프,0,0,1,0,0
C4251,,동천국민체육센터,35.563676,129.349956,,,생활체육,1,1,0,0,0
C4252,,동천국민체육센터수영장,35.563676,129.349956,,,수영,0,1,1,1,0
C4253,,동천체육관,35.561042,129.350484,,,생활체육,1,1,0,0,0
C4254,,동천파크골프장,35.563708,129.352509,,,파크골프,0,0,1,0,0
C4255,,성안테니스장,35.576778,129.304510,,,테니스,0,0,0,1,1
C4256,,원학정,35.576877,129.303944,,,국궁,1,0,1,0,0
C4257,,유곡테니스장,35.564652,129.283638,,,테니스,0,0,0,1,1
C4258,,중구수영장,35.564940,129.309001,,,수영,0,1,1,1,0
C4259,,중구테니스장,35.564940,129.309001,,,테니스,0,0,0,1,1
C4260,,태화근린공원 배드민턴장 체육시설,35.556526,129.299100,,,배드민턴,0,0,0,1,1
C4261,,학성그라운드골프교실,35.550947,129.334122,,,골프,0,0,1,0,1
C4262,,함월배드민턴장 체육시설,35.572063,129.321897,,,배드민턴,0,0,0,1,1
C4263,,가좌배수지 배드민턴장,37.494127,126.690670,,,배드민턴,0,0,0,1,1
C4264,,가좌테니스장,37.475559,126.677210,,,테니스,0,0,0,1,1
C4265,,갈산동 청소년농구장,37.515846,126.722488,,,농구,0,0,0,1,1
C4266,,검단복지회관실내수영장,37.600711,126.665502,,,수영,0,1,1,1,0
C4267,,검단복지회관체육관,37.600711,126.665502,,,생활체육,1,1,0,0,0
C4268,,경인아라뱃길 시천가람터,37.570595,126.680090,,,수영,0,1,1,1,0
C4269,,계산국민체육센터,37.546112,126.729192,,,생활체육,1,1,0,0,0
C4270,,근린공원 11호 배드민턴장,37.480710,126.532021,,,배드민턴,0,0,0,1,1
C4271,,근린공원 14호 배드민턴장,37.497266,126.575401,,,배드민턴,0,0,0,1,1
C4272,,근린공원 30호 배드민턴장,37.478876,126.511946,,,배드민턴,0,0,0,1,1
C4273,,근린공원 35호 배드민턴장,37.480920,126.509818,,,배드민턴,0,0,0,1,1
C4274,,다목적체육관,37.442502,126.462212,,,생활체육,1,1,0,0,0
C4275,,대학공원 배드민턴장,37.420220,126.685606,,,배드민턴,0,0,0,1,1
C4276,,도원수영장,37.466028,126.639295,,,수영,0,1,1,1,0
C4277,,도원체육관,37.466489,126.640401,,,생활체육,1,1,0,0,0
C4278,,동구문화체육센터 수영장,37.475773,126.647542,,,수영,0,1,1,1,0
C4279,,동구문화체육센터 체력단련장,37.475773,126.647542,,,웨이트,1,1,0,0,0
C4280,,만석동복합체육시설내테니스장,37.483202,126.618804,,,테니스,0,0,0,1,1
C4281,,미단시티 10호 근린공원 농구장,37.529548,126.506069,,,농구,0,0,0,1,1
C4282,,미단시티 10호 근린공원 배드민턴장,37.529548,126.506069,,,배드민턴,0,0,0,1,1
C4283,,미단시티 11호 근린공원 배드민턴장,37.525824,126.501947,,,배드민턴,0,0,0,1,1
C4284,,미단시티 2호 근린공원 배드민턴장,37.517096,126.532244,,,배드민턴,0,0,0,1,1
C4285,,미단시티 8호 근린공원 배드민턴장,37.528774,126.514433,,,배드민턴,0,0,0,1,1
C4286,,미추홀구 국민체육센터,37.461953,126.649466,,,생활체육,1,1,0,0,0
C4287,,부평남부체육센터,37.482148,126.726453,,,생활체육,1,1,0,0,0
C4288,,불로문화체육센터,37.613002,126.685878,,,수영,0,1,1,1,0
C4289,,서구국민체육센터실내수영장,37.566237,126.677921,,,수영,0,1,1,1,0
C4290,,서무정,37.559507,126.679820,,,국궁,1,0,1,0,0
C4291,,서운간이체육관,37.529396,126.752375,,,생활체육,1,1,0,0,0
C4292,,석남배수지인라인스케이트장,37.508693,126.682227,,,롤러,0,0,0,1,1
C4293,,송도체육센터,37.386488,126.669822,,,생활체육,1,1,0,0,0
C4294,,송림체육관,37.484394,126.647587,,,생활체육,1,1,0,0,0
C4295,,송현배수지인라인스케이트장,37.479000,126.639486,,,롤러,0,0,0,1,1
C4296,,수도권매립지관리공사 수영장(드림파크스포츠센터),37.577258,126.659744,,,수영,0,1,1,1,0
C4297,,수도권매립지관리공사 주민편익시설,37.577798,126.659527,,,생활체육,1,1,0,0,0
C4298,,수봉공원 실내배드민턴장,37.463099,126.664294,,,배드민턴,0,0,0,1,1
C4299,,승학산 실내배드민턴장,36.497877,127.265434,,,배드민턴,0,0,0,1,1
C4300,,신트리공원테니스장,37.506791,126.726559,,,테니스,0,0,0,1,1
C4301,,아시아드주경기장내테니스장,37.545187,126.665099,,,테니스,0,0,0,1,1
C4302,,연안아파트 농구장,37.448456,126.620077,,,농구,0,0,0,1,1
C4303,,열우물경기장,37.480106,126.691592,,,수영,0,1,1,1,0
C4304,,"열우물테니스,스쿼시경기장",37.480106,126.691592,,,테니스,0,0,0,1,1
C4305,,영마루공원 농구장,37.497814,126.488129,,,농구,0,0,0,1,1
C4306,,영마루공원 배드민턴장,37.497814,126.488129,,,배드민턴,0,0,0,1,1
C4307,,영종국민체육센터 골프연습장,37.480529,126.532014,,,골프,0,0,1,0,1
C4308,,영종국민체육센터 다목적체육관,37.480529,126.532014,,,생활체육,1,1,0,0,0
C4309,,영종국민체육센터 수영장,37.480529,126.532014,,,수영,0,1,1,1,0
C4310,,영종국제도시 테니스장,37.482110,126.551746,,,테니스,0,0,0,1,1
C4311,,영종복합청사내 테니스장,37.493633,126.530995,,,테니스,0,0,0,1,1
C4312,,영종성당 내 농구장,37.501214,126.553594,,,농구,0,0,0,1,1
C4313,,용현시장 스포츠센터,37.457790,126.650439,,,생활체육,1,1,0,0,0
C4314,,원당문화체육센터,37.594574,126.695590,,,수영,0,1,1,1,0
C4315,,원적산체육공원테니스장,37.507962,126.693190,,,테니스,0,0,0,1,1
C4316,,월디테니스장,37.446014,126.596624,,,테니스,0,0,0,1,1
C4317,,율목공원 인라인스케이트장 및 농구장,37.469692,126.632725,,,롤러,0,0,0,1,1
C4318,,인라인스케이트장,37.479000,126.639486,,,롤러,0,0,0,1,1
C4319,,인천광역시서부여성회관,37.499502,126.678779,,,수영,0,1,1,1,0
C4320,,인천반다비체육센터,37.545187,126.665100,,,수영,0,1,1,1,0
C4321,,인천서구국민체육센터(구: 서구국민체육센터체육관),37.566237,126.677921,,,생활체육,1,1,0,0,0
C4322,,일신배드민턴장,37.484197,126.748146,,,배드민턴,0,0,0,1,1
C4323,,자유공원 배드민턴장,37.475140,126.621408,,,배드민턴,0,0,0,1,1
C4324,,자유공원 배드민턴장(배수지),37.475140,126.621408,,,배드민턴,0,0,0,1,1
C4325,,중구국민체육센터 다목적체육관,37.440234,126.628878,,,생활체육,1,1,0,0,0
C4326,,중구국민체육센터골프연습장,37.440234,126.628878,,,골프,0,0,1,0,1
C4327,,중구국민체육센터수영장,37.440234,126.628878,,,수영,0,1,1,1,0
C4328,,청라복합문화센터,37.524519,126.633937,,,수영,0,1,1,1,0
C4329,,청룡정,37.564584,126.719794,,,국궁,1,0,1,0,0
C4330,,청사2부지 테니스장,37.545036,126.675596,,,테니스,0,0,0,1,1
C4331,,하늘체육공원 농구장,37.488173,126.556040,,,농구,0,0,0,1,1
C4332,,하늘체육공원 배드민턴장,37.488173,126.556040,,,배드민턴,0,0,0,1,1
C4333,,하늘체육공원 인라인스케이트장,37.488173,126.556040,,,롤러,0,0,0,1,1
C4334,,효성1동 간이농구장,37.531339,126.711579,,,농구,0,0,0,1,1
C4335,,강남 테니스장,37.635242,126.497378,,,테니스,0,0,0,1,1
C4336,,강서테니스장,37.775967,126.410670,,,테니스,0,0,0,1,1
C4337,,강화고인돌체육관,37.754986,126.468319,,,생활체육,1,1,0,0,0
C4338,,강화국민체육센터,37.753430,126.469274,,,수영,0,1,1,1,0
C4339,,강화군 국궁장,37.744330,126.523020,,,국궁,1,0,1,0,0
C4340,,강화군 생활체육센터,37.728818,126.509919,,,생활체육,1,1,0,0,0
C4341,,강화군노인문화센터수영장,37.642540,126.487185,,,수영,0,1,1,1,0
C4342,,강화문화체육센터,37.746802,126.477058,,,생활체육,1,1,0,0,0
C4343,,강화실내테니스장,37.729982,126.507252,,,테니스,0,0,0,1,1
C4344,,강화클럽 테니스장,37.745533,126.520247,,,테니스,0,0,0,1,1
C4345,,고인돌클럽 테니스장,37.747526,126.522145,,,테니스,0,0,0,1,1
C4346,,교동테니스장,37.776212,126.304834,,,테니스,0,0,0,1,1
C4347,,길상공설운동장 그라운드 골프장,37.635664,126.496335,,,골프,0,0,1,0,1
C4348,,삼산면 그라운드 골프장,37.704946,126.320411,,,골프,0,0,1,0,1
C4349,,삼선리 그라운드골프장,37.798766,126.259383,,,골프,0,0,1,0,1
C4350,,상록수 테니스장,37.714625,126.401489,,,테니스,0,0,0,1,1
C4351,,양사면 그라운드골프장,37.805012,126.432176,,,골프,0,0,1,0,1
C4352,,양사면 그라운드골프장 야외운동기구,37.805012,126.432176,,,골프,0,0,1,0,1
C4353,,하점 그라운드골프장,37.755147,126.369936,,,골프,0,0,1,0,1
C4354,,계산고양골체육관,37.540576,126.715331,,,생활체육,1,1,0,0,0
C4355,,계산국민체육센터수영장,37.546113,126.729192,,,수영,0,1,1,1,0
C4356,,계양아시아드양궁장,37.531840,126.745477,,,양궁,1,0,1,0,0
C4357,,계양체육관,37.531840,126.745477,,,생활체육,1,1,0,0,0
C4358,,계양테니스장,37.532463,126.743887,,,테니스,0,0,0,1,1
C4359,,박촌체육문화센터,37.551501,126.741840,,,생활체육,1,1,0,0,0
C4360,,장기황어체육관,37.579615,126.737759,,,생활체육,1,1,0,0,0
C4361,,효성수영장,37.526340,126.710345,,,수영,0,1,1,1,0
C4362,,효성체육문화센터,37.527018,126.706893,,,생활체육,1,1,0,0,0
C4363,,문학박태환수영장,37.434266,126.695830,,,수영,0,1,1,1,0
C4364,,미추홀체육관 배드민턴장,37.468505,126.674019,,,배드민턴,0,0,0,1,1
C4365,,수봉궁도장,37.460003,126.661478,,,국궁,1,0,1,0,0
C4366,,수봉양궁장,37.460003,126.661478,,,양궁,1,0,1,0,0
C4367,,연경산 배드민턴장,37.437311,126.671484,,,배드민턴,0,0,0,1,1
C4368,,임시체육시설 테니스장,37.445155,126.636267,,,테니스,0,0,0,1,1
C4369,,주안스포츠문화센터,37.452435,126.680990,,,생활체육,1,1,0,0,0
C4370,,학익배수지 테니스장,37.437156,126.666225,,,테니스,0,0,0,1,1
C4371,,학익체육관 배드민턴장,37.438297,126.663780,,,배드민턴,0,0,0,1,1
C4372,,구월정,37.430051,126.706390,,,국궁,1,0,1,0,0
C4373,,남동2,37.447651,126.712493,,,웨이트,1,1,0,0,0
C4374,,남동공단근린공원테니스장,37.408270,126.699700,,,테니스,0,0,0,1,1
C4375,,남동국민체육센터,37.457908,126.736388,,,생활체육,1,1,0,0,0
C4376,,남동다목적실내체육관,37.437714,126.734103,,,생활체육,1,1,0,0,0
C4377,,남동수영장,36.497877,127.265434,,,수영,0,1,1,1,0
C4378,,남동어울림체육관,37.445824,126.731003,,,생활체육,1,1,0,0,0
C4379,,남동체육관,37.434725,126.733598,,,생활체육,1,1,0,0,0
C4380,,남수정,37.451663,126.756477,,,국궁,1,0,1,0,0
C4381,,남촌다목적체육센터,37.433435,126.716353,,,생활체육,1,1,0,0,0
C4382,,남호정,37.414736,126.724402,,,국궁,1,0,1,0,0
C4383,,논현포대근린공원테니스장,37.401927,126.706915,,,테니스,0,0,0,1,1
C4384,,늘솔길근린공원테니스장,37.394734,126.696336,,,테니스,0,0,0,1,1
C4385,,서창동다목적체육센터,37.434611,126.750226,,,생활체육,1,1,0,0,0
C4386,,서창어울마당,37.427217,126.747449,,,수영,0,1,1,1,0
C4387,,석촌다목적체육관,37.472305,126.710022,,,생활체육,1,1,0,0,0
C4388,,승기공원테니스장,37.424097,126.704777,,,테니스,0,0,0,1,1
C4389,,아단배드민턴장,37.455988,126.732329,,,배드민턴,0,0,0,1,1
C4390,,올림픽기념국민생활관,37.457375,126.718897,,,생활체육,1,1,0,0,0
C4391,,올림픽기념국민생활관수영장,37.457375,126.718897,,,수영,0,1,1,1,0
C4392,,인천시청소년수련관체육관,37.453547,126.749591,,,생활체육,1,1,0,0,0
C4393,,제3호 남동종합문화체육광장 테니스장,37.447388,126.730677,,,테니스,0,0,0,1,1
C4394,,제4호 남동종합문화체육광장 테니스장,37.447388,126.730677,,,테니스,0,0,0,1,1
C4395,,주적체육공원테니스장,37.413551,126.724623,,,테니스,0,0,0,1,1
C4396,,공공공지 체력단련시설,37.490619,126.719311,,,웨이트,1,1,0,0,0
C4397,,굴포천 자전거도로 체력단련시설,37.513281,126.723911,,,웨이트,1,1,0,0,0
C4398,,동암산 등산로 체력단련시설,37.477560,126.706824,,,웨이트,1,1,0,0,0
C4399,,맑은내도시숲공원(장수산헬기장 체력단련시설),37.520517,126.696837,,,웨이트,1,1,0,0,0
C4400,,부평5동 쉼터 체력단련시설,37.496348,126.729245,,,웨이트,1,1,0,0,0
C4401,,부평구다목적실내체육관,37.518610,126.723228,,,생활체육,1,1,0,0,0
C4402,,부평국민체육센터,37.518583,126.724043,,,생활체육,1,1,0,0,0
C4403,,부평국민체육센터수영장,37.518583,126.724043,,,수영,0,1,1,1,0
C4404,,부평도시숲 체력단련시설,37.479928,126.749155,,,웨이트,1,1,0,0,0
C4405,,삼산월드체육관수영장,37.507701,126.737538,,,수영,0,1,1,1,0
C4406,,삼산테니스장,37.518948,126.752176,,,테니스,0,0,0,1,1
C4407,,선포약수터 체력단련시설,37.487359,126.702322,,,웨이트,1,1,0,0,0
C4408,,여성문화회관 수영장,37.507862,126.721941,,,수영,0,1,1,1,0
C4409,,용포약수터 체력단련시설,37.484997,126.704588,,,웨이트,1,1,0,0,0
C4410,,인천가족공원 등산로 체력단련시설,37.483857,126.729507,,,웨이트,1,1,0,0,0
C4411,,인천삼산월드체육관,37.507701,126.737538,,,생활체육,1,1,0,0,0
C4412,,장수산 비타민길 체력단련시설,37.520517,126.696837,,,웨이트,1,1,0,0,0
C4413,,주민체력단련쉼터,37.501900,126.729345,,,웨이트,1,1,0,0,0
C4414,,청천2동 쉼터 체력단련시설,37.519669,126.688158,,,웨이트,1,1,0,0,0
C4415,,희망공원 등산로 체력단련시설,37.484462,126.714180,,,웨이트,1,1,0,0,0
C4416,,서해구 청소년수련관 실내수영장,37.517593,126.659320,,,수영,0,1,1,1,0
C4417,,동춘다누리체육센터,37.413983,126.667857,,,생활체육,1,1,0,0,0
C4418,,동춘인라인롤러경기장,37.398864,126.670476,,,롤러,0,0,0,1,1
C4419,,선학국제빙상경기장,37.430886,126.701822,,,빙상,0,0,0,1,1
C4420,,선학체육관,37.430886,126.701822,,,생활체육,1,1,0,0,0
C4421,,선학파크골프장,37.430556,126.702253,,,파크골프,0,0,1,0,0
C4422,,연수정,37.407859,126.685543,,,국궁,1,0,1,0,0
C4423,,연수체육공원 배드민턴장,37.407843,126.685527,,,배드민턴,0,0,0,1,1
C4424,,옹암체육센터,37.429292,126.649990,,,생활체육,1,1,0,0,0
C4425,,인천장애인국민체육센터,37.430886,126.701822,,,생활체육,1,1,0,0,0
C4426,,인천장애인체육관,37.412180,126.659071,,,생활체육,1,1,0,0,0
C4427,,구)사곶경로당 소규모체력단련기구,37.953937,124.717500,,,웨이트,1,1,0,0,0
C4428,,구리동해변 소규모체력단련기구,37.668921,125.685518,,,웨이트,1,1,0,0,0
C4429,,남부리경로당 소규모체력단련기구,37.660733,125.700845,,,웨이트,1,1,0,0,0
C4430,,남포1리다목적회관 소규모체력단련기구,37.930378,124.671298,,,웨이트,1,1,0,0,0
C4431,,내1리마을회관 소규모체력단련기구,37.275450,126.483249,,,웨이트,1,1,0,0,0
C4432,,내2리마을회관 소규모체력단련기구,37.274702,126.477620,,,웨이트,1,1,0,0,0
C4433,,내3리경로당 소규모체력단련기구,37.259880,126.474880,,,웨이트,1,1,0,0,0
C4434,,내4리마을회관 소규모체력단련기구,37.255127,126.462571,,,웨이트,1,1,0,0,0
C4435,,내4리소류지 소규모체력단련기구,37.259253,126.454684,,,웨이트,1,1,0,0,0
C4436,,내5리경로당 소규모체력단련기구,37.259786,126.498316,,,웨이트,1,1,0,0,0
C4437,,당섬소공원 소규모체력단련기구,37.654826,125.712463,,,웨이트,1,1,0,0,0
C4438,,대가을리경로당 소규모체력단련기구,37.957044,124.660801,,,웨이트,1,1,0,0,0
C4439,,대이작해양생태관 소규모체력단련기구,37.172374,126.260213,,,웨이트,1,1,0,0,0
C4440,,대청 군부대관사 소규모체력단련기구,37.834039,124.699045,,,웨이트,1,1,0,0,0
C4441,,대청3리경로당 소규모체력단련기구,37.845556,124.707061,,,웨이트,1,1,0,0,0
C4442,,대청4리경로당 소규모체력단련기구,37.813515,124.687143,,,웨이트,1,1,0,0,0
C4443,,대청5리경로당 소규모체력단련기구,37.816860,124.708438,,,웨이트,1,1,0,0,0
C4444,,대청면체육시설테니스장,37.839627,124.707140,,,테니스,0,0,0,1,1
C4445,,대청보건소 소규모체력단련기구,37.824434,124.715415,,,웨이트,1,1,0,0,0
C4446,,대청재활용선별장 소규모체력단련기구,37.839731,124.707484,,,웨이트,1,1,0,0,0
C4447,,덕적종합운동장테니스장,37.222371,126.117715,,,테니스,0,0,0,1,1
C4448,,도우선착장 주차장 소규모체력단련기구,37.226823,126.155667,,,웨이트,1,1,0,0,0
C4449,,등대공원 소규모체력단련기구,37.654652,125.685858,,,웨이트,1,1,0,0,0
C4450,,떼뿌루해변 소규모체력단련기구,37.212875,126.174627,,,웨이트,1,1,0,0,0
C4451,,문갑리 소규모체력단련기구,37.173238,126.106707,,,웨이트,1,1,0,0,0
C4452,,반공유격전적비 소규모체력단련기구,37.970854,124.715111,,,웨이트,1,1,0,0,0
C4453,,백령 골프연습장,37.939196,124.699658,,,골프,0,0,1,0,1
C4454,,백령 국민체육문화센터,37.963446,124.674954,,,생활체육,1,1,0,0,0
C4455,,백령다목적실내체육관,37.939197,124.699659,,,생활체육,1,1,0,0,0
C4456,,백령테니스장,37.939196,124.699658,,,테니스,0,0,0,1,1
C4457,,북1리소공원(큰쑥개) 소규모체력단련기구,37.245775,126.120466,,,웨이트,1,1,0,0,0
C4458,,북도국민체육센터,37.532457,126.430248,,,생활체육,1,1,0,0,0
C4459,,북도면체육시설테니스장,37.535558,126.431611,,,테니스,0,0,0,1,1
C4460,,북포1리다목적회관 소규모체력단련기구,37.957816,124.662733,,,웨이트,1,1,0,0,0
C4461,,북포3리 군부대아파트 소규모체력단련기구,37.960257,124.667990,,,웨이트,1,1,0,0,0
C4462,,사곶해변(진촌3리 소공원) 소규모체력단련기구,37.952815,124.721726,,,웨이트,1,1,0,0,0
C4463,,새마을리 경로당 소규모체력단련기구,37.671519,125.711497,,,웨이트,1,1,0,0,0
C4464,,새마을리 소규모체력단련기구,37.671364,125.711056,,,웨이트,1,1,0,0,0
C4465,,서포1리마을회관 소규모체력단련기구,37.223271,126.116893,,,웨이트,1,1,0,0,0
C4466,,서포1리물량장 소규모체력단련기구,37.221995,126.109824,,,웨이트,1,1,0,0,0
C4467,,서포2리경로당 소규모체력단련기구,37.239753,126.104604,,,웨이트,1,1,0,0,0
C4468,,선재1리경로당 소규모체력단련기구,37.237779,126.533021,,,웨이트,1,1,0,0,0
C4469,,선재2리경로당 소규모체력단련기구,37.234869,126.537628,,,웨이트,1,1,0,0,0
C4470,,선재3리경로당 소규모체력단련기구,37.242596,126.529380,,,웨이트,1,1,0,0,0
C4471,,소야1리보건진료소 소규모체력단련기구,37.212976,126.180700,,,웨이트,1,1,0,0,0
C4472,,소야2리경로당 소규모체력단련기구,37.220320,126.169283,,,웨이트,1,1,0,0,0
C4473,,소연평리행정지원센터 소규모체력단련기구,37.610373,125.708816,,,웨이트,1,1,0,0,0
C4474,,소이작어린이집 소규모체력단련기구,37.181305,126.222120,,,웨이트,1,1,0,0,0
C4475,,소청1리초등학교 소규모체력단련기구,37.773776,124.750860,,,웨이트,1,1,0,0,0
C4476,,소청2리경로당 소규모체력단련기구,37.766794,124.739946,,,웨이트,1,1,0,0,0
C4477,,소청리테니스장,37.773776,124.750860,,,테니스,0,0,0,1,1
C4478,,소청마을회관 소규모체력단련기구,37.772960,124.750987,,,웨이트,1,1,0,0,0
C4479,,수기해수욕장 소규모체력단련기구,37.544310,126.431750,,,웨이트,1,1,0,0,0
C4480,,승봉리 실내 다목적구장,37.172349,126.295968,,,테니스,0,0,0,1,1
C4481,,신답천 소규모체력단련기구,37.263355,126.483285,,,웨이트,1,1,0,0,0
C4482,,신도2리경로당 소규모체력단련기구,37.525145,126.434464,,,웨이트,1,1,0,0,0
C4483,,신도4리경로당 소규모체력단련기구,37.520910,126.441206,,,웨이트,1,1,0,0,0
C4484,,신도선착장 소규모체력단련기구,37.514674,126.438547,,,웨이트,1,1,0,0,0
C4485,,심청각 소규모체력단련기구,37.977026,124.717202,,,웨이트,1,1,0,0,0
C4486,,연평 골프연습장,37.661696,125.704142,,,골프,0,0,1,0,1
C4487,,연평 배드민턴장,37.662516,125.704891,,,배드민턴,0,0,0,1,1
C4488,,연평국민체육센터,37.662516,125.704889,,,생활체육,1,1,0,0,0
C4489,,연평면체육시설테니스장,37.662516,125.704891,,,테니스,0,0,0,1,1
C4490,,연평종합운동장 소규모체력단련기구,37.661643,125.703201,,,웨이트,1,1,0,0,0
C4491,,연평종합회관 소규모체력단련기구,37.661643,125.703201,,,웨이트,1,1,0,0,0
C4492,,연화1리정자각 소규모체력단련기구,37.948070,124.641344,,,웨이트,1,1,0,0,0
C4493,,연화3리 경로당(두무진) 소규모체력단련기구,37.973807,124.619641,,,웨이트,1,1,0,0,0
C4494,,연화리테니스장,36.497877,127.265434,,,테니스,0,0,0,1,1
C4495,,영흥늘푸른센터 소규모체력단련기구,37.258854,126.493792,,,웨이트,1,1,0,0,0
C4496,,영흥면체육시설테니스장,37.258948,126.473006,,,테니스,0,0,0,1,1
C4497,,영흥보건지소 소규모체력단련기구,37.253095,126.461167,,,웨이트,1,1,0,0,0
C4498,,외1리 소정동체육공원 소규모체력단련기구,37.239324,126.464137,,,웨이트,1,1,0,0,0
C4499,,외1리마을회관 소규모체력단련기구,37.240183,126.462326,,,웨이트,1,1,0,0,0
C4500,,외2리경로당 소규모체력단련기구,37.247816,126.453784,,,웨이트,1,1,0,0,0
C4501,,외2리마을주차장 소규모체력단련기구,37.246851,126.454328,,,웨이트,1,1,0,0,0
C4502,,외3리마을회관 소규모체력단련기구,37.246241,126.479561,,,웨이트,1,1,0,0,0
C4503,,울도리발전소 소규모체력단련기구,37.025543,125.997129,,,웨이트,1,1,0,0,0
C4504,,이작3리경로당 소규모체력단련기구,37.160183,126.278055,,,웨이트,1,1,0,0,0
C4505,,이작출장소관사 소규모체력단련기구,37.176584,126.253517,,,웨이트,1,1,0,0,0
C4506,,자월1리노인회관 소규모체력단련기구,37.254711,126.304280,,,웨이트,1,1,0,0,0
C4507,,자월3리노인회관 소규모체력단련기구,37.257931,126.292974,,,웨이트,1,1,0,0,0
C4508,,자월국민체육문화센터,37.253777,126.305971,,,생활체육,1,1,0,0,0
C4509,,자월면테니스장,37.253034,126.306631,,,테니스,0,0,0,1,1
C4510,,장경리공영제2주차장 소규모체력단련기구,37.271562,126.448565,,,웨이트,1,1,0,0,0
C4511,,장봉2리 소규모체력단련기구,37.530585,126.338947,,,웨이트,1,1,0,0,0
C4512,,장봉출장소 소규모체력단련기구,37.534180,126.338006,,,웨이트,1,1,0,0,0
C4513,,중화동(연화2리)경로당 소규모체력단련기구,37.928168,124.651240,,,웨이트,1,1,0,0,0
C4514,,지도리연못 소규모체력단련기구,36.497877,127.265434,,,웨이트,1,1,0,0,0
C4515,,진2리이개해변 소규모체력단련기구,37.215204,126.140771,,,웨이트,1,1,0,0,0
C4516,,진3리경로당 소규모체력단련기구,37.229025,126.154118,,,웨이트,1,1,0,0,0
C4517,,진촌1리다목적회관 소규모체력단련기구,37.972878,124.719197,,,웨이트,1,1,0,0,0
C4518,,진촌2리다목적회관 소규모체력단련기구,37.972162,124.716151,,,웨이트,1,1,0,0,0
C4519,,진촌4리마을회관 소규모체력단련기구,37.977441,124.689624,,,웨이트,1,1,0,0,0
C4520,,진촌5리경로당 소규모체력단련기구,37.954673,124.730857,,,웨이트,1,1,0,0,0
C4521,,푸른벗말 소규모체력단련기구,37.528696,126.460014,,,웨이트,1,1,0,0,0
C4522,,한반도공원 소규모체력단련기구,37.534609,126.431736,,,웨이트,1,1,0,0,0
C4523,,화동경로당 소규모체력단련기구,37.934705,124.683745,,,웨이트,1,1,0,0,0
C4524,,(구)성화대 골프연습장,34.688975,126.707227,,,골프,0,0,1,0,1
C4525,,강진국민체육센터,34.645271,126.781306,,,생활체육,1,1,0,0,0
C4526,,강진국민체육센터수영장,34.645271,126.781306,,,수영,0,1,1,1,0
C4527,,강진배드리 파크골프장,34.636536,126.756286,,,파크골프,0,0,1,0,0
C4528,,강진테니스장,34.645271,126.781306,,,테니스,0,0,0,1,1
C4529,,남포 그라운드 골프장,34.620448,126.773432,,,골프,0,0,1,0,1
C4530,,농구장,34.645271,126.781306,,,농구,0,0,0,1,1
C4531,,석교촌 파크골프장,34.636664,126.812382,,,파크골프,0,0,1,0,0
C4532,,양무정,34.645985,126.767456,,,국궁,1,0,1,0,0
C4533,,웨이트트레이닝장,34.645271,126.781306,,,생활체육,1,1,0,0,0
C4534,,칠량복합체육관,34.571351,126.798469,,,생활체육,1,1,0,0,0
C4535,,고흥국민체육센터,34.621760,127.273246,,,생활체육,1,1,0,0,0
C4536,,고흥군민회관테니스장,34.614448,127.291653,,,테니스,0,0,0,1,1
C4537,,고흥군전용탁구장,34.615523,127.300319,,,탁구,0,0,0,1,1
C4538,,고흥반다비체육센터,34.615523,127.300319,,,생활체육,1,1,0,0,0
C4539,,고흥배드민턴전용구장,34.606100,127.301999,,,배드민턴,0,0,0,1,1
C4540,,고흥봉황정,34.606678,127.287070,,,국궁,1,0,1,0,0
C4541,,고흥생활체육공원 테니스장,34.615524,127.300319,,,테니스,0,0,0,1,1
C4542,,과역영주정,34.676723,127.361950,,,국궁,1,0,1,0,0
C4543,,군민회관,34.614448,127.291653,,,생활체육,1,1,0,0,0
C4544,,금산거금정,34.459860,127.114396,,,국궁,1,0,1,0,0
C4545,,김일기념체육관,34.455840,127.123717,,,생활체육,1,1,0,0,0
C4546,,녹동경호정,34.524610,127.137066,,,국궁,1,0,1,0,0
C4547,,녹동테니스장,34.545631,127.139510,,,테니스,0,0,0,1,1
C4548,,도양농어민복합체육관,34.545631,127.139510,,,생활체육,1,1,0,0,0
C4549,,동강 한마음체육관,34.780890,127.330446,,,생활체육,1,1,0,0,0
C4550,,두원문무정,34.644395,127.274106,,,국궁,1,0,1,0,0
C4551,,문화회관 실내수영장,34.615524,127.300319,,,수영,0,1,1,1,0
C4552,,생활체육공원 씨름장,34.615524,127.300319,,,씨름,1,0,0,0,1
C4553,,팔영체육관,34.615524,127.300319,,,생활체육,1,1,0,0,0
C4554,,풍양흥무정,34.572310,127.237210,,,국궁,1,0,1,0,0
C4555,,곡성군 반다비 체육센터,35.281424,127.298178,,,생활체육,1,1,0,0,0
C4556,,곡성군테니스장,35.279916,127.289240,,,테니스,0,0,0,1,1
C4557,,곡성실내체육관,35.281817,127.297742,,,생활체육,1,1,0,0,0
C4558,,곡성정구장,35.281124,127.287490,,,테니스,0,0,0,1,1
C4559,,광산CC골프장,35.106840,126.741809,,,골프,0,0,1,0,1
C4560,,더블어락 근린공원 농구장,35.170804,126.816393,,,농구,0,0,0,1,1
C4561,,빛고을국민체육센터,35.163581,126.804474,,,생활체육,1,1,0,0,0
C4562,,산정공원 농구장,35.168618,126.806113,,,농구,0,0,0,1,1
C4563,,산정공원 배드민턴장,35.168618,126.806113,,,배드민턴,0,0,0,1,1
C4564,,서봉지구 파크골프장,35.150701,126.757829,,,파크골프,0,0,1,0,0
C4565,,송무정,35.150192,126.800832,,,국궁,1,0,1,0,0
C4566,,송정공원 배드민턴장,35.145537,126.799599,,,배드민턴,0,0,0,1,1
C4567,,송정근린공원 테니스장,35.149990,126.802913,,,테니스,0,0,0,1,1
C4568,,송정다누리체육센터,35.140714,126.798769,,,생활체육,1,1,0,0,0
C4569,,수완문화체육센터,35.200424,126.825239,,,생활체육,1,1,0,0,0
C4570,,안청공원 테니스장,35.212983,126.802370,,,테니스,0,0,0,1,1
C4571,,운남 파크골프장,35.167592,126.825295,,,파크골프,0,0,1,0,0
C4572,,월곡공원 테니스장,35.166977,126.815174,,,테니스,0,0,0,1,1
C4573,,임곡 파크골프장,35.214387,126.745007,,,파크골프,0,0,1,0,0
C4574,,제2풍영정 농구장,35.177534,126.811775,,,농구,0,0,0,1,1
C4575,,첨단 테니스장,35.222291,126.830630,,,테니스,0,0,0,1,1
C4576,,첨단다목적체육센터,35.213304,126.852508,,,생활체육,1,1,0,0,0
C4577,,첨단실내배드민턴장,35.213303,126.852509,,,배드민턴,0,0,0,1,1
C4578,,첨단인라인스케이트장,35.213303,126.852509,,,롤러,0,0,0,1,1
C4579,,풍영정천 근린공원 농구장,35.172444,126.814120,,,농구,0,0,0,1,1
C4580,,풍영정천 농구장,35.166115,126.818429,,,농구,0,0,0,1,1
C4581,,풍영정철체육시설 농구장,35.165685,126.820880,,,농구,0,0,0,1,1
C4582,,풍영체육시설 정구장,35.165497,126.820837,,,테니스,0,0,0,1,1
C4583,,풍영체육시설단지 배드민턴장,35.165497,126.820837,,,배드민턴,0,0,0,1,1
C4584,,하남공원 테니스장,35.192021,126.792730,,,테니스,0,0,0,1,1
C4585,,하남다누리체육센터,35.184934,126.802705,,,생활체육,1,1,0,0,0
C4586,,광양 전천후 육상 훈련장,34.982923,127.575415,,,웨이트,1,1,0,0,0
C4587,,광양국민체육센터,34.982361,127.573801,,,생활체육,1,1,0,0,0
C4588,,광양수영장,34.980497,127.572995,,,수영,0,1,1,1,0
C4589,,광양시립정구장,34.974369,127.573496,,,테니스,0,0,0,1,1
C4590,,광양시립테니스장,34.982033,127.573072,,,테니스,0,0,0,1,1
C4591,,광양시실내체육관,34.982923,127.575415,,,생활체육,1,1,0,0,0
C4592,,광양읍 동천파크골프장,34.963812,127.598761,,,파크골프,0,0,1,0,0
C4593,,광양읍 서천그라운드골프장(인조잔디),34.980226,127.571338,,,골프,0,0,1,0,1
C4594,,광양읍 서천그라운드골프장(천연잔디),34.980226,127.571338,,,골프,0,0,1,0,1
C4595,,광양읍 서천변 인라인스케이트장,34.966243,127.581026,,,롤러,0,0,0,1,1
C4596,,광양읍 우산근린공원 탁구장(삼익아파트),34.984226,127.585433,,,탁구,0,0,0,1,1
C4597,,광양읍 초남체육공원,34.943381,127.605638,,,웨이트,1,1,0,0,0
C4598,,광양읍 현월체육공원,34.946075,127.605654,,,웨이트,1,1,0,0,0
C4599,,광영동 그라운드골프장,34.965172,127.708352,,,골프,0,0,1,0,1
C4600,,금호동 그라운드골프장,34.936836,127.735707,,,골프,0,0,1,0,1
C4601,,금호동 금당그라운드골프장,34.936377,127.723727,,,골프,0,0,1,0,1
C4602,,금호동 동백아파트 배드민턴장,34.936954,127.730214,,,배드민턴,0,0,0,1,1
C4603,,금호동 송죽아파트 배드민턴장,34.939365,127.718265,,,배드민턴,0,0,0,1,1
C4604,,마동테니스장,34.937419,127.707893,,,테니스,0,0,0,1,1
C4605,,백운정,34.965541,127.704600,,,국궁,1,0,1,0,0
C4606,,서천생활체육센터,34.974371,127.573495,,,생활체육,1,1,0,0,0
C4607,,성황다목적체육관,34.936433,127.683659,,,생활체육,1,1,0,0,0
C4608,,성황수영장,34.936413,127.682481,,,수영,0,1,1,1,0
C4609,,옥곡면 그라운드골프장,34.987789,127.699623,,,골프,0,0,1,0,1
C4610,,옥룡면 옥동마을 체력단련시설,35.008007,127.621127,,,웨이트,1,1,0,0,0
C4611,,우산궁도정1,34.985007,127.583611,,,국궁,1,0,1,0,0
C4612,,중마궁도장(마로정),34.954057,127.702039,,,국궁,1,0,1,0,0
C4613,,중마동 그라운드 골프장,34.948536,127.691820,,,골프,0,0,1,0,1
C4614,,중마동 마동근린공원 그라운드골프장,34.952768,127.693595,,,골프,0,0,1,0,1
C4615,,중마동 중동공원 인라인스케이트장,34.935466,127.691448,,,롤러,0,0,0,1,1
C4616,,진상면 수어천 그라운드 골프장,35.024469,127.719771,,,골프,0,0,1,0,1
C4617,,청소년수련체육관,34.937651,127.690301,,,생활체육,1,1,0,0,0
C4618,,태인동 태인그라운드골프장,34.941716,127.753282,,,골프,0,0,1,0,1
C4619,,광의면 탁구연습장,35.260810,127.438073,,,탁구,0,0,0,1,1
C4620,,구례공설운동장씨름장,35.216617,127.466874,,,씨름,1,0,0,0,1
C4621,,구례공설운동장인라인스케이트장,35.216617,127.466874,,,롤러,0,0,0,1,1
C4622,,구례국민체육센터(구례군민체육센터수영장),35.216617,127.466874,,,수영,0,1,1,1,0
C4623,,구례군 실내체육관,35.215451,127.468282,,,생활체육,1,1,0,0,0
C4624,,구례테니스장,35.215520,127.462066,,,테니스,0,0,0,1,1
C4625,,그라운드골프연습장,35.216617,127.466874,,,골프,0,0,1,0,1
C4626,,다목적 소규모 체육관,35.216616,127.466874,,,생활체육,1,1,0,0,0
C4627,,문척면 탁구연습장,35.193013,127.492035,,,탁구,0,0,0,1,1
C4628,,봉덕정,35.207232,127.460244,,,국궁,1,0,1,0,0
C4629,,산동면 사계절전천후씨름장,35.314321,127.436273,,,씨름,1,0,0,0,1
C4630,,지산정,35.319034,127.451670,,,국궁,1,0,1,0,0
C4631,,파크골프연습장,35.221547,127.467039,,,파크골프,0,0,1,0,0
C4632,,국궁장,35.010037,126.716820,,,국궁,1,0,1,0,0
C4633,,국민체육센터,35.010035,126.716819,,,생활체육,1,1,0,0,0
C4634,,나주 공공하수처리장 테니스장,34.994550,126.699180,,,테니스,0,0,0,1,1
C4635,,나주 남평 파크골프장,35.032720,126.856716,,,파크골프,0,0,1,0,0
C4636,,나주 영산포 파크골프장,35.004064,126.686291,,,파크골프,0,0,1,0,0
C4637,,나주롤러경기장,35.010035,126.716819,,,롤러,0,0,0,1,1
C4638,,나주시립테니스장,35.031939,126.722407,,,테니스,0,0,0,1,1
C4639,,나주시실내체육관,35.012361,126.712433,,,생활체육,1,1,0,0,0
C4640,,농어민문화체육센터,34.943500,126.607401,,,생활체육,1,1,0,0,0
C4641,,다목적체육관,35.010035,126.716819,,,생활체육,1,1,0,0,0
C4642,,시중당,35.031727,126.724891,,,국궁,1,0,1,0,0
C4643,,인덕정,35.032204,126.722747,,,국궁,1,0,1,0,0
C4644,,혁신도시파크골프장,35.020168,126.790537,,,파크골프,0,0,1,0,0
C4645,,남구 반다비 체육센터,35.138759,126.898934,,,생활체육,1,1,0,0,0
C4646,,남구다목적체육관,35.114090,126.908623,,,생활체육,1,1,0,0,0
C4647,,남구청소년수련관수영장,35.122064,126.917405,,,수영,0,1,1,1,0
C4648,,봉선테니스장,35.130389,126.912529,,,테니스,0,0,0,1,1
C4649,,승촌파크골프장,35.067366,126.758518,,,파크골프,0,0,1,0,0
C4650,,남도테니스장,35.329080,126.988768,,,테니스,0,0,0,1,1
C4651,,담양국민체육센터(구: 국민체육센터 담빛 수영장),35.328449,126.971732,,,수영,0,1,1,1,0
C4652,,담양종합체육관,35.325107,126.989117,,,생활체육,1,1,0,0,0
C4653,,백진공원파크골프장,35.316274,126.965886,,,파크골프,0,0,1,0,0
C4654,,장원관,35.176533,127.032176,,,생활체육,1,1,0,0,0
C4655,,총무정,35.323461,126.990779,,,국궁,1,0,1,0,0
C4656,,광주 동구 국민체육센터,35.152313,126.932742,,,생활체육,1,1,0,0,0
C4657,,동구국민체육센터수영장,0.000000,0.000000,,,수영,0,1,1,1,0
C4658,,동구다목적체육관,35.109532,126.937980,,,생활체육,1,1,0,0,0
C4659,,동구무등산파크골프장,35.110547,126.940397,,,파크골프,0,0,1,0,0
C4660,,동구문화센터수영장,35.134421,126.924186,,,수영,0,1,1,1,0
C4661,,동구문화센터체육관,35.128594,126.930926,,,생활체육,1,1,0,0,0
C4662,,동구청소년수련관체육관,35.133038,126.934746,,,생활체육,1,1,0,0,0
C4663,,동구탁구전용구장,35.109532,126.937980,,,탁구,0,0,0,1,1
C4664,,용산정구장,35.117133,126.931625,,,테니스,0,0,0,1,1
C4665,,용산테니스장,35.117424,126.932784,,,테니스,0,0,0,1,1
C4666,,남해하수종말처리장파크골프장1코스,34.792756,126.410343,,,파크골프,0,0,1,0,0
C4667,,남해하수종말처리장파크골프장2코스,34.791231,126.407994,,,파크골프,0,0,1,0,0
C4668,,목포국제축구센터 다목적체육관,34.828700,126.395801,,,생활체육,1,1,0,0,0
C4669,,목포반다비체육센터,34.832063,126.393034,,,생활체육,1,1,0,0,0
C4670,,목포시립정구장,35.432004,129.172121,,,테니스,0,0,0,1,1
C4671,,목포시립테니스장,35.432004,129.172121,,,테니스,0,0,0,1,1
C4672,,목포실내체육관,34.824106,126.407245,,,생활체육,1,1,0,0,0
C4673,,목포실내체육관 궁도장,34.824535,126.409002,,,국궁,1,0,1,0,0
C4674,,목포실내체육관수영장,34.824106,126.407245,,,수영,0,1,1,1,0
C4675,,목포실내체육관파크골프장,34.824106,126.407245,,,파크골프,0,0,1,0,0
C4676,,목포체육관파크골프장,34.811472,126.407241,,,파크골프,0,0,1,0,0
C4677,,부주산 국제클라이밍센터(볼더링장),34.817498,126.440610,,,클라이밍,1,0,1,0,0
C4678,,부주산국민체육센터,34.811911,126.436713,,,생활체육,1,1,0,0,0
C4679,,부주산국제클라이밍센터,34.817475,126.440621,,,클라이밍,1,0,1,0,0
C4680,,부주산파크골프장,34.819383,126.438817,,,파크골프,0,0,1,0,0
C4681,,북항파크골프장(A구장),36.497877,127.265434,,,파크골프,0,0,1,0,0
C4682,,북항파크골프장(B구장),36.497877,127.265434,,,파크골프,0,0,1,0,0
C4683,,서해파크골프장,34.813359,126.378306,,,파크골프,0,0,1,0,0
C4684,,유달검도장,34.797020,126.399821,,,생활체육,1,1,0,0,0
C4685,,하당근린공원파크골프장,34.807401,126.433725,,,파크골프,0,0,1,0,0
C4686,,(구)무안고 체육관,34.988401,126.467525,,,생활체육,1,1,0,0,0
C4687,,남악다목적생활체육관,34.805948,126.475511,,,생활체육,1,1,0,0,0
C4688,,남악파크골프장,34.812673,126.479430,,,파크골프,0,0,1,0,0
C4689,,남창농구장,34.808352,126.481241,,,농구,0,0,0,1,1
C4690,,몽탄농구장,34.927192,126.501933,,,농구,0,0,0,1,1
C4691,,무안스포츠파크 청마정,35.003562,126.447487,,,국궁,1,0,1,0,0
C4692,,무안스포츠파크 테니스장,35.003562,126.447487,,,테니스,0,0,0,1,1
C4693,,무안스포츠파크골프연습장,35.003562,126.447487,,,파크골프,0,0,1,0,0
C4694,,무안스포츠파크수영장,35.003562,126.447487,,,수영,0,1,1,1,0
C4695,,무안스포츠파크실내체육관,35.003562,126.447487,,,생활체육,1,1,0,0,0
C4696,,무안파크골프장,34.995045,126.477899,,,파크골프,0,0,1,0,0
C4697,,불무공원농구장,34.990339,126.472027,,,농구,0,0,0,1,1
C4698,,숭덕정,34.985499,126.477713,,,국궁,1,0,1,0,0
C4699,,오룡길거리농구장,34.806556,126.484181,,,농구,0,0,0,1,1
C4700,,오룡테니스장,34.802283,126.475362,,,테니스,0,0,0,1,1
C4701,,운남길거리농구장,34.962338,126.341282,,,농구,0,0,0,1,1
C4702,,일로다목적생활체육관,34.847562,126.491429,,,생활체육,1,1,0,0,0
C4703,,일로테니스장,34.848222,126.492128,,,테니스,0,0,0,1,1
C4704,,벌교관덕정,34.841852,127.347666,,,국궁,1,0,1,0,0
C4705,,보성 테니스장 전천후시설,34.773754,127.094085,,,테니스,0,0,0,1,1
C4706,,보성다목적트레이닝장,34.775124,127.095244,,,웨이트,1,1,0,0,0
C4707,,보성청학정,34.774413,127.080849,,,국궁,1,0,1,0,0
C4708,,보성테니스장,34.773755,127.094085,,,테니스,0,0,0,1,1
C4709,,복내 파크골프장,34.893684,127.138562,,,파크골프,0,0,1,0,0
C4710,,광주광역시장애인종합복지관수영장,35.185122,126.867968,,,수영,0,1,1,1,0
C4711,,광주광역시장애인종합복지관체육관,35.185122,126.867968,,,생활체육,1,1,0,0,0
C4712,,북구건강복지타운(우산수영징),35.177825,126.920949,,,수영,0,1,1,1,0
C4713,,북구반다비체육센터,35.164707,126.925730,,,생활체육,1,1,0,0,0
C4714,,북구종합체육관,35.200391,126.861749,,,생활체육,1,1,0,0,0
C4715,,북구태봉생활체육관,35.169137,126.899082,,,생활체육,1,1,0,0,0
C4716,,우산생활체육관,35.175333,126.925658,,,생활체육,1,1,0,0,0
C4717,,운암복합문화체육센터,35.180041,126.878791,,,생활체육,1,1,0,0,0
C4718,,첨단체육공원 테니스장,35.218569,126.854625,,,테니스,0,0,0,1,1
C4719,,청소년수련관체육관,35.184917,126.916686,,,생활체육,1,1,0,0,0
C4720,,농성동테니스장,35.159838,126.884838,,,테니스,0,0,0,1,1
C4721,,덕흥동 파크골프장,35.177313,126.840715,,,파크골프,0,0,1,0,0
C4722,,상무 인공암벽장,35.156183,126.839326,,,클라이밍,1,0,1,0,0
C4723,,상무국민체육센터,35.153028,126.842406,,,생활체육,1,1,0,0,0
C4724,,일가정양립지원본부 실내수영장,35.152219,126.842220,,,수영,0,1,1,1,0
C4725,,풍암국민체육센터,35.130046,126.880984,,,생활체육,1,1,0,0,0
C4726,,풍암생활체육공원농구장,35.130046,126.880984,,,농구,0,0,0,1,1
C4727,,풍암생활체육공원정구장,35.130046,126.880984,,,테니스,0,0,0,1,1
C4728,,풍암테니스장,35.125044,126.880383,,,테니스,0,0,0,1,1
C4729,,강청수변공원 그라운드골프장,34.990284,127.495462,,,골프,0,0,1,0,1
C4730,,강청인라인스케이트장,34.985895,127.497228,,,롤러,0,0,0,1,1
C4731,,국가정원스포츠센터 인라인스케이트장,34.928072,127.514576,,,롤러,0,0,0,1,1
C4732,,문화건강센터 수영장,34.967675,127.486753,,,수영,0,1,1,1,0
C4733,,상사종합체육관,34.943057,127.449673,,,생활체육,1,1,0,0,0
C4734,,상사파크골프장,34.938314,127.453483,,,파크골프,0,0,1,0,0
C4735,,생활체육테니스장,34.938761,127.521024,,,테니스,0,0,0,1,1
C4736,,송광종합체육시설,34.973519,127.265040,,,생활체육,1,1,0,0,0
C4737,,순천 어울림센터,34.937754,127.499055,,,생활체육,1,1,0,0,0
C4738,,순천 올림픽기념국민생활관,34.939648,127.520707,,,생활체육,1,1,0,0,0
C4739,,순천 팔마국민체육센터,34.936360,127.519916,,,생활체육,1,1,0,0,0
C4740,,순천양궁장,34.939889,127.520813,,,양궁,1,0,1,0,0
C4741,,승주다목적체육관,35.019662,127.377216,,,생활체육,1,1,0,0,0
C4742,,신대 스포츠센터,34.936767,127.550452,,,웨이트,1,1,0,0,0
C4743,,신대옥녀봉테니스장,34.925155,127.549349,,,테니스,0,0,0,1,1
C4744,,신대유청소년수영장,34.936767,127.550452,,,수영,0,1,1,1,0
C4745,,인향정,35.011487,127.477020,,,국궁,1,0,1,0,0
C4746,,자전거,34.949027,127.487221,,,웨이트,1,1,0,0,0
C4747,,청소년수련소다목적체육관,35.045851,127.473292,,,생활체육,1,1,0,0,0
C4748,,팔마골프연습장,34.937080,127.517993,,,골프,0,0,1,0,1
C4749,,팔마다목적체육관,34.939594,127.520110,,,생활체육,1,1,0,0,0
C4750,,팔마실내체육관,34.936206,127.519892,,,생활체육,1,1,0,0,0
C4751,,팔마씨름장,34.939106,127.520545,,,씨름,1,0,0,0,1
C4752,,팔마정구장,34.940140,127.519074,,,테니스,0,0,0,1,1
C4753,,팔마테니스장,34.940072,127.520102,,,테니스,0,0,0,1,1
C4754,,도초 그라운드골프장,34.704315,125.948215,,,골프,0,0,1,0,1
C4755,,비금 국민체육센터,34.758084,125.928013,,,생활체육,1,1,0,0,0
C4756,,비금 그라운드골프장,34.758084,125.928013,,,골프,0,0,1,0,1
C4757,,비금 다목적체육관,34.773679,125.946580,,,생활체육,1,1,0,0,0
C4758,,비금테니스장,34.758084,125.928013,,,테니스,0,0,0,1,1
C4759,,신안국민체육센터,34.827002,126.111054,,,생활체육,1,1,0,0,0
C4760,,신안군민체육관,34.873854,126.313478,,,생활체육,1,1,0,0,0
C4761,,신안테니스장,34.873853,126.313478,,,테니스,0,0,0,1,1
C4762,,암태 그라운드골프장,34.816259,126.105503,,,골프,0,0,1,0,1
C4763,,암태면복합생활밀착형국민체육센터,34.826233,126.110121,,,생활체육,1,1,0,0,0
C4764,,용항정,34.706810,125.948873,,,국궁,1,0,1,0,0
C4765,,자은그라운드골프장,34.908977,126.050816,,,골프,0,0,1,0,1
C4766,,지도 그라운드골프장,35.057027,126.206309,,,골프,0,0,1,0,1
C4767,,군자정,34.763370,127.726469,,,국궁,1,0,1,0,0
C4768,,돌산체육관,34.717138,127.749835,,,생활체육,1,1,0,0,0
C4769,,망마국민체육센터,34.758813,127.678252,,,수영,0,1,1,1,0
C4770,,무선정,34.759718,127.678357,,,국궁,1,0,1,0,0
C4771,,여수시 장애인국민체육센터,34.761891,127.721823,,,생활체육,1,1,0,0,0
C4772,,여수시청소년해양교육원,34.744914,127.749713,,,수영,0,1,1,1,0
C4773,,여수인라인롤러경기장,34.762478,127.723370,,,롤러,0,0,0,1,1
C4774,,여천시립테니스장,34.760150,127.661565,,,테니스,0,0,0,1,1
C4775,,웅천국민체육센터,34.746850,127.679287,,,수영,0,1,1,1,0
C4776,,웅천테니스장,34.744387,127.681847,,,테니스,0,0,0,1,1
C4777,,진남 씨름장,34.763293,127.724393,,,씨름,1,0,0,0,1
C4778,,진남배드민턴장,34.761618,127.726646,,,배드민턴,0,0,0,1,1
C4779,,진남수영장,34.761956,127.720499,,,수영,0,1,1,1,0
C4780,,진남유도장,34.763255,127.724688,,,생활체육,1,1,0,0,0
C4781,,진남체육관,34.762743,127.725797,,,생활체육,1,1,0,0,0
C4782,,진남테니스장,34.760994,127.722887,,,테니스,0,0,0,1,1
C4783,,파크골프장,34.887998,127.602367,,,파크골프,0,0,1,0,0
C4784,,흥국체육관,34.761019,127.667898,,,생활체육,1,1,0,0,0
C4785,,묘량 파크골프장,35.239040,126.528146,,,파크골프,0,0,1,0,0
C4786,,실내보조체육관,35.289133,126.494085,,,생활체육,1,1,0,0,0
C4787,,영광군 스포츠센터,35.290844,126.492427,,,생활체육,1,1,0,0,0
C4788,,영광군국민체육센터(구 영광국민체육센터),36.497945,127.264506,,,생활체육,1,1,0,0,0
C4789,,영광궁도장,35.291847,126.496575,,,국궁,1,0,1,0,0
C4790,,영광생활체육공원실내배드민턴장,35.271033,126.515853,,,배드민턴,0,0,0,1,1
C4791,,영광생활체육공원실내탁구장,35.270326,126.517537,,,탁구,0,0,0,1,1
C4792,,영광실내수영장,36.497877,127.265434,,,수영,0,1,1,1,0
C4793,,종합체육센터 비가림테니스장,36.497877,127.265434,,,테니스,0,0,0,1,1
C4794,,종합체육센터테니스장,35.285609,126.498838,,,테니스,0,0,0,1,1
C4795,,마골테니스장,34.771905,126.406659,,,테니스,0,0,0,1,1
C4796,,삼호농어촌복합체육관,34.756847,126.451045,,,생활체육,1,1,0,0,0
C4797,,삼호실내수영장,34.753500,126.470200,,,수영,0,1,1,1,0
C4798,,삼호종합문화체육센터,34.753521,126.470205,,,생활체육,1,1,0,0,0
C4799,,삼호테니스장,34.756847,126.451045,,,테니스,0,0,0,1,1
C4800,,영암국민체육센터,36.497877,127.265434,,,수영,0,1,1,1,0
C4801,,영암실내체육관,34.794961,126.696960,,,생활체육,1,1,0,0,0
C4802,,영암종합스포츠타운 궁도장,34.806132,126.701453,,,국궁,1,0,1,0,0
C4803,,영암종합스포츠타운 테니스장,34.807616,126.702335,,,테니스,0,0,0,1,1
C4804,,영암파크골프장,34.809582,126.726109,,,파크골프,0,0,1,0,0
C4805,,군외 국민체육센터,34.388919,126.648684,,,생활체육,1,1,0,0,0
C4806,,농어민문화체육센터,34.316673,126.741669,,,생활체육,1,1,0,0,0
C4807,,소안 테니스장,34.167771,126.654252,,,테니스,0,0,0,1,1
C4808,,완도군농어민문화체육센터,34.315689,126.739714,,,생활체육,1,1,0,0,0
C4809,,완도군립테니스장2,34.317148,126.735568,,,테니스,0,0,0,1,1
C4810,,완도수영장,34.313169,126.759249,,,수영,0,1,1,1,0
C4811,,청해정,34.336558,126.731973,,,국궁,1,0,1,0,0
C4812,,청해진스포츠센터,34.317161,126.738766,,,생활체육,1,1,0,0,0
C4813,,그라운드골프장,35.305654,126.777130,,,골프,0,0,1,0,1
C4814,,삼계그라운드골프장,35.250982,126.669195,,,골프,0,0,1,0,1
C4815,,삼계테니스장,35.254344,126.671438,,,테니스,0,0,0,1,1
C4816,,삼서그라운드골프장,35.231033,126.647536,,,골프,0,0,1,0,1
C4817,,워라벨 돔 경기장,35.304070,126.767502,,,테니스,0,0,0,1,1
C4818,,장성군민회관체육관,35.304419,126.785748,,,생활체육,1,1,0,0,0
C4819,,장성실내수영장,35.300530,126.770497,,,수영,0,1,1,1,0
C4820,,파크골프연습장,35.284638,126.761600,,,파크골프,0,0,1,0,0
C4821,,파크골프장,35.289348,126.765789,,,파크골프,0,0,1,0,0
C4822,,홍길동체육관,35.302266,126.767885,,,생활체육,1,1,0,0,0
C4823,,홍길동테마파크 국궁장,35.320689,126.725004,,,국궁,1,0,1,0,0
C4824,,관산파크골프장,34.566091,126.934891,,,파크골프,0,0,1,0,0
C4825,,국민체육·여성향상센터(수영장),34.669935,126.892408,,,수영,0,1,1,1,0
C4826,,국민체육·여성향상센터(종합),34.675714,126.908041,,,웨이트,1,1,0,0,0
C4827,,군립정구장,34.675190,126.897276,,,테니스,0,0,0,1,1
C4828,,군립테니스장,34.675536,126.897437,,,테니스,0,0,0,1,1
C4829,,장흥실내체육관,34.669935,126.892408,,,생활체육,1,1,0,0,0
C4830,,장흥파크골프장,34.671811,126.903968,,,파크골프,0,0,1,0,0
C4831,,정남진체육관,34.751227,126.893314,,,생활체육,1,1,0,0,0
C4832,,흥덕정,34.674162,126.897168,,,국궁,1,0,1,0,0
C4833,,가마골테니스장,34.489155,126.270206,,,테니스,0,0,0,1,1
C4834,,국궁장,34.476094,126.278762,,,국궁,1,0,1,0,0
C4835,,서부행복생활관,34.497910,126.240357,,,생활체육,1,1,0,0,0
C4836,,실내체육관,34.477141,126.279004,,,생활체육,1,1,0,0,0
C4837,,아리랑농구장,34.485575,126.276476,,,농구,0,0,0,1,1
C4838,,아리랑배드민턴장,34.476882,126.280127,,,배드민턴,0,0,0,1,1
C4839,,아리랑탁구장,34.485418,126.276587,,,탁구,0,0,0,1,1
C4840,,아리랑피지컬센터,34.477179,126.280043,,,웨이트,1,1,0,0,0
C4841,,지산테니스장,34.435626,126.152328,,,테니스,0,0,0,1,1
C4842,,진도국민체육센터(구: 실내수영장),34.485608,126.276416,,,수영,0,1,1,1,0
C4843,,진도군볼링장,34.477201,126.280049,,,생활체육,1,1,0,0,0
C4844,,진도군씨름장,34.478202,126.280159,,,씨름,1,0,0,0,1
C4845,,진도테니스장,34.477199,126.280050,,,테니스,0,0,0,1,1
C4846,,구룡테니스장,35.061919,126.512825,,,테니스,0,0,0,1,1
C4847,,엄다탁구장,35.010588,126.515923,,,탁구,0,0,0,1,1
C4848,,월야실내체육관,35.178851,126.623302,,,생활체육,1,1,0,0,0
C4849,,함평골프연습장,35.061615,126.544021,,,골프,0,0,1,0,1
C4850,,함평국궁장,35.061615,126.544021,,,국궁,1,0,1,0,0
C4851,,함평국민체육센터(함평군다목적체육관),35.061614,126.544022,,,생활체육,1,1,0,0,0
C4852,,함평문화체육센터,35.061615,126.544021,,,생활체육,1,1,0,0,0
C4853,,함평실내수영장,35.061632,126.544045,,,수영,0,1,1,1,0
C4854,,함평탁구장,35.057560,126.517851,,,탁구,0,0,0,1,1
C4855,,함평파크골프장,35.051101,126.518790,,,파크골프,0,0,1,0,0
C4856,,우슬 배드민턴장,34.568494,126.623249,,,배드민턴,0,0,0,1,1
C4857,,우슬국민체육센터(구: 우슬국민체육센터수영장),34.568494,126.623251,,,수영,0,1,1,1,0
C4858,,우슬궁도장,34.569084,126.617575,,,국궁,1,0,1,0,0
C4859,,우슬동백체육관,34.569484,126.618663,,,생활체육,1,1,0,0,0
C4860,,우슬체육관,34.563179,126.607112,,,생활체육,1,1,0,0,0
C4861,,우슬탁구장,34.568494,126.623251,,,탁구,0,0,0,1,1
C4862,,우슬테니스장,34.567038,126.620494,,,테니스,0,0,0,1,1
C4863,,우슬트레이닝센터,34.568494,126.623251,,,생활체육,1,1,0,0,0
C4864,,우슬펜싱체육관,34.568494,126.623251,,,생활체육,1,1,0,0,0
C4865,,파크골프장(삼산),34.568494,126.623249,,,파크골프,0,0,1,0,0
C4866,,해남금강체육관,34.568366,126.608658,,,생활체육,1,1,0,0,0
C4867,,해남다목적생활체육관,34.563179,126.607113,,,생활체육,1,1,0,0,0
C4868,,해남우슬씨름장,34.568494,126.623251,,,씨름,1,0,0,0,1
C4869,,해남우슬정구장,34.568494,126.623249,,,테니스,0,0,0,1,1
C4870,,공설운동장 씨름장,35.050124,126.968613,,,씨름,1,0,0,0,1
C4871,,공설운동장씨름장,35.048543,126.965294,,,씨름,1,0,0,0,1
C4872,,광덕 농구장,35.056483,126.991691,,,농구,0,0,0,1,1
C4873,,군민종합문화센터 수영장,35.065512,126.991754,,,수영,0,1,1,1,0
C4874,,군자정,35.064039,127.123359,,,국궁,1,0,1,0,0
C4875,,능주파크골프장,34.992145,126.964077,,,파크골프,0,0,1,0,0
C4876,,만연 농구장,35.060212,126.993031,,,농구,0,0,0,1,1
C4877,,모후정,35.002909,127.110581,,,국궁,1,0,1,0,0
C4878,,서양정,35.058314,126.985162,,,국궁,1,0,1,0,0
C4879,,영덕정,34.990901,126.966107,,,국궁,1,0,1,0,0
C4880,,영벽정구장,34.990900,126.966108,,,테니스,0,0,0,1,1
C4881,,이용대배드민턴 전용구장,35.050124,126.968613,,,배드민턴,0,0,0,1,1
C4882,,이용대배드민턴전용구장,35.048543,126.965294,,,배드민턴,0,0,0,1,1
C4883,,일심 농구장,35.056418,126.994050,,,농구,0,0,0,1,1
C4884,,하니움 복싱체육관,35.050124,126.968613,,,생활체육,1,1,0,0,0
C4885,,하니움문화스포츠센터실내체육관,35.050124,126.968613,,,생활체육,1,1,0,0,0
C4886,,화순 테니스장,35.050124,126.968613,,,테니스,0,0,0,1,1
C4887,,화순국민체육센터(구 화순군민종합문화센터),35.065511,126.991756,,,수영,0,1,1,1,0
C4888,,화순임애지복싱체육관,35.050124,126.968613,,,생활체육,1,1,0,0,0
C4889,,화순테니스장,35.048543,126.965294,,,테니스,0,0,0,1,1
C4890,,고수면 복합문화체육센터,35.412562,126.675360,,,생활체육,1,1,0,0,0
C4891,,고창공설운동장테니스장,35.152666,126.498377,,,테니스,0,0,0,1,1
C4892,,고창군 파크골프장,35.428548,126.725224,,,파크골프,0,0,1,0,0
C4893,,고창군공설운동장씨름장,35.432371,126.722026,,,씨름,1,0,0,0,1
C4894,,고창군립체육관,35.432371,126.722026,,,생활체육,1,1,0,0,0
C4895,,고창실내체육관,35.435408,126.707231,,,생활체육,1,1,0,0,0
C4896,,고창실내테니스장,35.425632,126.729664,,,테니스,0,0,0,1,1
C4897,,고창청소년수련관수영장,35.432574,126.724205,,,수영,0,1,1,1,0
C4898,,공음실내체육관,35.377884,126.514314,,,생활체육,1,1,0,0,0
C4899,,대산농어민체육문화센터,35.339487,126.593245,,,생활체육,1,1,0,0,0
C4900,,모양정,35.432371,126.722026,,,국궁,1,0,1,0,0
C4901,,무장체육문화센터,35.412762,126.563411,,,생활체육,1,1,0,0,0
C4902,,부안면건강증진센터,35.514698,126.669713,,,생활체육,1,1,0,0,0
C4903,,상하면 파크골프장,35.445435,126.491749,,,파크골프,0,0,1,0,0
C4904,,상하실내체육관,35.445437,126.491752,,,생활체육,1,1,0,0,0
C4905,,성송체육회관,35.364134,126.645109,,,생활체육,1,1,0,0,0
C4906,,신림면 다목적체육센터,35.488072,126.718569,,,생활체육,1,1,0,0,0
C4907,,아산면 어울림행복누리터,35.440601,126.635404,,,생활체육,1,1,0,0,0
C4908,,인공암벽장,35.442580,126.697063,,,클라이밍,1,0,1,0,0
C4909,,장사정,35.441669,126.479066,,,국궁,1,0,1,0,0
C4910,,초파정,35.464837,126.545123,,,국궁,1,0,1,0,0
C4911,,"탁구,배드민턴 전용구장",35.427408,126.727846,,,배드민턴,0,0,0,1,1
C4912,,해리면 체육센터,35.461144,126.537844,,,생활체육,1,1,0,0,0
C4913,,국민체육센터 수영장,35.950829,126.815655,,,수영,0,1,1,1,0
C4914,,군산국민체육센터테니스장,35.950829,126.815655,,,테니스,0,0,0,1,1
C4915,,군산시국민체육센터(구: 군산국민체육센터수영장),35.950829,126.815655,,,수영,0,1,1,1,0
C4916,,군산실내배드민턴장,35.962495,126.708819,,,배드민턴,0,0,0,1,1
C4917,,군산월명종합경기장테니스장,35.963690,126.748526,,,테니스,0,0,0,1,1
C4918,,군산월명체육관,35.963690,126.748526,,,생활체육,1,1,0,0,0
C4919,,군산월명체육관실내수영장,35.962728,126.746033,,,수영,0,1,1,1,0
C4920,,군산장애인체육관,36.009755,126.757661,,,생활체육,1,1,0,0,0
C4921,,미장체육공원1 테니스장,35.959852,126.725585,,,테니스,0,0,0,1,1
C4922,,생말공원테니스장,35.967227,126.570205,,,테니스,0,0,0,1,1
C4923,,서군산체육센터,35.948380,126.657974,,,생활체육,1,1,0,0,0
C4924,,수송공원 파크골프장,35.964730,126.720179,,,파크골프,0,0,1,0,0
C4925,,수송공원씨름장,35.964730,126.720179,,,씨름,1,0,0,0,1
C4926,,어청도 다목적체육관,36.121112,125.980393,,,생활체육,1,1,0,0,0
C4927,,옥서면 다목적구장,35.925414,126.643799,,,생활체육,1,1,0,0,0
C4928,,월명공원테니스장,35.992566,126.706097,,,테니스,0,0,0,1,1
C4929,,월명씨름장,35.962728,126.746033,,,씨름,1,0,0,0,1
C4930,,인공암벽장,35.979778,126.687714,,,클라이밍,1,0,1,0,0
C4931,,진남정,35.968923,126.794766,,,국궁,1,0,1,0,0
C4932,,궁도장(금만정),35.815843,126.901321,,,국궁,1,0,1,0,0
C4933,,금산종합체육관,35.717181,126.996466,,,생활체육,1,1,0,0,0
C4934,,김제국민체육센터(구: 김제시국민체육센터),35.812748,126.903437,,,생활체육,1,1,0,0,0
C4935,,김제시실내체육관,35.814477,126.901654,,,생활체육,1,1,0,0,0
C4936,,김제실내수영장,35.814810,126.900956,,,수영,0,1,1,1,0
C4937,,장애인체육관,35.805108,126.871206,,,생활체육,1,1,0,0,0
C4938,,지평선테니스장,35.813958,126.902676,,,테니스,0,0,0,1,1
C4939,,청하파크골프장,35.913957,126.845185,,,파크골프,0,0,1,0,0
C4940,,관덕정,35.406052,127.390452,,,국궁,1,0,1,0,0
C4941,,그린파크골프장,35.384090,127.343138,,,파크골프,0,0,1,0,0
C4942,,남원 다목적구장,35.430868,127.405461,,,테니스,0,0,0,1,1
C4943,,남원 실내배드민턴장,35.430861,127.405464,,,배드민턴,0,0,0,1,1
C4944,,남원 실내체육관,35.430868,127.405461,,,생활체육,1,1,0,0,0
C4945,,남원문화체육센터,35.424938,127.443209,,,생활체육,1,1,0,0,0
C4946,,남원종합스포츠타운 실내수영장(구:남원실내수영장),35.430861,127.405464,,,수영,0,1,1,1,0
C4947,,남원테니스장,35.430861,127.405464,,,테니스,0,0,0,1,1
C4948,,신준섭복싱체육관,35.421333,127.379453,,,생활체육,1,1,0,0,0
C4949,,왕정자연공원 테니스장,35.427963,127.364290,,,테니스,0,0,0,1,1
C4950,,운봉서림공원 테니스장,35.441284,127.530403,,,테니스,0,0,0,1,1
C4951,,육면테니스장,35.421333,127.379453,,,테니스,0,0,0,1,1
C4952,,인공암벽장,35.430861,127.405464,,,클라이밍,1,0,1,0,0
C4953,,인라인롤러로드경기장,35.430868,127.405461,,,롤러,0,0,0,1,1
C4954,,인라인롤러트랙경기장,35.430868,127.405461,,,롤러,0,0,0,1,1
C4955,,지리산권 실내수영장,35.464667,127.599705,,,수영,0,1,1,1,0
C4956,,황산정,35.457932,127.572034,,,국궁,1,0,1,0,0
C4957,,면생활체육공원(무풍테니스장),35.966790,127.845214,,,테니스,0,0,0,1,1
C4958,,면생활체육공원(설천테니스장),36.009047,127.790614,,,테니스,0,0,0,1,1
C4959,,면생활체육공원(안성테니스장),35.870301,127.649502,,,테니스,0,0,0,1,1
C4960,,면생활체육공원(적상테니스장),35.941160,127.657444,,,테니스,0,0,0,1,1
C4961,,무주 건승체련관,36.002003,127.665001,,,생활체육,1,1,0,0,0
C4962,,무주국민체육센터,36.001336,127.665995,,,생활체육,1,1,0,0,0
C4963,,무주읍 그라운드골프,36.003972,127.622074,,,골프,0,0,1,0,1
C4964,,무주읍 테니스,36.011976,127.661268,,,테니스,0,0,0,1,1
C4965,,반딧불체육관테니스장,36.002622,127.661490,,,테니스,0,0,0,1,1
C4966,,안성문화체육관,35.871449,127.648621,,,생활체육,1,1,0,0,0
C4967,,예체문화관,36.002361,127.662530,,,생활체육,1,1,0,0,0
C4968,,예체문화관수달수영장,36.002361,127.662530,,,수영,0,1,1,1,0
C4969,,백산다목적체육센터,35.703763,126.787905,,,생활체육,1,1,0,0,0
C4970,,부안공설테니스장,35.700463,126.722097,,,테니스,0,0,0,1,1
C4971,,부안국민체육센터수영장(부안국민체육센터),35.730854,126.737115,,,수영,0,1,1,1,0
C4972,,부안다목적체육센터,35.729477,126.747089,,,생활체육,1,1,0,0,0
C4973,,부안반다비체육센터,35.715649,126.747609,,,생활체육,1,1,0,0,0
C4974,,부안스포츠파크궁도장,35.699593,126.718175,,,국궁,1,0,1,0,0
C4975,,부안실내체육관,35.700463,126.722097,,,생활체육,1,1,0,0,0
C4976,,부안씨름장,35.700463,126.722097,,,씨름,1,0,0,0,1
C4977,,전북특별자치도 인공암벽장,35.681483,126.534617,,,클라이밍,1,0,1,0,0
C4978,,줄포다목적체육센터,35.593862,126.679440,,,생활체육,1,1,0,0,0
C4979,,행안다목적체육센터,35.720307,126.717458,,,생활체육,1,1,0,0,0
C4980,,공설운동장 실내다목적(돔)구장1,35.370746,127.128726,,,테니스,0,0,0,1,1
C4981,,공설운동장 실내다목적구장2,35.371645,127.126415,,,테니스,0,0,0,1,1
C4982,,공설운동장 하드코트1,35.370746,127.128726,,,테니스,0,0,0,1,1
C4983,,공설운동장 하드코트2,35.370746,127.128726,,,테니스,0,0,0,1,1
C4984,,구림면 체육관(실내다목적구장),35.451037,127.102079,,,생활체육,1,1,0,0,0
C4985,,금과면 체육관(실내다목적구장),35.339823,127.085133,,,생활체육,1,1,0,0,0
C4986,,동계면 체육관,35.441596,127.241732,,,생활체육,1,1,0,0,0
C4987,,복흥면 체육관(실내다목적구장),35.429589,126.931547,,,생활체육,1,1,0,0,0
C4988,,섬진강 파크골프장(확장),35.372815,127.195930,,,파크골프,0,0,1,0,0
C4989,,순창군국민체육센터(구 순창국민체육센터),35.372399,127.127651,,,생활체육,1,1,0,0,0
C4990,,순창군실내수영장,35.377180,127.147785,,,수영,0,1,1,1,0
C4991,,순창군장애인체육관,35.377180,127.147785,,,생활체육,1,1,0,0,0
C4992,,순창농어촌복합체육시설,35.370746,127.128726,,,생활체육,1,1,0,0,0
C4993,,쌍치 파크골프장,35.498044,126.991479,,,파크골프,0,0,1,0,0
C4994,,쌍치면 체육관(실내다목적구장),35.499824,127.003470,,,생활체육,1,1,0,0,0
C4995,,유등섬진강파크골프장,35.372815,127.195930,,,파크골프,0,0,1,0,0
C4996,,유등힐링파크골프장,35.360606,127.185173,,,파크골프,0,0,1,0,0
C4997,,육일정,35.375596,127.151273,,,국궁,1,0,1,0,0
C4998,,인계면 체육관(실내다목적구장),35.413931,127.141780,,,생활체육,1,1,0,0,0
C4999,,적성면 체육관(실내다목적구장),35.396284,127.206942,,,생활체육,1,1,0,0,0
C5000,,적성면체육관,35.396605,127.209343,,,생활체육,1,1,0,0,0
C5001,,청소년수련관 롤러스케이트장,35.370746,127.128726,,,롤러,0,0,0,1,1
C5002,,팔덕면 체육관(실내다목적구장),35.393243,127.095951,,,생활체육,1,1,0,0,0
C5003,,풍산면 체육관(실내다목적구장),35.335866,127.138883,,,생활체육,1,1,0,0,0
C5004,,고산 농구장,35.975881,127.200552,,,농구,0,0,0,1,1
C5005,,고산만경강수변생태공원 파크골프장,35.974495,127.203110,,,파크골프,0,0,1,0,0
C5006,,고산만경강파크골프장,35.973604,127.203211,,,파크골프,0,0,1,0,0
C5007,,과학산업단지 둔산공원 파크골프장,35.960913,127.128405,,,파크골프,0,0,1,0,0
C5008,,근린공원 농구장,35.930919,127.157465,,,농구,0,0,0,1,1
C5009,,둔산공원 야외농구장,35.962362,127.128728,,,농구,0,0,0,1,1
C5010,,문화마을 농구장,35.876204,127.248249,,,농구,0,0,0,1,1
C5011,,봉동 율소 농구장,35.951955,127.179581,,,농구,0,0,0,1,1
C5012,,봉동생강골공원 파크골프장,35.931602,127.158572,,,파크골프,0,0,1,0,0
C5013,,비봉 소농 농구장,35.995181,127.139904,,,농구,0,0,0,1,1
C5014,,비봉생활체육공원 파크골프장,35.992955,127.140489,,,파크골프,0,0,1,0,0
C5015,,빙동제 농구장,35.822671,127.023715,,,농구,0,0,0,1,1
C5016,,삼례금와습지 파크골프장,35.900983,127.064305,,,파크골프,0,0,1,0,0
C5017,,삼례수도산공원파크골프장,35.901516,127.069418,,,파크골프,0,0,1,0,0
C5018,,상관 파크골프장,35.768949,127.213136,,,파크골프,0,0,1,0,0
C5019,,상관생태공원 파크골프장,35.770007,127.212794,,,파크골프,0,0,1,0,0
C5020,,생강골공원 인라인장,35.931515,127.156657,,,롤러,0,0,0,1,1
C5021,,완주 과학산업단지 어린이체육관,35.965973,127.126318,,,생활체육,1,1,0,0,0
C5022,,완주 반다비체육센터,35.931260,127.154934,,,생활체육,1,1,0,0,0
C5023,,완주국민체육센터 수영장,35.937854,127.174744,,,수영,0,1,1,1,0
C5024,,완주국민체육센터(구: 국민체육센터,35.937876,127.174754,,,생활체육,1,1,0,0,0
C5025,,완주군 근로자종합복지관,35.963365,127.127964,,,수영,0,1,1,1,0
C5026,,완주군청소년수련관,35.918014,127.082582,,,생활체육,1,1,0,0,0
C5027,,완주문화체육센터,35.919897,127.093378,,,생활체육,1,1,0,0,0
C5028,,완주산업단지 다복공원 테니스장,35.945136,127.126442,,,테니스,0,0,0,1,1
C5029,,완주산업단지 매동공원 테니스장,35.945136,127.126442,,,테니스,0,0,0,1,1
C5030,,완주테니스장,35.906818,127.161296,,,테니스,0,0,0,1,1
C5031,,운주 장선 농구장,36.086922,127.280953,,,농구,0,0,0,1,1
C5032,,이서 설화공원 파크골프장,35.834923,127.024654,,,파크골프,0,0,1,0,0
C5033,,이서문화체육센터,35.823800,127.022909,,,수영,0,1,1,1,0
C5034,,이서지사울공원 파크골프장,35.828923,127.022634,,,파크골프,0,0,1,0,0
C5035,,지방자치인재개발원 골프연습장,35.831772,127.026133,,,골프,0,0,1,0,1
C5036,,지방자치인재개발원 실내체육관,35.831772,127.026133,,,생활체육,1,1,0,0,0
C5037,,지방자치인재개발원 테니스장,35.831772,127.026133,,,테니스,0,0,0,1,1
C5038,,청소년수련관 수영장,35.918031,127.082498,,,수영,0,1,1,1,0
C5039,,화산 화월 농구장,36.030222,127.197150,,,농구,0,0,0,1,1
C5040,,금마다목적체육관,35.990962,127.055208,,,생활체육,1,1,0,0,0
C5041,,금마다목적체육관 테니스장,35.990962,127.055208,,,테니스,0,0,0,1,1
C5042,,낭산생활체육공원체육관,36.072662,127.031832,,,생활체육,1,1,0,0,0
C5043,,다독다독 모현체육관,35.949834,126.936459,,,생활체육,1,1,0,0,0
C5044,,마동테니스공원,35.938380,126.969970,,,테니스,0,0,0,1,1
C5045,,만경강목천지구파크골프장,35.911357,126.922586,,,파크골프,0,0,1,0,0
C5046,,목천지구 파크골프장(2구장),35.910981,126.920103,,,파크골프,0,0,1,0,0
C5047,,문화체육센터 수영장,35.970394,126.996693,,,수영,0,1,1,1,0
C5048,,문화체육센터테니스장,35.970394,126.996692,,,테니스,0,0,0,1,1
C5049,,반다비체육센터·펜싱아카데미,35.967963,127.009858,,,생활체육,1,1,0,0,0
C5050,,배산체육공원테니스장,35.959850,126.940340,,,테니스,0,0,0,1,1
C5051,,북부권어울림파크골프장,36.088374,126.969808,,,파크골프,0,0,1,0,0
C5052,,서부권역다목적체육관,35.956420,126.945084,,,생활체육,1,1,0,0,0
C5053,,서부권역다목적체육관 수영장,35.956420,126.945084,,,수영,0,1,1,1,0
C5054,,송백정,35.962511,126.942221,,,국궁,1,0,1,0,0
C5055,,수도산스포츠센터,35.934507,126.974884,,,수영,0,1,1,1,0
C5056,,여산 테니스장,36.056475,127.082691,,,테니스,0,0,0,1,1
C5057,,올림픽기념국민생활관,35.945458,126.958313,,,생활체육,1,1,0,0,0
C5058,,올림픽기념국민생활관수영장,35.945458,126.958313,,,수영,0,1,1,1,0
C5059,,웅포문화체육센터,36.082916,126.908415,,,생활체육,1,1,0,0,0
C5060,,익산실내체육관,35.967809,127.007548,,,생활체육,1,1,0,0,0
C5061,,인공암벽장,35.967963,127.009858,,,클라이밍,1,0,1,0,0
C5062,,중앙체육공원농구장,35.949888,126.985996,,,농구,0,0,0,1,1
C5063,,중앙체육공원테니스장,35.949731,126.986127,,,테니스,0,0,0,1,1
C5064,,팔봉3호근린공원테니스장,35.961217,127.013767,,,테니스,0,0,0,1,1
C5065,,함열올림픽스포츠센터,36.075088,126.964267,,,생활체육,1,1,0,0,0
C5066,,함열올림픽스포츠센터수영장,35.945700,126.958167,,,수영,0,1,1,1,0
C5067,,함열올림픽스포츠센터테니스장,36.075088,126.964267,,,테니스,0,0,0,1,1
C5068,,황등생활체육공원체육관,36.010113,126.945614,,,생활체육,1,1,0,0,0
C5069,,황등생활체육공원테니스장,36.010113,126.945614,,,테니스,0,0,0,1,1
C5070,,관촌면 체육문화센터,35.677242,127.268670,,,생활체육,1,1,0,0,0
C5071,,북부권 생활체육공원 농구장,35.671640,127.274012,,,농구,0,0,0,1,1
C5072,,오수 행복누리원 국민체육센터,35.541338,127.326676,,,생활체육,1,1,0,0,0
C5073,,오수문화체육센터,35.544532,127.332439,,,생활체육,1,1,0,0,0
C5074,,임실 행복누리원 국민체육센터,35.613506,127.279276,,,생활체육,1,1,0,0,0
C5075,,임실국궁장,35.607155,127.281191,,,국궁,1,0,1,0,0
C5076,,임실국민체육센터,35.608117,127.281446,,,수영,0,1,1,1,0
C5077,,임실군 공설운동장 테니스장,35.609830,127.282671,,,테니스,0,0,0,1,1
C5078,,임실군 다목적체육관,35.604820,127.281255,,,생활체육,1,1,0,0,0
C5079,,임실군 씨름장,35.609830,127.282671,,,씨름,1,0,0,0,1
C5080,,임실군군민회관체육관,35.615015,127.287179,,,생활체육,1,1,0,0,0
C5081,,임실군청농구장,35.617034,127.289069,,,농구,0,0,0,1,1
C5082,,임실의견파크골프장,35.548894,127.332203,,,파크골프,0,0,1,0,0
C5083,,전북특별자치도 국제양궁장,35.538415,127.337338,,,양궁,1,0,1,0,0
C5084,,종합사격장 농구장,35.587427,127.193182,,,농구,0,0,0,1,1
C5085,,계남체육관,35.704948,127.571583,,,생활체육,1,1,0,0,0
C5086,,계북다목적구장,35.789642,127.614837,,,웨이트,1,1,0,0,0
C5087,,계북열린체육관,35.787835,127.615850,,,생활체육,1,1,0,0,0
C5088,,번암봉화체육관,35.534331,127.548296,,,생활체육,1,1,0,0,0
C5089,,번암체육공원조성,35.534331,127.548296,,,테니스,0,0,0,1,1
C5090,,벽계정,35.653980,127.521907,,,국궁,1,0,1,0,0
C5091,,산서 동화 테니스장,35.583447,127.393532,,,테니스,0,0,0,1,1
C5092,,산서다목적체육관,35.583447,127.393532,,,생활체육,1,1,0,0,0
C5093,,장계 파크골프장,35.727877,127.592103,,,파크골프,0,0,1,0,0
C5094,,장계생활체육관(탁구),35.727720,127.592401,,,탁구,0,0,0,1,1
C5095,,장계체육공원 그라운드골프장,35.728419,127.590311,,,골프,0,0,1,0,1
C5096,,장계체육공원 테니스장,35.728419,127.590311,,,테니스,0,0,0,1,1
C5097,,장수 국민체육센터,35.727720,127.592401,,,생활체육,1,1,0,0,0
C5098,,장수 실내테니스장,35.640237,127.519819,,,테니스,0,0,0,1,1
C5099,,장수 종합실내체육관,35.640500,127.520640,,,생활체육,1,1,0,0,0
C5100,,장수 한누리 다목적체육관,35.640236,127.519817,,,생활체육,1,1,0,0,0
C5101,,장수가야운동장 테니스장,35.653980,127.521907,,,테니스,0,0,0,1,1
C5102,,장수군종합운동장,35.640237,127.519819,,,씨름,1,0,0,0,1
C5103,,장수그라운드 골프장,35.654593,127.524075,,,골프,0,0,1,0,1
C5104,,장수한누리 생활체육관,35.641115,127.518109,,,생활체육,1,1,0,0,0
C5105,,장수한누리수영장,35.641115,127.518109,,,수영,0,1,1,1,0
C5106,,장애인 론볼장,35.653747,127.517219,,,웨이트,1,1,0,0,0
C5107,,직장운동경기부훈련장,35.654594,127.524076,,,생활체육,1,1,0,0,0
C5108,,천천면 전천후 테니스장,35.732774,127.531093,,,테니스,0,0,0,1,1
C5109,,천천전천후체육관,35.732774,127.531093,,,생활체육,1,1,0,0,0
C5110,,천천하늘내체육관,35.733446,127.532626,,,생활체육,1,1,0,0,0
C5111,,덕진수영장,35.837295,127.124394,,,수영,0,1,1,1,0
C5112,,마전교 파크골프장,35.825003,127.112851,,,파크골프,0,0,1,0,0
C5113,,온고을파크골프장,35.896657,127.067068,,,파크골프,0,0,1,0,0
C5114,,덕진체련공원 실내배드민턴장,35.853671,127.140865,,,배드민턴,0,0,0,1,1
C5115,,덕진체련공원 유소년테니스장,35.853671,127.140865,,,테니스,0,0,0,1,1
C5116,,덕진체련공원 테니스장,35.853671,127.140865,,,테니스,0,0,0,1,1
C5117,,실내인라인롤러경기장,35.855548,127.126765,,,롤러,0,0,0,1,1
C5118,,실내체육관,35.844210,127.129261,,,생활체육,1,1,0,0,0
C5119,,실외인라인롤러경기장,35.855548,127.126765,,,롤러,0,0,0,1,1
C5120,,어울림국민체육센터,35.855037,127.125785,,,생활체육,1,1,0,0,0
C5121,,에코체육센터,35.875360,127.130361,,,생활체육,1,1,0,0,0
C5122,,전북특별자치도 국민체육센터 수영장(구: 전북특별자치도 국민체육센터),35.823723,127.170121,,,수영,0,1,1,1,0
C5123,,혁신 라온체육센터,35.836817,127.061043,,,생활체육,1,1,0,0,0
C5124,,도내기샘 국민체육센터,35.831478,127.116601,,,생활체육,1,1,0,0,0
C5125,,빙상경기장,35.820940,127.124564,,,빙상,0,0,0,1,1
C5126,,완산생활체육공원 실내인공암벽장,35.767535,127.101378,,,클라이밍,1,0,1,0,0
C5127,,완산생활체육공원 실내테니스장,35.767535,127.101378,,,테니스,0,0,0,1,1
C5128,,완산생활체육공원 실외인공암벽장,35.767535,127.101378,,,클라이밍,1,0,1,0,0
C5129,,완산생활체육공원 테니스장,35.767535,127.101378,,,테니스,0,0,0,1,1
C5130,,완산수영장,35.802655,127.106198,,,수영,0,1,1,1,0
C5131,,전라북도도립장애인종합복지관체육관,35.811760,127.092620,,,생활체육,1,1,0,0,0
C5132,,한바탕국민체육센터,35.789504,127.127708,,,생활체육,1,1,0,0,0
C5133,,화산체육관 나비골프체험장,35.820940,127.124564,,,골프,0,0,1,0,1
C5134,,화산체육관 실내골프연습장,35.820940,127.124564,,,골프,0,0,1,0,1
C5135,,화산체육관 종합관,35.820940,127.124564,,,생활체육,1,1,0,0,0
C5136,,감곡면 체력단련시설,35.714082,126.931169,,,웨이트,1,1,0,0,0
C5137,,고부면 체력단련시설,35.617052,126.746638,,,웨이트,1,1,0,0,0
C5138,,국민체육센터,35.561853,126.838857,,,생활체육,1,1,0,0,0
C5139,,내장사동 체력단련시설,35.554585,126.873472,,,웨이트,1,1,0,0,0
C5140,,내장상동 체력단련시설,35.560523,126.872801,,,웨이트,1,1,0,0,0
C5141,,농소동 체력단련시설,35.582799,126.849764,,,웨이트,1,1,0,0,0
C5142,,덕천면 체력단련시설,35.616415,126.806829,,,웨이트,1,1,0,0,0
C5143,,두승산 체력단련시설,35.624103,126.761308,,,웨이트,1,1,0,0,0
C5144,,북면 체력단련시설,35.613836,126.892242,,,웨이트,1,1,0,0,0
C5145,,상교동 체력단련시설,35.548232,126.818217,,,웨이트,1,1,0,0,0
C5146,,상동테니스장,35.557401,126.865946,,,테니스,0,0,0,1,1
C5147,,성황산 체력단련시설,35.569691,126.857508,,,웨이트,1,1,0,0,0
C5148,,소성면 체력단련시설,35.554947,126.775918,,,웨이트,1,1,0,0,0
C5149,,수성동 체력단련시설,35.592471,126.852328,,,웨이트,1,1,0,0,0
C5150,,시기동 체력단련시설,35.565548,126.850105,,,웨이트,1,1,0,0,0
C5151,,신태인읍 체력단련시설,35.690741,126.889896,,,웨이트,1,1,0,0,0
C5152,,신태인체육관,35.679663,126.890267,,,생활체육,1,1,0,0,0
C5153,,신태인테니스장,35.679623,126.890944,,,테니스,0,0,0,1,1
C5154,,신태인파크골프장,35.679198,126.888313,,,파크골프,0,0,1,0,0
C5155,,씨름훈련장,35.560407,126.837674,,,씨름,1,0,0,0,1
C5156,,아양산 체력단련시설,35.555987,126.854312,,,웨이트,1,1,0,0,0
C5157,,연지동 체력단련시설,35.569354,126.847956,,,웨이트,1,1,0,0,0
C5158,,영원면 체력단련시설,35.632323,126.757089,,,웨이트,1,1,0,0,0
C5159,,옹동면 체력단련시설,35.621189,126.965660,,,웨이트,1,1,0,0,0
C5160,,옹동전통문화생활관,35.643302,126.975360,,,생활체육,1,1,0,0,0
C5161,,왕솔밭 체력단련시설,35.563868,126.873237,,,웨이트,1,1,0,0,0
C5162,,이평면 체력단련시설,35.680022,126.861499,,,웨이트,1,1,0,0,0
C5163,,입암면 체력단련시설,35.522253,126.822225,,,웨이트,1,1,0,0,0
C5164,,자전거도로 체력단련시설,35.551600,126.872496,,,웨이트,1,1,0,0,0
C5165,,장명동 체력단련시설,35.564395,126.860981,,,웨이트,1,1,0,0,0
C5166,,정우면 체력단련시설,35.639670,126.875039,,,웨이트,1,1,0,0,0
C5167,,정읍생활체육공원씨름장,35.560378,126.837203,,,씨름,1,0,0,0,1
C5168,,정읍천변 체력단련시설,35.561504,126.854975,,,웨이트,1,1,0,0,0
C5169,,정읍천변로울러스케이트장,35.560466,126.857431,,,롤러,0,0,0,1,1
C5170,,정읍청소년수련관수영장,35.552176,126.862944,,,수영,0,1,1,1,0
C5171,,정읍체육공원테니스장,35.562524,126.836677,,,테니스,0,0,0,1,1
C5172,,정읍체육관,35.569557,126.844220,,,생활체육,1,1,0,0,0
C5173,,정읍체육트레이닝센터,35.562524,126.836677,,,생활체육,1,1,0,0,0
C5174,,정읍체육트레이닝센터 수영장,35.561076,126.836095,,,수영,0,1,1,1,0
C5175,,체육공원내인라인스케이트장,35.561853,126.838857,,,롤러,0,0,0,1,1
C5176,,초산동 체력단련시설,35.550642,126.861910,,,웨이트,1,1,0,0,0
C5177,,칠보면 체력단련시설,35.601680,126.989240,,,웨이트,1,1,0,0,0
C5178,,태인 함벽정,35.650679,126.935903,,,국궁,1,0,1,0,0
C5179,,태인면 체력단련시설,35.651812,126.933744,,,웨이트,1,1,0,0,0
C5180,,태인복합체육회관,35.650401,126.931913,,,생활체육,1,1,0,0,0
C5181,,태인성황산 체력단련시설,35.656942,126.940653,,,웨이트,1,1,0,0,0
C5182,,필야정,35.559163,126.835552,,,국궁,1,0,1,0,0
C5183,,동향 파크골프장,35.841469,127.575223,,,파크골프,0,0,1,0,0
C5184,,동향체련공원 다목적구장,35.841651,127.574869,,,생활체육,1,1,0,0,0
C5185,,부귀 다목적구장,35.835217,127.355669,,,생활체육,1,1,0,0,0
C5186,,부귀 파크골프장,35.844857,127.421198,,,파크골프,0,0,1,0,0
C5187,,부귀 황금권역 다목적구장,35.855857,127.393656,,,생활체육,1,1,0,0,0
C5188,,상전 다목적 실내구장,35.822746,127.486859,,,생활체육,1,1,0,0,0
C5189,,성수면 스포츠공감센터,35.707065,127.324738,,,생활체육,1,1,0,0,0
C5190,,안천 다목적구장,35.897053,127.550104,,,생활체육,1,1,0,0,0
C5191,,안천 파크골프장,35.887371,127.541661,,,파크골프,0,0,1,0,0
C5192,,용담 생활체육관,35.953039,127.523109,,,생활체육,1,1,0,0,0
C5193,,용담 테니스장,35.954523,127.522031,,,테니스,0,0,0,1,1
C5194,,월랑공원 다목적구장,35.788444,127.429131,,,생활체육,1,1,0,0,0
C5195,,월랑체육공원 농구장,35.787141,127.426443,,,농구,0,0,0,1,1
C5196,,정천면 테니스장,35.872630,127.435201,,,테니스,0,0,0,1,1
C5197,,진안 반다비 체육센터,35.789027,127.428392,,,생활체육,1,1,0,0,0
C5198,,진안 파크골프장,35.815935,127.461427,,,파크골프,0,0,1,0,0
C5199,,진안고원 골프연습장,35.788602,127.430388,,,골프,0,0,1,0,1
C5200,,진안군국민체육센터(구: 진안 국민체육센터),35.788131,127.430089,,,수영,0,1,1,1,0
C5201,,진안문예체육회관,35.787135,127.426208,,,생활체육,1,1,0,0,0
C5202,,진안생활체육공원 국궁장,35.787860,127.428518,,,국궁,1,0,1,0,0
C5203,,흰구름문화센터(다목적센터체육관),35.692596,127.398033,,,생활체육,1,1,0,0,0
C5204,,강창학 그라운드골프장,33.257746,126.502856,,,골프,0,0,1,0,1
C5205,,강창학 파크골프장,33.257329,126.499703,,,파크골프,0,0,1,0,0
C5206,,국토교통인재개발원 골프연습장,33.253267,126.514480,,,골프,0,0,1,0,1
C5207,,국토교통인재개발원 체력단련장,33.253267,126.514480,,,웨이트,1,1,0,0,0
C5208,,국토교통인재개발원 탁구장,33.253267,126.514480,,,탁구,0,0,0,1,1
C5209,,국토교통인재개발원 테니스장,33.253267,126.514480,,,테니스,0,0,0,1,1
C5210,,남원생활체육관,33.277943,126.704416,,,생활체육,1,1,0,0,0
C5211,,남원읍 문화체육복합센터,33.277405,126.703351,,,생활체육,1,1,0,0,0
C5212,,남원파크골프장,33.341594,126.688957,,,파크골프,0,0,1,0,0
C5213,,대정문화체육센터,33.262101,126.234352,,,생활체육,1,1,0,0,0
C5214,,동홍생활체육관,33.257167,126.563540,,,생활체육,1,1,0,0,0
C5215,,백록정궁도장,33.243601,126.588707,,,국궁,1,0,1,0,0
C5216,,산방정,33.254130,126.322287,,,국궁,1,0,1,0,0
C5217,,삼다정궁도장,33.299854,126.683359,,,국궁,1,0,1,0,0
C5218,,서귀포다목적체육관(공천포),33.273494,126.641939,,,생활체육,1,1,0,0,0
C5219,,서귀포반다비체육센터,33.275280,126.642309,,,생활체육,1,1,0,0,0
C5220,,서귀포생활체육문화센터,33.247495,126.507640,,,생활체육,1,1,0,0,0
C5221,,서귀포시국민체육센터,33.250906,126.432380,,,생활체육,1,1,0,0,0
C5222,,서귀포인라인롤러장,33.258315,126.500818,,,롤러,0,0,0,1,1
C5223,,서귀포테니스장,33.258283,126.564436,,,테니스,0,0,0,1,1
C5224,,서귀포혁신도시국민체육센터,33.252546,126.516190,,,생활체육,1,1,0,0,0
C5225,,성산국민체육센터,33.466758,126.904899,,,생활체육,1,1,0,0,0
C5226,,성산국민체육센터테니스장,33.466221,126.904979,,,테니스,0,0,0,1,1
C5227,,안덕면문화체육복합센터,33.258886,126.327909,,,생활체육,1,1,0,0,0
C5228,,안덕생활체육관,33.257284,126.326556,,,생활체육,1,1,0,0,0
C5229,,월라봉파크골프장,33.266120,126.607634,,,파크골프,0,0,1,0,0
C5230,,제주공천포전지훈련센터 테니스장,33.277083,126.640673,,,테니스,0,0,0,1,1
C5231,,제주혁신도시 복합혁신센터,33.251205,126.515397,,,수영,0,1,1,1,0
C5232,,천지정,33.259223,126.498012,,,국궁,1,0,1,0,0
C5233,,칠십리 파크골프장,33.244266,126.557677,,,파크골프,0,0,1,0,0
C5234,,칠십리그라운드골프장.,33.247391,126.553315,,,골프,0,0,1,0,1
C5235,,표선면 문화체육복합센터,33.324079,126.839451,,,생활체육,1,1,0,0,0
C5236,,표선생활체육관,33.354247,126.815325,,,생활체육,1,1,0,0,0
C5237,,표선생활체육테니스장,33.354566,126.813866,,,테니스,0,0,0,1,1
C5238,,회수동 그라운드골프장,33.270935,126.440177,,,골프,0,0,1,0,1
C5239,,회수동그라운드골프장,33.266789,126.438234,,,골프,0,0,1,0,1
C5240,,간이파크골프장(종합경기장),33.495063,126.518797,,,파크골프,0,0,1,0,0
C5241,,구좌종합운동장 간이파크골프장,33.556275,126.762179,,,파크골프,0,0,1,0,0
C5242,,구좌체육관,33.556276,126.762177,,,생활체육,1,1,0,0,0
C5243,,노형미리내공원궁도장,33.459423,126.478025,,,국궁,1,0,1,0,0
C5244,,동부국민체육센터(동부지구생활밀착국민체육센터 ),33.521286,126.862818,,,생활체육,1,1,0,0,0
C5245,,망동산공원 배드민턴장,33.521618,126.564940,,,배드민턴,0,0,0,1,1
C5246,,망동산체육공원체력단련시설,33.521493,126.564766,,,웨이트,1,1,0,0,0
C5247,,별도봉체육공원체력단련시설,33.520526,126.557258,,,웨이트,1,1,0,0,0
C5248,,봉개동 그라운드 골프장,33.489613,126.585921,,,골프,0,0,1,0,1
C5249,,사라봉다목적체육관,33.513700,126.544423,,,생활체육,1,1,0,0,0
C5250,,삼수변체력단련시설,33.518054,126.578729,,,웨이트,1,1,0,0,0
C5251,,삼양다목적체육관,33.532644,126.598178,,,생활체육,1,1,0,0,0
C5252,,삼양반다비체육센터,33.533589,126.599114,,,수영,0,1,1,1,0
C5253,,서부지구생활밀착형국민체육센터,33.409692,126.268544,,,생활체육,1,1,0,0,0
C5254,,애월국민체육센터,33.484785,126.413778,,,생활체육,1,1,0,0,0
C5255,,애월근린공원 테니스장,33.464076,126.333488,,,테니스,0,0,0,1,1
C5256,,애월복합문화체육센터,33.460805,126.321155,,,수영,0,1,1,1,0
C5257,,애월체육공원 체육관,33.462990,126.331966,,,생활체육,1,1,0,0,0
C5258,,애월체육공원 테니스장,33.464076,126.333488,,,테니스,0,0,0,1,1
C5259,,야외체력단련시설(건입동 671),33.516704,126.539885,,,웨이트,1,1,0,0,0
C5260,,야외체력단련시설(건입동1189-19),33.515077,126.530984,,,웨이트,1,1,0,0,0
C5261,,야외체력단련시설(건입동276),33.513497,126.550414,,,웨이트,1,1,0,0,0
C5262,,야외체력단련시설(건입동923),33.518765,126.536372,,,웨이트,1,1,0,0,0
C5263,,연미테니스장,33.485021,126.502267,,,테니스,0,0,0,1,1
C5264,,외도수영장,33.482889,126.430020,,,수영,0,1,1,1,0
C5265,,우도체육관,33.510527,126.960526,,,생활체육,1,1,0,0,0
C5266,,인공암벽장,33.495062,126.518797,,,클라이밍,1,0,1,0,0
C5267,,제21호공원 야외농구장,33.519993,126.579964,,,농구,0,0,0,1,1
C5268,,제22호공원 야외농구장,33.528929,126.593808,,,농구,0,0,0,1,1
C5269,,제28호공원 야외농구장,33.520223,126.583924,,,농구,0,0,0,1,1
C5270,,제53호공원 야외농구장,33.514906,126.590031,,,농구,0,0,0,1,1
C5271,,제주국민체육센터,33.514551,126.546437,,,생활체육,1,1,0,0,0
C5272,,제주도유도장,33.489791,126.433655,,,생활체육,1,1,0,0,0
C5273,,제주복합체육관,33.497997,126.515046,,,생활체육,1,1,0,0,0
C5274,,제주시생활체육공원테니스장,33.472376,126.636509,,,테니스,0,0,0,1,1
C5275,,제주시생활체육공원파크골프장,33.472376,126.636509,,,파크골프,0,0,1,0,0
C5276,,제주시생활체육관,33.257123,126.560467,,,생활체육,1,1,0,0,0
C5277,,제주장애인스포츠센터(구: 제주특별자치도장애인스포츠센터),33.486512,126.436888,,,생활체육,1,1,0,0,0
C5278,,제주종합경기장실내수영장,33.495532,126.517324,,,수영,0,1,1,1,0
C5279,,제주종합경기장연정정구장,33.495532,126.517324,,,테니스,0,0,0,1,1
C5280,,제주종합경기장한라씨름장,33.495532,126.517324,,,씨름,1,0,0,0,1
C5281,,제주종합경기장한라체육관,33.495532,126.517324,,,생활체육,1,1,0,0,0
C5282,,제주청소년수련원 골프연습장,33.378534,126.237483,,,골프,0,0,1,0,1
C5283,,제주특별자치도유도회관,33.489790,126.433654,,,생활체육,1,1,0,0,0
C5284,,조천체육관,33.539774,126.643610,,,생활체육,1,1,0,0,0
C5285,,청소년문화의집 내 배드민턴장,33.523966,126.566575,,,배드민턴,0,0,0,1,1
C5286,,추자체육관,33.964602,126.294481,,,생활체육,1,1,0,0,0
C5287,,한경체육관,33.301196,126.184514,,,생활체육,1,1,0,0,0
C5288,,한경테니스장,33.301520,126.184508,,,테니스,0,0,0,1,1
C5289,,한라농구장(종합경기장),33.495063,126.518797,,,농구,0,0,0,1,1
C5290,,한라정(궁도장),33.517933,126.549464,,,국궁,1,0,1,0,0
C5291,,한라체육관보조경기장,33.495062,126.518797,,,생활체육,1,1,0,0,0
C5292,,한림 옹포천 테니스장,33.404608,126.259242,,,테니스,0,0,0,1,1
C5293,,한림종합운동장 인공암벽장,33.409692,126.268544,,,클라이밍,1,0,1,0,0
C5294,,한림체육관,33.409431,126.268598,,,생활체육,1,1,0,0,0
C5295,,해돋이 힐링센터,33.539155,126.707392,,,웨이트,1,1,0,0,0
C5296,,해돋이 힐링센터(수영장),33.539155,126.707392,,,수영,0,1,1,1,0
C5297,,태안종합실내체육관,36.737973,126.333841,,,생활체육,1,1,0,0,0
C5298,,계룡관 탁구장,36.272919,127.250309,,,탁구,0,0,0,1,1
C5299,,계룡시민체육관,36.269836,127.233273,,,생활체육,1,1,0,0,0
C5300,,그라운드골프장,36.303034,127.244957,,,골프,0,0,1,0,1
C5301,,신도안남선리테니스장,36.300288,127.241614,,,테니스,0,0,0,1,1
C5302,,신도안면 파크골프장,36.302637,127.237502,,,파크골프,0,0,1,0,0
C5303,,신도정,36.298675,127.234342,,,국궁,1,0,1,0,0
C5304,,제2정문 테니스장,36.299392,127.234558,,,테니스,0,0,0,1,1
C5305,,종합운동장테니스장,36.269600,127.231715,,,테니스,0,0,0,1,1
C5306,,천마관 탁구장,36.272919,127.250309,,,탁구,0,0,0,1,1
C5307,,계룡면 하대리 그라운드골프장,36.354750,127.147578,,,골프,0,0,1,0,1
C5308,,공주시립테니스장,36.491117,127.100633,,,테니스,0,0,0,1,1
C5309,,관풍정,36.465850,127.109523,,,국궁,1,0,1,0,0
C5310,,그라운드골프장,36.468926,127.127094,,,골프,0,0,1,0,1
C5311,,론볼장,36.493662,127.135696,,,생활체육,1,1,0,0,0
C5312,,반포면 공암리 그라운드골프장,36.397962,127.251446,,,골프,0,0,1,0,1
C5313,,백제체육관,36.462381,127.106914,,,생활체육,1,1,0,0,0
C5314,,사곡농업인체육관(탁구장),36.486696,127.027252,,,탁구,0,0,0,1,1
C5315,,사곡면 월가리 그라운드골프장,36.573008,127.042113,,,골프,0,0,1,0,1
C5316,,시립다목적체육관,36.463829,127.053079,,,생활체육,1,1,0,0,0
C5317,,시립탁구체육관,36.493662,127.135696,,,탁구,0,0,0,1,1
C5318,,신풍면 청흥리 그라운드골프장,36.480806,126.939829,,,골프,0,0,1,0,1
C5319,,우성면 대성리 파크골프장,36.467330,127.058283,,,파크골프,0,0,1,0,0
C5320,,유구 테니스장,36.535037,126.949723,,,테니스,0,0,0,1,1
C5321,,이인면 초봉리 탁구장,36.390383,127.070221,,,탁구,0,0,0,1,1
C5322,,장애인파크골프장,36.493671,127.135499,,,파크골프,0,0,1,0,0
C5323,,정안면 광정리 그라운드골프장,36.607874,127.123769,,,골프,0,0,1,0,1
C5324,,탄천면 덕지리 그라운드골프장,36.295343,127.058748,,,골프,0,0,1,0,1
C5325,,탄천탁구장,36.306714,127.060318,,,탁구,0,0,0,1,1
C5326,,파크골프장,36.460011,127.099777,,,파크골프,0,0,1,0,0
C5327,,행복누림 국민체육센터,36.473559,127.128973,,,생활체육,1,1,0,0,0
C5328,,군북면체육센터,36.168790,127.529470,,,생활체육,1,1,0,0,0
C5329,,그라운드골프장,36.116773,127.478166,,,골프,0,0,1,0,1
C5330,,금산 장애인파크골프장,36.107940,127.516706,,,파크골프,0,0,1,0,0
C5331,,금산 파크골프장,36.107940,127.516706,,,파크골프,0,0,1,0,0
C5332,,금산군 궁도장,36.097270,127.492465,,,국궁,1,0,1,0,0
C5333,,금산군 배드민턴장,36.100448,127.480420,,,배드민턴,0,0,0,1,1
C5334,,금산군 탁구장,36.105718,127.490305,,,탁구,0,0,0,1,1
C5335,,금산군 테니스장,36.080641,127.489790,,,테니스,0,0,0,1,1
C5336,,금산다락원(구: 금산 스포츠센터(다락원)),36.112067,127.491639,,,생활체육,1,1,0,0,0
C5337,,금산종합체육관,36.101387,127.478960,,,생활체육,1,1,0,0,0
C5338,,금성면체육센터,36.131356,127.467637,,,생활체육,1,1,0,0,0
C5339,,남일면체육센터,36.029697,127.504488,,,생활체육,1,1,0,0,0
C5340,,복수면체육센터,36.165244,127.397864,,,생활체육,1,1,0,0,0
C5341,,부리면체육센터,36.061138,127.555373,,,생활체육,1,1,0,0,0
C5342,,용지리 씨름장,36.185763,127.461946,,,씨름,1,0,0,0,1
C5343,,제원면체육센터,36.115234,127.544668,,,생활체육,1,1,0,0,0
C5344,,추부면 체육센터,36.193288,127.474405,,,생활체육,1,1,0,0,0
C5345,,강경실내수영장,36.146827,127.022836,,,수영,0,1,1,1,0
C5346,,강경인라인롤러장,36.158282,127.008690,,,롤러,0,0,0,1,1
C5347,,논산국민체육센터,36.196077,127.103565,,,생활체육,1,1,0,0,0
C5348,,논산국민체육센터 수영장,36.195580,127.102530,,,수영,0,1,1,1,0
C5349,,논산시환경사업소테니스장,36.185661,127.058576,,,테니스,0,0,0,1,1
C5350,,논산인라인롤러장,36.210871,127.084588,,,롤러,0,0,0,1,1
C5351,,논산천 파크골프장,36.211777,127.085863,,,파크골프,0,0,1,0,0
C5352,,시민운동장 시민탁구장,36.185101,127.117715,,,탁구,0,0,0,1,1
C5353,,시민운동장 인라인 롤러장,36.194987,127.101922,,,롤러,0,0,0,1,1
C5354,,시민운동장 전천후 실내체육관,36.194987,127.101922,,,생활체육,1,1,0,0,0
C5355,,시민운동장 테니스장,36.185100,127.117716,,,테니스,0,0,0,1,1
C5356,,시민행복채움센터,36.134395,127.099209,,,수영,0,1,1,1,0
C5357,,연무문화체육센터(국궁장),36.126564,127.094439,,,국궁,1,0,1,0,0
C5358,,연무문화체육센터(체육관),36.125511,127.095036,,,생활체육,1,1,0,0,0
C5359,,연무문화체육센터(탁구장),36.125511,127.095036,,,탁구,0,0,0,1,1
C5360,,연무문화체육센터(테니스장),36.125512,127.095037,,,테니스,0,0,0,1,1
C5361,,황산벌권 파크골프장,36.214457,127.184122,,,파크골프,0,0,1,0,0
C5362,,고대지구근린공원 농구장,36.976285,126.778647,,,농구,0,0,0,1,1
C5363,,국민체육센터 다목적 체육관,36.893675,126.644357,,,생활체육,1,1,0,0,0
C5364,,국민체육센터 복싱장,36.893675,126.644357,,,생활체육,1,1,0,0,0
C5365,,국민체육센터 체력단련장,36.889741,126.645971,,,웨이트,1,1,0,0,0
C5366,,국민체육센터 탁구장,36.893675,126.644357,,,탁구,0,0,0,1,1
C5367,,국수정,36.907568,126.686169,,,국궁,1,0,1,0,0
C5368,,근린광장공원 농구장,36.963982,126.690915,,,농구,0,0,0,1,1
C5369,,근린광장공원 인라인스케이트장,36.963982,126.690915,,,롤러,0,0,0,1,1
C5370,,남부문화스포츠센터 다목적체육관,36.801341,126.779710,,,생활체육,1,1,0,0,0
C5371,,남부문화스포츠센터 반다비수영장,36.801341,126.779710,,,수영,0,1,1,1,0
C5372,,남부문화스포츠센터 헬스장,36.801341,126.779710,,,웨이트,1,1,0,0,0
C5373,,당진교육문화스포츠센터,36.893971,126.631946,,,생활체육,1,1,0,0,0
C5374,,당진교육문화스포츠센터수영장,36.893971,126.631946,,,수영,0,1,1,1,0
C5375,,당진국민체육센터,36.894194,126.644322,,,생활체육,1,1,0,0,0
C5376,,당진실내체육관,36.922793,126.597674,,,생활체육,1,1,0,0,0
C5377,,당진씨름장,36.889284,126.626564,,,씨름,1,0,0,0,1
C5378,,당진트레이닝센터,36.922568,126.597183,,,생활체육,1,1,0,0,0
C5379,,도랑개들어린이공원 농구장,36.976855,126.589530,,,농구,0,0,0,1,1
C5380,,망객정,36.884236,126.780505,,,국궁,1,0,1,0,0
C5381,,삼봉공원농구장,37.011149,126.561291,,,농구,0,0,0,1,1
C5382,,삼봉공원배드민턴장,37.011149,126.561291,,,배드민턴,0,0,0,1,1
C5383,,삽교호파크골프장,36.880686,126.825654,,,파크골프,0,0,1,0,0
C5384,,상록수공원 인라인스케이트장,36.910953,126.683528,,,롤러,0,0,0,1,1
C5385,,상록수공원파크골프장,36.960729,126.780520,,,파크골프,0,0,1,0,0
C5386,,석문공원 농구장,37.004764,126.596129,,,농구,0,0,0,1,1
C5387,,석문공원 배드민턴장,37.004764,126.596129,,,배드민턴,0,0,0,1,1
C5388,,석문문화스포츠센터 탁구장,37.002431,126.552972,,,탁구,0,0,0,1,1
C5389,,석문문화스포츠센터 헬스장,37.002431,126.552972,,,웨이트,1,1,0,0,0
C5390,,석문방조제공원 배드민턴장,36.995342,126.685403,,,배드민턴,0,0,0,1,1
C5391,,송악문화스포츠센터 골프연습장,36.907149,126.691097,,,골프,0,0,1,0,1
C5392,,송악문화스포츠센터 다목적체육관,36.907149,126.691097,,,생활체육,1,1,0,0,0
C5393,,송악문화스포츠센터 수영장,36.907149,126.691097,,,수영,0,1,1,1,0
C5394,,송악문화스포츠센터 체력단련장,36.907149,126.691097,,,웨이트,1,1,0,0,0
C5395,,순성체육공원테니스장,36.843156,126.700275,,,테니스,0,0,0,1,1
C5396,,술솦공원 농구장,37.011288,126.574766,,,농구,0,0,0,1,1
C5397,,신평문화스포츠센터 다목적체육관,36.885376,126.761852,,,생활체육,1,1,0,0,0
C5398,,신평문화스포츠센터 테니스장,36.885376,126.761852,,,테니스,0,0,0,1,1
C5399,,신평문화스포츠센터 헬스장,36.885376,126.761852,,,웨이트,1,1,0,0,0
C5400,,우강체육공원테니스장,36.816967,126.825509,,,테니스,0,0,0,1,1
C5401,,원당동 하수처리장 테니스장,36.915585,126.635953,,,테니스,0,0,0,1,1
C5402,,인공암벽장,36.922442,126.601505,,,클라이밍,1,0,1,0,0
C5403,,학유정,36.894380,126.634567,,,국궁,1,0,1,0,0
C5404,,한진공원 배드민턴장,36.944297,126.783721,,,배드민턴,0,0,0,1,1
C5405,,한진공원파크골프장,36.944297,126.783721,,,파크골프,0,0,1,0,0
C5406,,합덕산업단지 농구장,36.815652,126.749816,,,농구,0,0,0,1,1
C5407,,합덕산업단지 배드민턴장,36.815652,126.749816,,,배드민턴,0,0,0,1,1
C5408,,합덕산업단지테니스장,36.816717,126.749586,,,테니스,0,0,0,1,1
C5409,,합덕체육공원 농구장,36.809073,126.771533,,,농구,0,0,0,1,1
C5410,,해나루장애인파크골프장,36.996657,126.592631,,,파크골프,0,0,1,0,0
C5411,,해나루파크골프장,36.993768,126.590710,,,파크골프,0,0,1,0,0
C5412,,남포창동소규모체육관,36.320081,126.611720,,,생활체육,1,1,0,0,0
C5413,,대천3동 생활체육시설(농구),36.348581,126.608339,,,농구,0,0,0,1,1
C5414,,대천천 롤러스케이트장(동대배수펌프장옆),36.351866,126.603162,,,롤러,0,0,0,1,1
C5415,,대천천 청소년농구장,36.349083,126.600956,,,농구,0,0,0,1,1
C5416,,대천천변 그라운드골프장(태영아파트 앞),36.345822,126.593831,,,골프,0,0,1,0,1
C5417,,대천체육관,36.356646,126.606498,,,생활체육,1,1,0,0,0
C5418,,대천파크골프장,36.345007,126.594077,,,파크골프,0,0,1,0,0
C5419,,보령국민체육센터(보령국민체육센터수영장),36.313759,126.603930,,,수영,0,1,1,1,0
C5420,,보령배드민턴구장,36.344114,126.609913,,,배드민턴,0,0,0,1,1
C5421,,보령시복싱체육관,36.356522,126.605777,,,생활체육,1,1,0,0,0
C5422,,보령정,36.313198,126.605358,,,국궁,1,0,1,0,0
C5423,,보령종합체육관,36.315033,126.604073,,,생활체육,1,1,0,0,0
C5424,,보령테니스장(종합운동장),36.313905,126.603898,,,테니스,0,0,0,1,1
C5425,,보령파크골프장,36.227806,126.595576,,,파크골프,0,0,1,0,0
C5426,,웅천 테니스장,36.235110,126.597155,,,테니스,0,0,0,1,1
C5427,,주산면소규모체육관,36.198361,126.631702,,,생활체육,1,1,0,0,0
C5428,,죽정동 테니스장,36.363225,126.610639,,,테니스,0,0,0,1,1
C5429,,한내그라운드골프장,36.355866,126.606166,,,골프,0,0,1,0,1
C5430,,그라운드골프장,36.277898,126.899164,,,골프,0,0,1,0,1
C5431,,내산면다목적체육관,36.274857,126.780526,,,생활체육,1,1,0,0,0
C5432,,마레트골프장,36.278666,126.903684,,,골프,0,0,1,0,1
C5433,,부여국민체육센터,36.277634,126.864508,,,생활체육,1,1,0,0,0
C5434,,부여군민체육관,36.277364,126.913902,,,생활체육,1,1,0,0,0
C5435,,부여파크골프장,36.273006,126.897511,,,파크골프,0,0,1,0,0
C5436,,옥산면다목적체육관,36.191507,126.733440,,,생활체육,1,1,0,0,0
C5437,,은산면체육회관,36.309901,126.854153,,,생활체육,1,1,0,0,0
C5438,,종합운동장테니스장,36.277634,126.864508,,,테니스,0,0,0,1,1
C5439,,서산국궁장,36.804493,126.438231,,,국궁,1,0,1,0,0
C5440,,서산국민체육센터,36.798446,126.435509,,,생활체육,1,1,0,0,0
C5441,,서산국민체육센터수영장,36.798446,126.435509,,,수영,0,1,1,1,0
C5442,,서산시민체육관,36.797863,126.436695,,,생활체육,1,1,0,0,0
C5443,,서산종합운동장 테니스장,36.797398,126.436882,,,테니스,0,0,0,1,1
C5444,,서산파크골프장,36.740223,126.465512,,,파크골프,0,0,1,0,0
C5445,,서산학생수영장,36.787376,126.442340,,,수영,0,1,1,1,0
C5446,,역천파크골프장,36.808486,126.585145,,,파크골프,0,0,1,0,0
C5447,,복지타운파크골프장,36.111746,126.655904,,,파크골프,0,0,1,0,0
C5448,,사곡근린테니스장,36.088990,126.689904,,,테니스,0,0,0,1,1
C5449,,서천 종합운동장 테니스장,36.057863,126.664357,,,테니스,0,0,0,1,1
C5450,,서천국민체육센터,36.059453,126.664749,,,생활체육,1,1,0,0,0
C5451,,서천국민체육센터 보조체육관(충남태권도전당),36.059452,126.664749,,,생활체육,1,1,0,0,0
C5452,,서천군 생활체육센터,36.057863,126.664357,,,생활체육,1,1,0,0,0
C5453,,서천군민체육관 본동(1동),36.016481,126.685697,,,생활체육,1,1,0,0,0
C5454,,서천군민체육관 역도훈련장(5동),36.016481,126.685697,,,웨이트,1,1,0,0,0
C5455,,서천군생활체육관,36.088135,126.687426,,,생활체육,1,1,0,0,0
C5456,,서천농어촌복합체육시설,36.088158,126.689752,,,생활체육,1,1,0,0,0
C5457,,서천다목적체육관,36.059452,126.664749,,,생활체육,1,1,0,0,0
C5458,,서천실내육상훈련장,36.057986,126.663064,,,웨이트,1,1,0,0,0
C5459,,서천씨름연습장,36.056670,126.664250,,,씨름,1,0,0,0,1
C5460,,서천정,36.059844,126.665605,,,국궁,1,0,1,0,0
C5461,,장항테니스장,36.020882,126.702216,,,테니스,0,0,0,1,1
C5462,,한산모시체육관,36.081620,126.806696,,,생활체육,1,1,0,0,0
C5463,,(이순신종합운동장)복합스포츠센터,36.768875,127.022374,,,생활체육,1,1,0,0,0
C5464,,강변테니스장,36.795164,127.042747,,,테니스,0,0,0,1,1
C5465,,곡교천 그라운드골프장,36.796930,126.991059,,,골프,0,0,1,0,1
C5466,,곡교천 파크골프장,36.796963,127.012693,,,파크골프,0,0,1,0,0
C5467,,도고면 신언리 파크골프장 825 야외운동기구,36.756795,126.870919,,,파크골프,0,0,1,0,0
C5468,,둔포국민체육센터,36.918573,127.058850,,,생활체육,1,1,0,0,0
C5469,,둔포체육공원 테니스장,36.497877,127.265434,,,테니스,0,0,0,1,1
C5470,,배미수영장,36.798104,126.977846,,,수영,0,1,1,1,0
C5471,,배방공수스포츠센터,36.774272,127.061570,,,생활체육,1,1,0,0,0
C5472,,배방북수스포츠센터,36.769832,127.074940,,,생활체육,1,1,0,0,0
C5473,,배방정,36.757976,127.094829,,,국궁,1,0,1,0,0
C5474,,신정호 물놀이장,36.771842,126.980334,,,수영,0,1,1,1,0
C5475,,신정호 인공암벽장,36.772610,126.983140,,,클라이밍,1,0,1,0,0
C5476,,아산건강문화센터 체력단련장,36.799925,126.977208,,,웨이트,1,1,0,0,0
C5477,,아산국민체육센터,36.789643,127.029156,,,생활체육,1,1,0,0,0
C5478,,아산국민체육센터 체력단련장,36.789736,127.029339,,,웨이트,1,1,0,0,0
C5479,,아산시노인종합복지관 탁구장,36.782085,126.995115,,,탁구,0,0,0,1,1
C5480,,아산시민체육관,36.779159,126.984901,,,생활체육,1,1,0,0,0
C5481,,아산시평생학습관 체육관,36.770903,126.992161,,,생활체육,1,1,0,0,0
C5482,,아산장애인국민체육센터(구 장애인체육관),36.788790,126.980734,,,생활체육,1,1,0,0,0
C5483,,이순신 파크골프장,36.797163,127.001782,,,파크골프,0,0,1,0,0
C5484,,이순신빙상•체육관,36.769527,127.024462,,,빙상,0,0,0,1,1
C5485,,이순신테니스장,36.771759,127.022787,,,테니스,0,0,0,1,1
C5486,,지산공원 농구장 외 1종,36.788517,127.094473,,,농구,0,0,0,1,1
C5487,,충무정,36.781013,126.996034,,,국궁,1,0,1,0,0
C5488,,탕정실내체육관,36.793635,127.052808,,,생활체육,1,1,0,0,0
C5489,,평생학습관,36.770798,126.992258,,,생활체육,1,1,0,0,0
C5490,,고덕국민체육센터,36.744272,126.705721,,,생활체육,1,1,0,0,0
C5491,,광시국민체육센터,36.552601,126.775398,,,생활체육,1,1,0,0,0
C5492,,내포수암체육공원 농구장,36.669782,126.672897,,,농구,0,0,0,1,1
C5493,,내포수암체육공원 파크골프장,36.669782,126.672897,,,파크골프,0,0,1,0,0
C5494,,덕산복합문화체육센터,36.691916,126.661688,,,생활체육,1,1,0,0,0
C5495,,매헌1체육관,36.676416,126.861019,,,생활체육,1,1,0,0,0
C5496,,매헌2체육관,36.676164,126.861730,,,생활체육,1,1,0,0,0
C5497,,무한천체육공원그라운드골프장,36.682111,126.822316,,,골프,0,0,1,0,1
C5498,,무한천체육공원파크골프장,36.684505,126.822260,,,파크골프,0,0,1,0,0
C5499,,봉산농어촌복합체육센터,36.747552,126.680041,,,생활체육,1,1,0,0,0
C5500,,삽교국민체육센터,36.685621,126.739682,,,생활체육,1,1,0,0,0
C5501,,삽교천체육공원,36.692099,126.737130,,,파크골프,0,0,1,0,0
C5502,,신암국민체육센터,36.734335,126.826726,,,생활체육,1,1,0,0,0
C5503,,예덕정,36.675327,126.860202,,,국궁,1,0,1,0,0
C5504,,예산 1100년 기념관 국민체육센터,36.698755,126.839247,,,수영,0,1,1,1,0
C5505,,예산군테니스장,36.676416,126.861019,,,테니스,0,0,0,1,1
C5506,,윤봉길체육관,36.677010,126.860131,,,생활체육,1,1,0,0,0
C5507,,충남스포츠센터(다목적체육관),36.663358,126.686660,,,생활체육,1,1,0,0,0
C5508,,충남스포츠센터(수영장),36.662765,126.687398,,,수영,0,1,1,1,0
C5509,,거봉정,36.870809,127.206656,,,국궁,1,0,1,0,0
C5510,,병천테니스장,36.761047,127.308722,,,테니스,0,0,0,1,1
C5511,,북부스포츠센터 인라인스케이트장,36.899905,127.132180,,,롤러,0,0,0,1,1
C5512,,성남 테니스장,36.750728,127.252959,,,테니스,0,0,0,1,1
C5513,,성환4공원 테니스장,36.913719,127.134456,,,테니스,0,0,0,1,1
C5514,,신방1공원 인라인스케이트장,36.786700,127.126354,,,롤러,0,0,0,1,1
C5515,,쌍용19공원 인라인스케이트장,36.798105,127.121800,,,롤러,0,0,0,1,1
C5516,,업성 테니스장,36.860392,127.145029,,,테니스,0,0,0,1,1
C5517,,오룡테니스장,36.811120,127.161835,,,테니스,0,0,0,1,1
C5518,,유관순체육관,36.820556,127.115458,,,생활체육,1,1,0,0,0
C5519,,제2산단 테니스장,36.855317,127.122223,,,테니스,0,0,0,1,1
C5520,,천호지체육공원 인라인스케이트장,36.833665,127.172385,,,롤러,0,0,0,1,1
C5521,,초록공원 인라인스케이트장,36.804461,127.121034,,,롤러,0,0,0,1,1
C5522,,풍서천파크골프장,36.722596,127.120389,,,파크골프,0,0,1,0,0
C5523,,건강공원 인라인스케이트장,36.779866,127.130718,,,롤러,0,0,0,1,1
C5524,,관세국경인재개발원 농구장,36.768213,127.292213,,,농구,0,0,0,1,1
C5525,,관세국경인재개발원 실내체육관,36.768213,127.292213,,,생활체육,1,1,0,0,0
C5526,,관세국경인재개발원 테니스장,36.768213,127.292213,,,테니스,0,0,0,1,1
C5527,,관세국경인재개발원 피트니스센터,36.768213,127.292213,,,생활체육,1,1,0,0,0
C5528,,구성동  농구장,36.797666,127.162022,,,농구,0,0,0,1,1
C5529,,도솔광장 인공암벽장,36.824334,127.162963,,,클라이밍,1,0,1,0,0
C5530,,동면다목적체육관,36.778756,127.348753,,,생활체육,1,1,0,0,0
C5531,,아우내체육관,36.760467,127.309227,,,생활체육,1,1,0,0,0
C5532,,우정인재개발원 스포츠센터,36.813966,127.188562,,,생활체육,1,1,0,0,0
C5533,,우정인재개발원 체력단련장,36.813966,127.188562,,,웨이트,1,1,0,0,0
C5534,,우정인재개발원 테니스장,36.813966,127.188562,,,테니스,0,0,0,1,1
C5535,,천안반다비체육센터,36.813587,127.169320,,,생활체육,1,1,0,0,0
C5536,,천안시 배드민턴 체육관,36.782747,127.145422,,,배드민턴,0,0,0,1,1
C5537,,천안신방체육관,36.785389,127.129124,,,생활체육,1,1,0,0,0
C5538,,천안정,36.774332,127.231641,,,국궁,1,0,1,0,0
C5539,,청당2공원 테니스장,36.782779,127.157134,,,테니스,0,0,0,1,1
C5540,,삼곡리 농구장,36.900672,127.185835,,,농구,0,0,0,1,1
C5541,,서북구청 테니스장,36.878715,127.155998,,,테니스,0,0,0,1,1
C5542,,성환체육관,36.897263,127.110657,,,생활체육,1,1,0,0,0
C5543,,쌍용2동 그라운드골프장,36.792799,127.116158,,,골프,0,0,1,0,1
C5544,,입장면 테니스장,36.908270,127.221873,,,테니스,0,0,0,1,1
C5545,,종합운동장 인라인스케이트장,36.819101,127.113305,,,롤러,0,0,0,1,1
C5546,,천궁정,36.831548,127.106794,,,국궁,1,0,1,0,0
C5547,,천안국민체육센터,36.819101,127.113305,,,생활체육,1,1,0,0,0
C5548,,천안도시공사 한들문화센터,36.828034,127.104606,,,수영,0,1,1,1,0
C5549,,천안시북부스포츠센터(북부스포츠센터),36.899772,127.131995,,,수영,0,1,1,1,0
C5550,,천안실내테니스장,36.819101,127.113305,,,테니스,0,0,0,1,1
C5551,,천안실외테니스장,36.819101,127.113305,,,테니스,0,0,0,1,1
C5552,,천안유관순파크골크장,36.831013,127.104011,,,파크골프,0,0,1,0,0
C5553,,농구장,36.444319,126.799316,,,농구,0,0,0,1,1
C5554,,정산 다목적 체육관,36.413057,126.945947,,,생활체육,1,1,0,0,0
C5555,,정산 다목적복지관 국민체육센터,36.413025,126.945541,,,생활체육,1,1,0,0,0
C5556,,정산테니스장,36.403845,126.941083,,,테니스,0,0,0,1,1
C5557,,청양 다목적체육관,36.452884,126.792598,,,생활체육,1,1,0,0,0
C5558,,청양국민체육센터수영장,36.453686,126.794614,,,수영,0,1,1,1,0
C5559,,청양군 국궁장,36.464708,126.791633,,,국궁,1,0,1,0,0
C5560,,청양군문화체육센터,36.451586,126.801128,,,생활체육,1,1,0,0,0
C5561,,청양군민체육관,36.453687,126.794704,,,생활체육,1,1,0,0,0
C5562,,청양군테니스장,36.429358,126.796857,,,테니스,0,0,0,1,1
C5563,,고남실내체육관,36.422572,126.403238,,,생활체육,1,1,0,0,0
C5564,,국민체육센터(수영장),36.754824,126.312721,,,수영,0,1,1,1,0
C5565,,남면국민체육센터,0.000000,0.000000,,,생활체육,1,1,0,0,0
C5566,,안면실내체육관,36.507149,126.345844,,,생활체육,1,1,0,0,0
C5567,,태안군민체육관,36.754324,126.311540,,,생활체육,1,1,0,0,0
C5568,,태안궁도장,36.752798,126.313421,,,국궁,1,0,1,0,0
C5569,,광무정,36.507463,126.634584,,,국궁,1,0,1,0,0
C5570,,광천생활체육공원테니스장,36.507463,126.634584,,,테니스,0,0,0,1,1
C5571,,내포신리체육공원 테니스장,36.648487,126.666262,,,테니스,0,0,0,1,1
C5572,,홍무정,36.608409,126.643312,,,국궁,1,0,1,0,0
C5573,,홍성국민체육센터,36.607011,126.647206,,,생활체육,1,1,0,0,0
C5574,,홍성군장애인스포츠센터,36.608522,126.643479,,,생활체육,1,1,0,0,0
C5575,,홍성반다비수영장,36.608515,126.643474,,,수영,0,1,1,1,0
C5576,,홍주문화체육센터,36.608409,126.643312,,,생활체육,1,1,0,0,0
C5577,,홍주종합경기장 우슈훈련장 및 탁구장,36.608409,126.643312,,,탁구,0,0,0,1,1
C5578,,홍주종합경기장테니스장,36.608409,126.643312,,,테니스,0,0,0,1,1
C5579,,감물다목적체육관,36.837789,127.872617,,,생활체육,1,1,0,0,0
C5580,,괴산국민체육센터,36.814693,127.783476,,,생활체육,1,1,0,0,0
C5581,,괴산군양궁장,36.811863,127.785272,,,양궁,1,0,1,0,0
C5582,,괴산그라운드골프장,36.813353,127.785352,,,골프,0,0,1,0,1
C5583,,괴산문화체육센터,36.813811,127.786107,,,생활체육,1,1,0,0,0
C5584,,괴산반다비국민체육센터,36.799042,127.790187,,,생활체육,1,1,0,0,0
C5585,,괴산파크골프장,36.820677,127.771817,,,파크골프,0,0,1,0,0
C5586,,덕평다목적체육관,36.730484,127.796639,,,생활체육,1,1,0,0,0
C5587,,부흥다목적체육관,36.707363,127.726593,,,생활체육,1,1,0,0,0
C5588,,사호정,36.812292,127.785285,,,국궁,1,0,1,0,0
C5589,,소수다목적체육관,36.853094,127.746264,,,생활체육,1,1,0,0,0
C5590,,송면복합체육센터,36.659544,127.873613,,,생활체육,1,1,0,0,0
C5591,,연풍그라운드골프연습장,36.766369,127.991791,,,골프,0,0,1,0,1
C5592,,연풍씨름장,36.765557,127.999984,,,씨름,1,0,0,0,1
C5593,,정용파크골프장,36.815885,127.772636,,,파크골프,0,0,1,0,0
C5594,,청안반다비국민체육센터,36.773505,127.637501,,,생활체육,1,1,0,0,0
C5595,,농촌문화체육센터,36.986675,128.365304,,,생활체육,1,1,0,0,0
C5596,,단양공설정구장,36.989901,128.367523,,,테니스,0,0,0,1,1
C5597,,단양국궁장,36.980613,128.355192,,,국궁,1,0,1,0,0
C5598,,단양국민체육센터,36.986520,128.364695,,,생활체육,1,1,0,0,0
C5599,,단양다목적체육관,36.987417,128.365049,,,생활체육,1,1,0,0,0
C5600,,단양테니스장,36.982397,128.354032,,,테니스,0,0,0,1,1
C5601,,매포국민체육센터,37.032399,128.296163,,,생활체육,1,1,0,0,0
C5602,,매포체육관,37.032239,128.299013,,,생활체육,1,1,0,0,0
C5603,,결초보은체육관,36.487533,127.723199,,,생활체육,1,1,0,0,0
C5604,,보은국궁장,36.515671,127.759195,,,국궁,1,0,1,0,0
C5605,,보은국민체육센터,36.488194,127.729117,,,생활체육,1,1,0,0,0
C5606,,보은테니스장,36.484649,127.728222,,,테니스,0,0,0,1,1
C5607,,스포츠파크 씨름연습장,36.484155,127.731073,,,씨름,1,0,0,0,1
C5608,,체육회관,36.484158,127.730646,,,생활체육,1,1,0,0,0
C5609,,그라운드골프돔구장,36.181648,127.767624,,,골프,0,0,1,0,1
C5610,,남성리 그라운드골프장,36.230988,127.906099,,,골프,0,0,1,0,1
C5611,,농구장(보강천체육공원),36.787983,127.580161,,,농구,0,0,0,1,1
C5612,,농구장(생활체육공원),36.788417,127.570796,,,농구,0,0,0,1,1
C5613,,대교테니스장,36.787983,127.580161,,,테니스,0,0,0,1,1
C5614,,문화체육센터,36.164976,127.783299,,,생활체육,1,1,0,0,0
C5615,,반다비체육센터,36.165000,127.789772,,,생활체육,1,1,0,0,0
C5616,,반탄정구장,36.785093,127.572220,,,테니스,0,0,0,1,1
C5617,,보강천 파크골프장,36.784420,127.571026,,,파크골프,0,0,1,0,0
C5618,,삼보정,36.782500,127.568101,,,국궁,1,0,1,0,0
C5619,,실내테니스장,36.164976,127.783299,,,테니스,0,0,0,1,1
C5620,,실외테니스장,36.165886,127.783300,,,테니스,0,0,0,1,1
C5621,,영동국민체육건강센터,36.166345,127.771520,,,웨이트,1,1,0,0,0
C5622,,영동국민체육건강센터(수영장),36.166345,127.771520,,,수영,0,1,1,1,0
C5623,,영동군민소프트테니스장,36.182735,127.767379,,,테니스,0,0,0,1,1
C5624,,영동군민탁구장,36.172096,127.780515,,,탁구,0,0,0,1,1
C5625,,영동체육관,36.164015,127.781947,,,생활체육,1,1,0,0,0
C5626,,영무정,36.165957,127.781570,,,국궁,1,0,1,0,0
C5627,,용문중 체육관,36.265309,127.823531,,,생활체육,1,1,0,0,0
C5628,,인라인스케이트장,36.787983,127.580161,,,롤러,0,0,0,1,1
C5629,,증평 파크골프장,36.785642,127.566253,,,파크골프,0,0,1,0,0
C5630,,증평국민체육센터,36.787775,127.572481,,,수영,0,1,1,1,0
C5631,,증평그라운드골프장,36.788417,127.570796,,,골프,0,0,1,0,1
C5632,,증평인삼씨름훈련장,36.787454,127.571806,,,씨름,1,0,0,0,1
C5633,,증평종합스포츠센터,36.787277,127.572847,,,생활체육,1,1,0,0,0
C5634,,추풍령간이골프연습장,36.217745,128.002712,,,골프,0,0,1,0,1
C5635,,관성정,36.300624,127.544414,,,국궁,1,0,1,0,0
C5636,,옥천공설그라운드골프장,36.305858,127.579001,,,골프,0,0,1,0,1
C5637,,옥천공설정구장,36.303073,127.575805,,,테니스,0,0,0,1,1
C5638,,옥천국민체육센터,36.306267,127.578011,,,수영,0,1,1,1,0
C5639,,옥천문정리그라운드골프장,36.304452,127.575742,,,골프,0,0,1,0,1
C5640,,옥천반다비체육센터,36.306586,127.567544,,,생활체육,1,1,0,0,0
C5641,,옥천생활체육관,36.304017,127.575086,,,생활체육,1,1,0,0,0
C5642,,옥천읍테니스장,36.306571,127.574624,,,테니스,0,0,0,1,1
C5643,,옥천중앙공원소프트테니스장,36.294905,127.572713,,,테니스,0,0,0,1,1
C5644,,옥천체육센터,36.303074,127.575807,,,생활체육,1,1,0,0,0
C5645,,청산정,36.336743,127.767185,,,국궁,1,0,1,0,0
C5646,,가섭정,36.965560,127.678396,,,국궁,1,0,1,0,0
C5647,,감곡생활체육공원 테니스장,37.106330,127.648607,,,테니스,0,0,0,1,1
C5648,,금빛체육센터,36.983561,127.573875,,,생활체육,1,1,0,0,0
C5649,,금왕체육공원테니스장,36.993728,127.604295,,,테니스,0,0,0,1,1
C5650,,대소국민체육센터,36.973588,127.487258,,,생활체육,1,1,0,0,0
C5651,,맹동혁신국민체육센터,36.910712,127.541914,,,생활체육,1,1,0,0,0
C5652,,삼성생활체육공원체육관,37.023630,127.491578,,,생활체육,1,1,0,0,0
C5653,,삼성생활체육공원테니스장,37.023630,127.491578,,,테니스,0,0,0,1,1
C5654,,음성 반다비국민체육센터,36.924528,127.681406,,,생활체육,1,1,0,0,0
C5655,,음성실내체육관,36.931512,127.686649,,,생활체육,1,1,0,0,0
C5656,,음성테니스장,36.931550,127.686661,,,테니스,0,0,0,1,1
C5657,,전천후정구테니스장,36.931550,127.686661,,,테니스,0,0,0,1,1
C5658,,고암생활체육공원,37.154581,128.220087,,,테니스,0,0,0,1,1
C5659,,금성면 구룡리 테니스장,37.062725,128.165611,,,테니스,0,0,0,1,1
C5660,,남부생활체육공원,37.116355,128.204496,,,테니스,0,0,0,1,1
C5661,,동탄물류단지 배드민턴장,37.128254,128.166758,,,배드민턴,0,0,0,1,1
C5662,,명지국민체육센터,37.116355,128.204496,,,생활체육,1,1,0,0,0
C5663,,배드민턴체육관,37.145768,128.200361,,,배드민턴,0,0,0,1,1
C5664,,백운면 복지센터 테니스장,37.139835,128.021379,,,테니스,0,0,0,1,1
C5665,,신백생활체육공원,37.129670,128.228789,,,테니스,0,0,0,1,1
C5666,,어울림체육센터,37.130649,128.229934,,,생활체육,1,1,0,0,0
C5667,,에콜리안골프장,37.172930,128.238316,,,골프,0,0,1,0,1
C5668,,의림정,37.180069,128.204458,,,국궁,1,0,1,0,0
C5669,,제천 그라운드골프경기장,37.129883,128.230010,,,골프,0,0,1,0,1
C5670,,제천 인라인경기장,37.129883,128.230010,,,롤러,0,0,0,1,1
C5671,,제천국민체육센터,37.172927,128.192783,,,생활체육,1,1,0,0,0
C5672,,제천시 탁구전용구장,37.172970,128.191876,,,탁구,0,0,0,1,1
C5673,,제천올림픽스포츠센터,37.130876,128.215993,,,생활체육,1,1,0,0,0
C5674,,제천올림픽스포츠센터수영장,37.130877,128.215994,,,수영,0,1,1,1,0
C5675,,제천정구장,37.130891,128.215161,,,테니스,0,0,0,1,1
C5676,,제천체육관,37.130891,128.215161,,,생활체육,1,1,0,0,0
C5677,,제천테니스장,37.118062,128.173947,,,테니스,0,0,0,1,1
C5678,,중전 파크골프장,37.058039,128.186855,,,파크골프,0,0,1,0,0
C5679,,청전 그라운드 골프장,37.145307,128.201123,,,골프,0,0,1,0,1
C5680,,하소생활체육공원,37.143011,128.195415,,,테니스,0,0,0,1,1
C5681,,증평생활체육관,36.792813,127.585195,,,생활체육,1,1,0,0,0
C5682,,국가공무원인재개발원 실내체육관,36.894398,127.536061,,,생활체육,1,1,0,0,0
C5683,,국가공무원인재개발원 체력단련장,36.894398,127.536061,,,웨이트,1,1,0,0,0
C5684,,국가공무원인재개발원 탁구장,36.894398,127.536061,,,탁구,0,0,0,1,1
C5685,,국가공무원인재개발원 테니스장,36.894398,127.536061,,,테니스,0,0,0,1,1
C5686,,법무연수원 진천본원 교정테니스장,36.899376,127.548153,,,테니스,0,0,0,1,1
C5687,,법무연수원 진천본원 실내체육관,36.899376,127.548153,,,생활체육,1,1,0,0,0
C5688,,법무연수원 진천본원 테니스장,36.899376,127.548153,,,테니스,0,0,0,1,1
C5689,,진천국민체육센터,36.848265,127.441106,,,수영,0,1,1,1,0
C5690,,진천선수촌 개선관,36.974262,127.426545,,,생활체육,1,1,0,0,0
C5691,,진천선수촌 다목적체육관,36.975200,127.422267,,,생활체육,1,1,0,0,0
C5692,,진천선수촌 다목적필드,36.974262,127.426545,,,골프,0,0,1,0,1
C5693,,진천선수촌 빙상장,36.974262,127.426545,,,빙상,0,0,0,1,1
C5694,,진천선수촌 수영센터,36.974186,127.423362,,,수영,0,1,1,1,0
C5695,,진천선수촌 실내테니스장,36.981540,127.423133,,,테니스,0,0,0,1,1
C5696,,진천선수촌 양궁장(실내),36.974262,127.426545,,,양궁,1,0,1,0,0
C5697,,진천선수촌 양궁장(실외),36.974262,127.426545,,,양궁,1,0,1,0,0
C5698,,진천선수촌 오륜관,36.974262,127.426545,,,생활체육,1,1,0,0,0
C5699,,진천선수촌 웨이트트레이닝센터,36.974262,127.426546,,,웨이트,1,1,0,0,0
C5700,,진천선수촌 테니스/정구장,36.981868,127.422225,,,테니스,0,0,0,1,1
C5701,,진천선수촌 필승관,36.974262,127.426545,,,생활체육,1,1,0,0,0
C5702,,화랑관,36.849552,127.440136,,,생활체육,1,1,0,0,0
C5703,,화랑정,36.841410,127.377051,,,국궁,1,0,1,0,0
C5704,,가락근린공원 배드민턴장,36.673235,127.392172,,,배드민턴,0,0,0,1,1
C5705,,김수녕양궁장,36.626513,127.526931,,,양궁,1,0,1,0,0
C5706,,꿈나무어린이공원 배드민턴장,36.607296,127.509659,,,배드민턴,0,0,0,1,1
C5707,,내수국궁장(약수정),36.695729,127.557208,,,국궁,1,0,1,0,0
C5708,,배드민턴·태권도장,36.640114,127.471427,,,배드민턴,0,0,0,1,1
C5709,,수곡1동 배드민턴장 동네체육시설,36.618745,127.479310,,,배드민턴,0,0,0,1,1
C5710,,"양청공원 농구장, 인라인스케이트장, 배드민턴장",36.711745,127.422824,,,롤러,0,0,0,1,1
C5711,,영우리어린이공원 배드민턴장,36.619689,127.505861,,,배드민턴,0,0,0,1,1
C5712,,영운동6)수영교 주변 동네체육시설(영운동215-75),36.615680,127.496941,,,수영,0,1,1,1,0
C5713,,영운동8)수영소공원 동네체육시설(영운동 215-134),36.615636,127.496315,,,수영,0,1,1,1,0
C5714,,오송국민체육센터,36.624295,127.311821,,,수영,0,1,1,1,0
C5715,,오창스포츠센터,36.743217,127.455054,,,생활체육,1,1,0,0,0
C5716,,중앙공원 그라운드골프,36.714856,127.418530,,,골프,0,0,1,0,1
C5717,,중앙공원 배드민턴장,36.714856,127.418530,,,배드민턴,0,0,0,1,1
C5718,,청남교소공원 농구장,36.623787,127.491393,,,농구,0,0,0,1,1
C5719,,청주국궁장(우암정),36.644510,127.495899,,,국궁,1,0,1,0,0
C5720,,청주국제테니스장,36.630014,127.512505,,,테니스,0,0,0,1,1
C5721,,청주롤러스케이트장,36.640979,127.469661,,,롤러,0,0,0,1,1
C5722,,청주솔밭정구장,36.646627,127.434941,,,테니스,0,0,0,1,1
C5723,,청주실내수영장,36.640979,127.469661,,,수영,0,1,1,1,0
C5724,,청주인공암벽장,36.733367,127.528888,,,클라이밍,1,0,1,0,0
C5725,,청주체육관,36.637858,127.472344,,,생활체육,1,1,0,0,0
C5726,,호미골체육공원골프연습장,36.631347,127.515961,,,골프,0,0,1,0,1
C5727,,호수공원 파크골프장,36.632337,127.324871,,,파크골프,0,0,1,0,0
C5728,,가덕생활체육공원인라인스케이트장,36.548083,127.550836,,,롤러,0,0,0,1,1
C5729,,교통공원 배드민턴장,36.617919,127.512063,,,배드민턴,0,0,0,1,1
C5730,,금천배수지 농구장,36.625570,127.510767,,,농구,0,0,0,1,1
C5731,,금천배수지 씨름장,36.629242,127.510210,,,씨름,1,0,0,0,1
C5732,,낭성면 건강증진센터 체력단련장,36.622049,127.603376,,,웨이트,1,1,0,0,0
C5733,,망골공원 인라인스케이트장,36.610972,127.503061,,,롤러,0,0,0,1,1
C5734,,영운국민체육센터,36.497877,127.265434,,,수영,0,1,1,1,0
C5735,,원봉공원 배드민턴장,36.611289,127.514197,,,배드민턴,0,0,0,1,1
C5736,,중흥공원 배드민턴장,36.614180,127.505555,,,배드민턴,0,0,0,1,1
C5737,,청주국민체육센터 및 스쿼시 경기장(국민체육센터 및 스쿼시경기장),36.620849,127.546281,,,생활체육,1,1,0,0,0
C5738,,청주유도회관,36.626906,127.524286,,,생활체육,1,1,0,0,0
C5739,,충북체육회관체육관,36.603028,127.505554,,,생활체육,1,1,0,0,0
C5740,,한아름어린이공원 배드민턴장,36.615176,127.502829,,,배드민턴,0,0,0,1,1
C5741,,호미골 체육공원 농구장,36.631304,127.515962,,,농구,0,0,0,1,1
C5742,,호미골 체육공원 배드민턴장,36.631304,127.515962,,,배드민턴,0,0,0,1,1
C5743,,남궁유도회관,36.637858,127.472344,,,생활체육,1,1,0,0,0
C5744,,남이면다목적체육관,36.532433,127.426865,,,생활체육,1,1,0,0,0
C5745,,매봉공원 배드민턴장,36.618262,127.477145,,,배드민턴,0,0,0,1,1
C5746,,불무공원 농구장,36.618242,127.447633,,,농구,0,0,0,1,1
C5747,,비전공원 농구장,36.614349,127.493150,,,농구,0,0,0,1,1
C5748,,비전공원 배드민턴장,36.614368,127.493128,,,배드민턴,0,0,0,1,1
C5749,,올림픽기념국민생활관,36.640979,127.469661,,,생활체육,1,1,0,0,0
C5750,,원마루공원 농구장,36.606994,127.493808,,,농구,0,0,0,1,1
C5751,,장전공원 배드민턴장,36.616624,127.453548,,,배드민턴,0,0,0,1,1
C5752,,충북스포츠센터,36.638778,127.472157,,,생활체육,1,1,0,0,0
C5753,,내덕생활체육공원 그라운드골프장,36.662757,127.494817,,,골프,0,0,1,0,1
C5754,,내덕생활체육공원 농구장,36.662757,127.494817,,,농구,0,0,0,1,1
C5755,,내덕생활체육공원 배드민턴장,36.662757,127.494817,,,배드민턴,0,0,0,1,1
C5756,,내덕생활체육공원 인라인스케이트장,36.662757,127.494817,,,롤러,0,0,0,1,1
C5757,,내덕생활체육공원 테니스장,36.662757,127.494817,,,테니스,0,0,0,1,1
C5758,,내수국민체육센터,36.725554,127.540252,,,수영,0,1,1,1,0
C5759,,내수생활체육공원,36.733028,127.526720,,,생활체육,1,1,0,0,0
C5760,,내수읍그라운드골프장,36.704382,127.540515,,,골프,0,0,1,0,1
C5761,,마로니에시공원 농구장,36.672735,127.492805,,,농구,0,0,0,1,1
C5762,,삼정어린이공원 배드민턴장,36.669089,127.491844,,,배드민턴,0,0,0,1,1
C5763,,오창양궁연습장,36.723844,127.439077,,,양궁,1,0,1,0,0
C5764,,율봉근린공원 배드민턴장,36.665436,127.502181,,,배드민턴,0,0,0,1,1
C5765,,장애인스포츠센터및근대5종훈련장,36.678739,127.478062,,,생활체육,1,1,0,0,0
C5766,,중앙공원 테니스장,36.714972,127.417402,,,테니스,0,0,0,1,1
C5767,,청북어린이공원 배드민턴장,36.659071,127.479453,,,배드민턴,0,0,0,1,1
C5768,,청주실내빙상장,36.679494,127.477262,,,빙상,0,0,0,1,1
C5769,,가경공원 미니골프장,36.611746,127.436639,,,골프,0,0,1,0,1
C5770,,강내생활체육공원테니스장,36.625149,127.354789,,,테니스,0,0,0,1,1
C5771,,경산근린공원 테니스장,36.625066,127.439690,,,테니스,0,0,0,1,1
C5772,,꽃재근린공원 테니스장,36.619995,127.439060,,,테니스,0,0,0,1,1
C5773,,만수공원 농구장,36.632781,127.331711,,,농구,0,0,0,1,1
C5774,,만수공원 배드민턴장,36.632781,127.331711,,,배드민턴,0,0,0,1,1
C5775,,민들레어린이공원 배드민턴장,36.642266,127.464020,,,배드민턴,0,0,0,1,1
C5776,,백봉근린공원 배드민턴장,36.647800,127.459077,,,배드민턴,0,0,0,1,1
C5777,,복대국민체육센터,36.643583,127.432712,,,수영,0,1,1,1,0
C5778,,봉산공원 인라인스케이트장,36.630246,127.332063,,,롤러,0,0,0,1,1
C5779,,생명과학단지 체력단련장,36.642601,127.335498,,,웨이트,1,1,0,0,0
C5780,,생명과학단지 테니스장,36.639246,127.327235,,,테니스,0,0,0,1,1
C5781,,쌍청공원 배드민턴장,36.639246,127.327235,,,배드민턴,0,0,0,1,1
C5782,,연초근린공원 배드민턴장,36.641023,127.437679,,,배드민턴,0,0,0,1,1
C5783,,옥산면 옥산생활체육관,36.665355,127.367165,,,생활체육,1,1,0,0,0
C5784,,옥산생활체육공원 테니스장,36.666280,127.365725,,,테니스,0,0,0,1,1
C5785,,푸르미스포츠센터,36.622957,127.404541,,,생활체육,1,1,0,0,0
C5786,,풍년골근린공원 배드민턴장,36.629741,127.433288,,,배드민턴,0,0,0,1,1
C5787,,하복대근린공원 농구장,36.640068,127.426427,,,농구,0,0,0,1,1
C5788,,하복대근린공원 배드민턴장(다목적공간),36.640068,127.426427,,,배드민턴,0,0,0,1,1
C5789,,서충주국민체육센터,37.016686,127.822640,,,생활체육,1,1,0,0,0
C5790,,소태 오량리 생활체육장(테니스장),37.109806,127.847460,,,테니스,0,0,0,1,1
C5791,,수안보다목적체육관,36.843277,127.988378,,,생활체육,1,1,0,0,0
C5792,,수안보인공암벽장,36.842274,127.998412,,,클라이밍,1,0,1,0,0
C5793,,장애인론볼및테니스장,36.958004,127.884992,,,테니스,0,0,0,1,1
C5794,,장애인형국민체육센터(충주시 장애인형국민체육센터),36.959146,127.911426,,,생활체육,1,1,0,0,0
C5795,,충주국민체육센터수영장,36.931632,127.691713,,,수영,0,1,1,1,0
C5796,,충주시클린에너지파크(주민편익시설동),36.941164,127.848191,,,수영,0,1,1,1,0
C5797,,충주시클린에너지파크테니스장,36.941164,127.848191,,,테니스,0,0,0,1,1
C5798,,충주체육관,36.981786,127.936074,,,생활체육,1,1,0,0,0
C5799,,탄금 궁도장,36.988252,127.898291,,,국궁,1,0,1,0,0
C5800,,탄금소프트테니스장,36.983910,127.903306,,,테니스,0,0,0,1,1
C5801,,탄금테니스장,36.983910,127.903306,,,테니스,0,0,0,1,1
C5802,,탄금힐링레포츠파크,36.984827,127.904626,,,롤러,0,0,0,1,1
C5803,,호암제2체육관,36.962392,127.926638,,,생활체육,1,1,0,0,0
C5804,,호암체육관,36.962719,127.926906,,,생활체육,1,1,0,0,0
